promoter,gc,rep,cv,cv_smooth,entropy,entropy_smooth,classification
araBp,29,2,5.105271137567325,1.9385261200043016,4.787686417797376,6.292157395977364,1
mglBp,9,2,4.80180226917971,1.7753730884648102,4.960044300770058,6.371063715601949,1
araBp,41,2,4.6145318174676255,1.6765684207088583,5.1000204187536,6.498607784143883,1
araBp,9,2,4.6042401505067,1.7202449710628256,5.004471069755292,6.446054373807956,1
araBp,13,2,4.586131683571824,1.6714785190962642,5.070242667372465,6.494204863062844,1
araBp,29,1,4.5858841009154805,1.6928006318856212,4.989819091205973,6.459541990893294,1
mglBp,23,2,4.525961911121276,1.706646996543228,4.930931327022839,6.405429640413225,1
araBp,23,1,4.477915342970779,1.6493673063403609,5.124163672724759,6.519524142445662,1
araBp,34,1,4.469008165605256,1.614800517475824,5.028546812487081,6.521697765081127,1
ldrDp,15,3,4.386287314641889,1.61838947866706,5.078409963256995,6.49118880868035,1
ldrDp,14,3,4.2723789606587586,1.5832212667982601,5.060165573427001,6.463600804857337,1
mglBp,23,1,4.263317306423648,1.5778402494625525,5.160741435687239,6.523084894579117,1
hdeAp2,13,1,4.2290738276677535,1.7972186808518038,5.104587707332783,6.322187421832363,1
araBp,23,2,4.13983312507136,1.5858932496982112,5.2345313692618145,6.535235629074979,1
araBp,41,1,4.090365269646389,1.5433021803887939,5.202696632749313,6.570516471076427,1
ldrDp,7,2,3.965507604462822,1.5201523834696586,5.2571255662649925,6.540499879813052,1
pheMp,7,2,3.954114408671441,1.6215312649492366,5.174661416157182,6.415354385724511,1
yahC_predicted,9,2,3.9044004462048707,1.6739365133153252,5.12205401932003,6.364433908682294,1
ldrDp,25,3,3.888969242776405,1.625288635986065,5.228781480105319,6.446079059955564,1
ompFp,25,3,3.8858061697773145,1.7702902880581115,5.017366471972263,6.187441486882032,1
araBp,40,3,3.87097200921015,1.4140058661192134,5.365871079887365,6.669947707951542,1
ompFp,36,1,3.8658437764453013,1.756751769339475,5.052906667446443,6.217021426814801,1
hdeAp2,13,3,3.8550701751309786,1.8216423761879714,5.072279371407726,6.2461168484635925,1
ihfAp4,15,2,3.8468416794114844,2.186844865416332,4.489420829146381,5.690155900151773,2
ihfAp4,36,2,3.8452908258665413,2.185250186690552,4.51106056571995,5.677336029056259,2
ihfAp4,14,3,3.8268148249148,2.1302958027527894,4.526738781235474,5.745437981838761,2
ldrDp,21,2,3.7973991933293045,1.4304169189757296,5.271892794843821,6.632155696052902,1
xylAp,9,2,3.788313364345424,1.4805093793342035,5.2787033475403415,6.546102849706863,1
araBp,18,1,3.7763016252437582,1.3884741991258551,5.314057318754477,6.651994721961176,1
ldrDp,40,3,3.7639425739162733,1.323407267637497,5.099034428116957,6.619526649819482,1
ihfAp4,14,1,3.7567653026418637,2.029130752363265,4.725631438625467,5.907605893061695,1
hdeAp2,40,3,3.7344359997883116,1.7345632903237034,5.06119044619642,6.265843766669539,1
ihfAp4,4,3,3.724404194484885,2.100412365436198,4.628114498792518,5.8284940056638455,2
ihfAp4,11,2,3.721767028829599,2.0415632121937555,4.6301044567666505,5.878930921609426,2
ihfAp4,15,3,3.718177508811834,2.0630644593665988,4.5926181938626085,5.797812342116329,2
ihfAp4,40,2,3.7166306445346,2.127136388194673,4.692485882394848,5.807824829578059,2
hdeAp2,14,2,3.7014840202699646,1.749954920450097,5.087330772129654,6.2758875365327285,1
xylAp,23,1,3.6990142885106283,1.3806722655739498,5.28538313299558,6.617973174997835,1
hdeAp2,32,2,3.695030031311818,1.709365963783333,5.1613412412610185,6.315276732621003,1
ihfAp4,36,1,3.689826021458119,2.0850246610922727,4.656250067409424,5.78341154348648,2
galEp1,36,2,3.673905638196253,2.2088558869156394,4.720484103557423,5.700528274049002,2
yahC_predicted,23,2,3.6652944244714782,1.5533610211338857,5.255568340099679,6.481557204526315,1
galEp1,33,2,3.6604510551092835,2.015654126440883,4.8943427548957015,5.858371563755913,2
ihfAp4,41,1,3.6554613836478884,2.094355773567104,4.700453501450498,5.820172446435054,2
ompFp,25,1,3.6551471574484125,1.728142037421397,5.133174688564203,6.233290631966139,1
hdeAp2,29,2,3.6529351420334275,1.6605263177169878,5.174609845946446,6.3049188515377335,1
xylAp,29,2,3.649505228251849,1.3876990373300098,5.341351494668878,6.615219272072797,1
galEp1,40,2,3.645304676056993,2.033013217202551,4.824107007428096,5.896905660250669,2
ihfAp4,4,2,3.6443315486013104,2.0320172014920646,4.623924306712578,5.8579724604506485,2
araBp,37,1,3.6440999846263082,1.3745145477886394,5.37947532041232,6.653965382844017,1
hdeAp2,29,1,3.643827434139007,1.6549306123074614,5.200493674068774,6.337871636264673,1
hdeAp2,37,2,3.6384954377329293,1.7054321626757094,5.175409452724309,6.306748074004274,1
xylAp,41,2,3.63565047605422,1.3348821587800714,5.34389336668314,6.652176167579543,1
ihfAp4,14,2,3.6297212828842373,2.0581046756019967,4.689984437838214,5.856652104301921,2
galEp1,41,1,3.6225279949121325,1.9538031529383708,4.8025847612235975,5.9455298625067075,2
galEp1,15,3,3.616511442999339,2.102155949462267,4.743741560021292,5.775489547941895,2
ihfAp4,21,2,3.610757779103937,2.070754451319696,4.704933104499338,5.805024104142799,2
ihfAp4,28,1,3.6072141262636155,1.9942665440414369,4.756301809649825,5.929449820113654,2
hdeAp2,13,2,3.5950270295725235,1.7117200052385644,5.093741180648338,6.261183083601805,1
tolCp4,33,1,3.588238200618208,1.4994082893529341,5.320065787913379,6.476765685044217,1
ihfAp4,17,2,3.583956625934607,1.9316539277720979,4.783780807106361,5.971105116000756,2
yahC_predicted,23,1,3.5803675357395877,1.5837359341782553,5.3813657536767465,6.419376409841614,1
galEp1,41,2,3.5791835874030467,2.0574152106268846,4.795431971624544,5.849208775492489,2
ihfAp4,34,2,3.576803129273014,2.083192199365604,4.774406813872009,5.836751461056274,2
araBp,34,2,3.5767387321515782,1.3425444699681002,5.458216265399706,6.698407672634939,1
ihfAp4,41,2,3.5690495575165846,2.0505978086281025,4.719639415799252,5.842385149785434,2
hdeAp2,41,1,3.562077839760622,1.6598225793971875,5.280451271868622,6.346908135027909,1
ihfAp4,21,1,3.5596629417280528,2.0167695486487425,4.740465822870404,5.887407636748169,2
ihfAp4,33,2,3.552317148822431,1.9931460680798523,4.79574197319087,5.9425633404327245,2
hdeAp2,31,1,3.5471429080177828,1.5700741710424735,5.212132171626917,6.376523648236036,1
mglBp,34,1,3.5426234463403095,1.31373453592868,5.336969736244903,6.661266849893363,1
hdeAp2,37,1,3.5408257493394366,1.6169558421811896,5.27019965769833,6.4218787241960555,1
ihfAp4,35,2,3.5390601625397475,2.041200362423934,4.73091903213254,5.87265382623725,2
ompFp,8,1,3.5304439746444225,1.7408567560135462,5.130906643552395,6.2013253698566135,1
hdeAp2,40,1,3.5277067610902315,1.71354611951597,5.190350852375622,6.286707048129024,1
hdeAp2,10,2,3.5276249126220978,1.6314656003927868,5.286330070374033,6.37565396321021,1
hdeAp2,12,1,3.5267306394953586,1.626652985832844,5.327559287620344,6.401091475956019,1
cpxRp2,41,2,3.525376036406115,1.4416341579400105,5.426009021963225,6.604114102218999,1
galEp1,14,3,3.5249346725019657,2.0990048444736784,4.839636047813853,5.797402025597746,2
ompFp,7,2,3.522405663881069,1.750485512866511,5.086268923641505,6.169531891440755,1
ihfAp4,11,1,3.52216788001842,2.0015124453477955,4.776880414352628,5.905969228995431,2
yadE_predicted,9,2,3.517595449927908,1.7025791822252412,5.119255359425199,6.24795738103426,1
ihfAp4,32,2,3.515116663054714,2.0229628127110355,4.736995727503057,5.864227342474816,2
yahC_predicted,29,2,3.5150493670675833,1.7120845928691357,5.2512861926258605,6.344640700092387,1
cpxRp2,23,2,3.5150377877551753,1.4332095788079318,5.473541126567984,6.602079036772009,1
ihfAp4,2,1,3.514898299279183,2.0223303716064014,4.7769468711807646,5.882687272938644,2
hdeAp2,35,2,3.5095971933543333,1.674756402798498,5.170309589994243,6.320582225322283,1
mglBp,29,1,3.5071088500327927,1.2904589466715484,5.3330408003743965,6.650538601347374,1
ihfAp4,37,2,3.506439279721201,1.9664921801368656,4.7187397675462535,5.908327471009038,2
hdeAp2,18,1,3.49797943155195,1.7007869413348535,5.240129519735902,6.297262376705568,1
ihfAp4,3,2,3.497152369445406,1.9498489093987186,4.725302870128268,5.898761534146136,2
gyrAp,23,1,3.4960392782551515,2.2934101880878934,4.732446024582687,5.564628076699421,2
ihfAp4,40,3,3.491686543621584,2.044727559412099,4.7487100445147075,5.8557522610621655,2
ihfAp4,18,2,3.4890012354523163,2.0169551165761503,4.782970955093511,5.90447523862133,2
ihfAp4,34,1,3.485349996451353,2.025300307625164,4.8131800935210105,5.876151153042709,2
ihfAp4,23,2,3.484432583788608,2.0619768365237072,4.818478294610529,5.82165425522375,2
ompFp,36,2,3.4843588138132437,1.8120641704725144,5.127798120724605,6.156395094680935,1
ihfAp4,3,1,3.4837345352558953,1.926032348704478,4.794692202197211,5.9868716612165915,2
galEp1,23,1,3.4814062520797537,2.0405522892510497,4.686685233027948,5.719996022795265,2
ihfAp4,10,2,3.4771148517574257,1.9814413640803106,4.769772967498807,5.91032057353174,2
ihfAp4,1,2,3.4723385901716743,2.0441007585285202,4.782361160388557,5.873815883220939,2
araBp,38,3,3.471070246031618,1.2224103044309493,5.449207710934937,6.755998087971247,1
galEp1,21,2,3.470848882499738,2.047260386967214,4.863205954686988,5.814791889662307,2
araBp,35,2,3.4660409715544462,1.3026591770123999,5.463903119999504,6.730371696277846,1
araBp,5,2,3.463099709415592,1.199802930643803,5.413645717912708,6.754492020065571,1
galEp1,7,2,3.4630257917699687,1.9959917957206685,4.669323715725528,5.727139767435312,2
ihfAp4,16,2,3.459279092871598,1.9509797721406694,4.84495579155444,5.933635931610786,2
ihfAp4,31,3,3.457844440513163,2.045075871491838,4.812405359822485,5.878648063156264,2
hdeAp2,30,2,3.457681459395406,1.6395471885661357,5.383346585206839,6.426495135733706,1
galEp1,23,2,3.450295886954748,2.024963740057483,4.7498874555287145,5.757449427991217,2
araBp,18,2,3.44610831202723,1.2614082482373377,5.470369315435114,6.742252030933733,1
ihfAp4,18,1,3.4454725164948177,2.0023151407782938,4.750698902626938,5.892906351114603,2
ybeDp,11,2,3.4423417412053956,2.31633183643288,4.784276691037523,5.614797795427847,2
ldrDp,23,1,3.440247658213715,1.242899956522595,5.213072311398701,6.656358114270206,1
galEp2,36,2,3.4335557807756745,2.008929203686037,5.04109877980074,5.949067796639915,2
tabA_predicted,29,2,3.433455274680512,1.2784166176235223,5.422460262793288,6.706448820155864,1
ihfAp4,10,1,3.432073631629857,1.913640509057876,4.8768672756481966,6.011777680600938,2
hdeAp2,3,2,3.4319217019711195,1.4892119300636066,5.340375349612263,6.5104259801045785,1
cpxRp2,31,1,3.4287795180858196,1.3045383581777183,5.562077610546148,6.684483711164909,1
ihfAp4,38,3,3.422331321089322,1.9998961251619176,4.802897981443899,5.922202465836637,2
galEp1,40,1,3.4210831925251712,1.9338506788356467,4.941218013851817,5.954968628644755,2
ihfAp4,39,2,3.418789353524332,1.942614018705678,4.8361002724399995,5.957737646382052,2
hdeAp2,18,2,3.412988850430629,1.6818469301595127,5.268051862720308,6.3099458672110655,1
galEp1,36,1,3.412912950304247,2.0924401809437647,4.845467162189711,5.76200580201466,2
xylAp,23,2,3.412386665593789,1.2951255234985464,5.543372705853692,6.68810304863095,1
sulAp,28,1,3.410493688906351,1.948244589850533,4.680208530464272,5.8297453740554035,2
ompFp,24,1,3.4053566519338787,1.8120030410298498,5.150787824731968,6.131511860664872,2
galEp1,34,1,3.402232623213064,2.001492158687961,4.841821311674877,5.853856118342071,2
tmaR_predicted,25,3,3.4021182770258362,1.8460329463933904,4.938590621059003,6.0522485670575685,2
ihfAp4,23,1,3.3997952755512486,2.085561402797493,4.8453686682,5.806601014097016,2
mglBp,31,1,3.39233749136004,1.435346205643752,5.35274590395847,6.510197814046279,1
mglBp,25,3,3.387991508495741,1.3245161838882444,5.467006777063512,6.6460268449866815,1
ihfAp4,40,1,3.383734647365354,1.96646379622785,4.824323098173279,5.924643460589475,2
gyrAp,29,2,3.3833072295946587,2.190239776760987,4.833184590276762,5.67818010468752,2
mglBp,16,2,3.3772671470629634,1.315169380858252,5.391217237145176,6.637832423795751,1
mhpRp1,9,2,3.375763086470916,1.319407633810891,5.37977999836544,6.686232950002131,1
tmaR_predicted,7,2,3.3749651702584953,1.728748206102247,5.090799880180355,6.213263018086107,1
tolCp4,37,1,3.3749290250569217,1.4426101236221613,5.433111776963081,6.511992542326862,1
cpxRp2,41,1,3.3626164881207043,1.3568157349423555,5.411261755671381,6.647918852850099,1
galEp1,14,2,3.3602985470783917,1.9461411271891296,4.861382037090612,5.896818734767163,2
galEp1,10,2,3.351905257091166,1.9272632615618333,4.9474039305478055,5.938757798889695,2
ihfAp4,1,1,3.35142064534453,1.8887667521178517,4.8726517537420095,6.011840407825137,2
mglBp,13,2,3.351217697784648,1.284161712923288,5.521255166723996,6.645873147926766,1
galEp1,3,2,3.350945737019365,1.902413240121279,5.0135861068433965,6.024209507865979,2
ihfAp4,12,2,3.3470720930403415,1.9169623843599102,4.886279330110715,5.997104112207079,2
araBp,10,2,3.3408667796844655,1.2451855658135482,5.39743318912179,6.752077783346097,1
yahC_predicted,13,2,3.339345003960314,1.517478138840749,5.323039337353617,6.483648829126778,1
mhpRp1,29,1,3.327314345793519,1.3124498801290192,5.54255778248933,6.701928594544104,1
ldrDp,41,2,3.3256992287600915,1.1084158230295356,5.324533098337275,6.796558907124764,1
ompFp,8,2,3.3126585981915424,1.6669909170889872,5.136417337604045,6.243423452789168,1
tolCp4,29,2,3.3113801883328793,1.371460054145237,5.383029106027565,6.521895150221709,1
galEp1,34,2,3.307770312923538,1.91516893929673,4.967448977384495,5.9719489731798285,2
galEp1,11,1,3.3046582173883636,1.9105903439693548,4.921145159570886,5.958120765667362,2
tolCp4,29,1,3.303641358680644,1.3397196427003384,5.407216997335102,6.577247604517184,1
mglBp,29,2,3.3014346727336505,1.2952657950249207,5.364670729130202,6.562847684573452,1
hdeAp2,31,3,3.299388005431036,1.5448675436662136,5.303573298644767,6.422726898778036,1
cpxRp2,13,3,3.2987523864928607,1.274472525651876,5.466548545507635,6.710887640972602,1
ihfAp4,6,2,3.2979102103194857,1.9493204784810434,4.901816585513276,5.9685139638604845,2
gyrAp,13,2,3.2957103859179213,2.138623944361886,4.8564722948897,5.696265559342135,2
galEp1,37,2,3.292003002762507,1.8439473315706234,4.969626367252476,6.015012345552772,2
ompFp,31,1,3.2919004279992565,1.7283686425704015,5.194784756484083,6.183355958153972,2
ihfAp4,32,1,3.291149796194028,1.8864040176679524,5.00235063970894,6.074838431499916,2
cpxRp2,37,2,3.288358027235399,1.2857212439512509,5.493840885241529,6.720164889626141,1
galEp1,18,1,3.2875494139484913,1.8403193209008262,4.994842049952791,6.03072224787557,2
yqjE_yqjK_yqjD_yqjC_predicted,36,1,3.2861684337821826,1.9531346099930795,5.0354324049688675,5.98280840272027,2
ihfAp4,24,2,3.2847199010778314,1.818009441238967,5.006530619184421,6.134190156626364,2
xylAp,34,1,3.283257109023641,1.2314817837883658,5.420145111855442,6.696099641410454,1
pheMp,25,3,3.283052248752842,1.4124452721215666,5.264474754733553,6.459266303111638,1
ldrDp,8,1,3.2826298075517517,1.2914551908295269,5.5291641047448445,6.689420778395652,1
hdeAp2,5,2,3.2803832877813446,1.4327036123881118,5.4302449211458,6.533722315600189,1
galEp1,6,2,3.279386631062228,1.8294839958489288,5.057865118395221,6.106832863844397,2
mglBp,33,1,3.278163694499538,1.3431304074368766,5.3545680724369085,6.558974538426411,1
gyrAp,29,1,3.274803579850837,2.1454308231262194,4.9254562652127465,5.715480847312955,2
galEp1,15,2,3.272413452567938,1.9008892611154575,5.03330983483431,5.98348373542477,2
galEp1,3,1,3.2702371342880796,1.9272567395347318,5.035067774113406,6.011705651386539,2
icdC_predicted,7,2,3.269204537440173,1.705123771057521,5.336554553718331,6.318314985615706,2
tolCp4,18,2,3.2678957477585744,1.3410952264384397,5.439627623706626,6.599253974213855,1
hdeAp2,4,3,3.2665278550888543,1.6110343267929288,5.350389581954152,6.33475969839572,1
ihfAp4,39,1,3.2657470313002497,1.8081017518082017,4.917598509161656,6.091472904850674,2
hdeAp2,9,2,3.2650619165427854,1.429042507279987,5.279906635027776,6.531628926173956,1
galEp1,17,2,3.263510836879624,1.7943150730980282,5.167583035791165,6.134226965580587,2
ihfAp4,2,2,3.261863699457581,1.806088694391229,4.993024136958109,6.129745681698628,2
xylAp,41,1,3.2612466201389783,1.1922896478144096,5.4812253604383905,6.743303733872587,1
gyrAp,36,2,3.2602352285768865,2.29850225315304,4.751077481818216,5.562058887372963,2
galEp1,9,2,3.2567845532802195,1.9089979410815696,4.871009636298296,5.860599664392158,2
galEp1,31,3,3.2547348788141535,1.8540196757713006,4.987856585620384,6.014329589368383,2
xylAp,29,1,3.2515557502358523,1.1881114419039445,5.527017116198538,6.756418319659005,1
ihfAp4,37,1,3.250251313705308,1.9119145872778638,4.941138794051229,5.967513279741081,2
cpxRp2,9,2,3.249507151206649,1.3646452841464212,5.376722745239209,6.568165207292429,1
ompFp,7,1,3.2469066691765507,1.5083386999573505,5.351536984079056,6.437907074190447,1
cpxRp2,33,2,3.2447046844042196,1.278584718317893,5.544138744320943,6.715292633508124,1
araBp,2,1,3.2417250929265484,1.2526743094686055,5.498834016970057,6.726777358350967,1
hdeAp2,2,1,3.2359446719617275,1.4939401995062105,5.28909615417805,6.459999490187002,1
tmaR_predicted,25,1,3.2334894031230785,1.7140503686435271,5.073593667417958,6.154853800500037,2
hdeAp2,10,1,3.2314632597078807,1.541181245326444,5.258901964052884,6.412617438495657,1
gyrAp,9,2,3.230850329735843,2.2689719479999764,4.8813859893128555,5.609582794241919,2
galEp1,8,2,3.2301330204790304,1.9255613871723944,4.813562040536919,5.809418712335351,2
galEp1,40,3,3.228810942167435,1.8706910199393099,5.002527363240247,6.016337382606005,2
hdeAp2,1,1,3.2272220200883814,1.4870740690596502,5.321914485650909,6.4854409150643635,1
xylAp,21,2,3.2269391993571936,1.1911665134797853,5.370745875913833,6.6899891017748585,1
galEp2,23,2,3.224390975256556,1.7546510296623614,5.050889571302818,6.112498180664248,2
galEp2,41,2,3.222681032964826,1.7555457504521117,5.169976469760479,6.189637637812555,2
ihfAp4,30,2,3.22092961058741,1.8709190476997375,4.979202742746819,6.062388609325821,2
ihfAp4,35,1,3.2199347195852748,1.7967901289204573,4.981305893743585,6.119217199757035,2
hdeAp2,38,3,3.2178736011401976,1.6219172579201344,5.319519228097965,6.341232427966197,1
yqjE_yqjK_yqjD_yqjC_predicted,15,2,3.21465616832029,2.164744903012883,4.927727050388157,5.767830794039087,2
cpxRp2,23,1,3.2139724119356403,1.3453206824076944,5.423096986515281,6.59110429535812,1
ghoSp,8,1,3.2134430890032704,1.4544736716880358,5.539242936059795,6.5226731061397025,1
gyrAp,36,1,3.2089269619123804,2.299106059628285,4.818436297692575,5.616189689408437,2
cpxRp2,35,2,3.206486401830014,1.305363124944928,5.484367727062953,6.653264071790047,1
xylAp,32,2,3.1997455761403595,1.222164087039563,5.487447139351285,6.690452219933413,1
cpxRp2,10,2,3.1993229916967008,1.291201454769376,5.49948840984608,6.66276003173789,1
hdeAp2,1,2,3.1989072935287064,1.609749788057118,5.390003267837443,6.397996596189567,1
hdeAp2,32,1,3.198669111045743,1.4847623702480424,5.500908500585544,6.515063544295476,1
ompFp,24,2,3.196604498430513,1.827126181312004,4.998880026997494,5.994800579287006,2
hdeAp2,28,2,3.196349016867438,1.3863321528766488,5.452909506164472,6.586854042545707,1
tolCp4,41,2,3.196278601173292,1.3372619449824088,5.448730868335746,6.5705765092245905,1
ybeDp,11,1,3.195811003611171,2.2072699533575415,4.925326777938331,5.710389895271449,2
galEp2,34,1,3.195534532468968,1.6973405524268887,5.171691990354876,6.221988641817868,2
galEp1,37,1,3.1955105267920527,1.8518483699411001,5.0356118887220385,6.072127331998146,2
ldrDp,8,2,3.1945114295921413,1.2715870167472063,5.575670097095676,6.714926474697906,1
galEp1,32,2,3.193649313253235,1.808555931121482,5.043588960807742,6.050554388223408,2
hdeAp2,40,2,3.187695400764812,1.545924958022705,5.3460097644694455,6.4549036672143245,1
galEp2,41,1,3.1876947363278774,1.7020532659030374,5.179134938959946,6.208760455567014,2
tolCp4,32,2,3.1868456801619702,1.2557765202429094,5.48324771421499,6.655982527383042,1
ompFp,20,1,3.1848192285826507,1.914508539063604,4.831414031369945,5.876815530173001,2
galEp1,28,1,3.184308290228804,1.8308646564930793,5.086994147244177,6.086912775260392,2
ihfAp4,16,1,3.177830605829457,1.7403943793471033,5.0757339019869505,6.223942606221572,2
ompFp,30,2,3.175138882235016,1.8947381280019495,4.788540272741232,5.861846399111807,2
dicCp,28,1,3.1744138955417562,1.927639245247556,4.730866675383376,5.871723494675884,2
dicCp,33,1,3.169072484365047,1.9832519096661119,4.705372377952195,5.785895593074704,2
galEp1,10,1,3.1678820408783652,1.8534071358099278,5.077595049699478,6.101244331707193,2
dicCp,33,2,3.167148065155534,1.9668046820748413,4.741130879247988,5.830316671310511,2
galEp1,18,2,3.1671014127202843,1.8206868116050217,5.02236367607185,6.035098288079254,2
yadE_predicted,23,2,3.165110854355988,1.5754006312000197,5.4255333060209345,6.359615946542157,1
ihfAp4,31,1,3.160227837798255,1.9128779130112075,5.039473911861354,6.05743494303665,2
sulAp,28,2,3.1573037910488746,1.812420115490668,4.909927844972291,5.975379394188016,2
ompFp,23,2,3.1558154293807537,1.5510729939172336,5.448943517712413,6.449818709213985,1
araBp,1,2,3.1534295172742293,1.1078191348496316,5.580072023780196,6.830756731544778,1
hdeAp2,6,2,3.1493487586823106,1.496520253894522,5.348244490855425,6.45669333692565,1
gyrAp,41,1,3.148773922818416,1.9640556016463593,5.025665478486814,5.9120332359572645,2
dicCp,1,2,3.1469497712953207,1.9862439161027008,4.752684045182302,5.7904788282187605,2
dicCp,40,2,3.146015666297149,2.009840378342199,4.751948614574607,5.781787423396656,2
ihfAp4,12,1,3.1450926704610334,1.8565853319807644,4.969947328057095,6.055229135093666,2
galEp1,5,2,3.1410578588844253,1.7743244730308383,5.122788244858204,6.127155838887749,2
dicCp,12,2,3.139542250123576,1.9662048463046506,4.778190732105388,5.835483182487982,2
ybeDp,38,3,3.139266922343372,2.159332614888203,4.912385621786388,5.6891197547968115,2
hdeAp2,23,1,3.1391206489977526,1.4581815156854454,5.366762625990498,6.4985067785247335,1
ybeDp,31,1,3.1371616402735234,2.163124540138344,4.919982250983651,5.752480985391993,2
galEp1,1,2,3.13681453185413,1.7690095816873357,5.13844340657538,6.10861649450499,2
mglBp,25,1,3.1365390319630255,1.1858780151533213,5.596213219790059,6.733535308193799,1
galEp2,23,1,3.135864152952362,1.727506113105175,5.145955197704046,6.136892769060333,2
dicCp,10,2,3.135528996761358,1.9516102803135076,4.757477279604337,5.818099612162092,2
mglBp,33,2,3.1347622970703335,1.285158638983828,5.451866144076418,6.645381123553879,1
galEp2,36,1,3.13239729149011,2.001684039884385,5.203813720833729,5.967520454427937,2
dicCp,21,2,3.131385411278598,1.8893642704291465,4.810652116656577,5.901828292206732,2
tolCp4,2,1,3.128123119979409,1.259119649285017,5.419866391414754,6.627704896011801,1
ihfAp4,33,1,3.1278013300287917,1.8094680928309819,5.017767706560145,6.090580456168707,2
tolCp4,18,1,3.125742494777879,1.369138294584885,5.494247224806665,6.560721030501422,1
mglBp,21,2,3.1246878969918286,1.2369471919409911,5.466216840179895,6.641689812228742,1
yqjE_yqjK_yqjD_yqjC_predicted,36,2,3.1246184727367257,1.882459621719979,5.127951880248622,6.0554998135401155,2
ompFp,17,2,3.1241867651675643,1.7687482383622484,5.127647024404885,6.092538795117403,2
ldrDp,40,1,3.1231689749227023,1.1139627690661125,5.364461102807473,6.751114756606295,1
hdeAp2,12,2,3.122987460097818,1.498300929330525,5.4002297069556064,6.486523982487865,1
yqjE_yqjK_yqjD_yqjC_predicted,14,3,3.1219409859532257,2.1444964775191746,4.92933928200505,5.695734455202935,2
ihfAp4,7,2,3.1217523589186413,1.9157068396011352,5.067260204735885,5.983228851461793,2
galEp2,11,1,3.1216959651271483,1.753374312999028,5.278909855167763,6.20539055048034,2
dicCp,40,1,3.1203102748166467,1.9685789636200235,4.781146739096149,5.803932247938917,2
dicCp,40,3,3.118337788046852,1.9598780197191292,4.7830497552605795,5.812203074304076,2
dicCp,18,2,3.117942774249528,1.9500763098626497,4.794992168296992,5.829949607700208,2
galEp1,32,1,3.1164830794374097,1.6931230014062222,5.148637673703467,6.2017530093536335,2
dicCp,34,1,3.1088683463418496,1.8892476651070613,4.7907094162671955,5.891681464556206,2
dicCp,23,2,3.103882644048991,1.8853416491501407,4.766965193790961,5.878111432403578,2
hdeAp2,35,1,3.1024116717684582,1.4382107957000985,5.450505522034904,6.521466972553993,1
tolCp4,34,2,3.10125699078052,1.3387739307495519,5.459059541660408,6.5379324204630285,1
dicCp,34,2,3.099690508774123,1.9322519596843364,4.8210900923243845,5.8791446786855674,2
kbpp4,29,2,3.0982778723226123,1.2312596927193038,5.405236386258357,6.650725073965134,1
galEp2,21,2,3.096868611400496,1.876715153126628,5.175445293847124,6.061523647524792,2
kbpp4,13,2,3.0949269686285166,1.2046470415823327,5.513318234662668,6.712348600466501,1
galEp1,16,2,3.094579866487718,2.053189170258554,5.091139422994312,5.85787611459026,2
dicCp,14,2,3.0934189782772537,1.938740273415786,4.802242435243573,5.842027827372691,2
dicCp,35,2,3.0928848478307494,1.9438377369885398,4.776175324193763,5.829108310209521,2
furpb,36,1,3.091146966803891,1.6565103404068353,5.1555455115462205,6.1827767153620155,2
dicCp,41,1,3.0907350263754143,1.9385278234801955,4.796339106688106,5.839386405153573,2
dicCp,18,1,3.0852956390164405,1.9270226232444152,4.818878925875223,5.8650360531717665,2
hdeAp2,33,2,3.0833779778329604,1.49725508710513,5.351707678752771,6.454096979298956,1
tolCp4,40,1,3.0824729777457223,1.350561085722816,5.51691962431695,6.575483203727409,1
tolCp4,14,2,3.0819981671559797,1.323065884898967,5.501725334669413,6.601691095308387,1
hdeAp2,28,1,3.0815046118875338,1.3844685126429728,5.406143832354031,6.60585541910652,1
dicCp,13,3,3.0814267567666027,1.9405007184012912,4.8064647616508855,5.854760508974908,2
hdeAp2,11,1,3.0810959939902767,1.517315004594062,5.443790944522288,6.463271133271274,1
gyrAp,23,2,3.0795126909404913,2.069159665108483,4.999954662903649,5.806167653708233,2
dicCp,21,1,3.0780665644697436,1.8833270385327234,4.850684315905527,5.9274301425679745,2
galEp1,11,2,3.0771081093843673,1.8148657563754929,5.163304888406479,6.127105714880657,2
ihfAp4,13,2,3.0753352545912644,1.9627712781121578,5.014554473243993,5.932371019151634,2
xylAp,36,2,3.074717272448119,1.1132849587177782,5.472694409006623,6.7839968062203555,1
hdeAp2,3,1,3.074289855237963,1.3937631582810663,5.426872550942512,6.547191282409036,1
galEp1,28,2,3.0733655617403657,1.7981107825901872,5.216457902779863,6.178027728994241,2
tolCp4,41,1,3.0716019732945896,1.3553208697153167,5.480755525834411,6.538876642969902,1
ftsKp1,13,2,3.0713167716601792,1.775423457224001,5.034109026969913,6.069797754008164,2
dicCp,6,2,3.0703098843239207,1.9429039891320403,4.821198289671771,5.862598061000374,2
yqjE_yqjK_yqjD_yqjC_predicted,16,2,3.0698180178951504,1.9965786150803773,5.125906519789851,5.9036177575418884,2
cpxRp2,1,1,3.0679659017536127,1.1764144428188688,5.602418076965111,6.761389133239808,1
ihfAp4,19,3,3.0661385766613365,1.733146416312452,5.120671980188117,6.1679759779341135,2
cpxRp2,7,2,3.065781662639784,1.267316374066746,5.4991190687473,6.6489262939470395,1
galEp2,15,3,3.065566907670148,1.8442456349397607,5.0853781475325395,6.005477862216115,2
dicCp,37,1,3.0642965654749648,1.9097027663122186,4.823473277683367,5.8731840142046785,2
galEp2,37,2,3.061675774635158,1.656785317245379,5.3401451030424365,6.288457821538218,2
ybeDp,29,1,3.0612938355998787,2.1947889539543213,4.891855224253194,5.6209755158152515,2
tmaR_predicted,8,2,3.0607709428025087,1.7408444683328768,5.086884628713609,6.09311023607169,2
araBp,14,2,3.060114457546339,1.1165096204711793,5.745316368227341,6.85477301564717,1
galEp1,8,1,3.0599852166520254,1.8787222031200113,4.856534483070733,5.827720732472866,2
ihfAp4,20,1,3.0590215437008212,1.6444768631431266,5.1997416656253534,6.28726456079291,2
fldAp,33,2,3.0587445752892886,1.7374476814455337,4.986237067756419,6.044742417813682,2
dicCp,37,2,3.056082189465425,1.898553794158866,4.846383355248967,5.8929228362036685,2
dicCp,41,2,3.0536550511770093,1.9392085999487338,4.824029812027941,5.858284974336273,2
cpxRp2,37,1,3.0534995616785277,1.2156707892884986,5.604559648188923,6.7523010691593575,1
ftsKp1,13,3,3.0519370981981573,1.6422530715150783,5.160889668251379,6.268610123045833,2
fldAp,4,2,3.050731186596849,1.752638718156548,4.971394096718456,6.022866189115975,2
araBp,21,2,3.050546696517499,1.030903256808056,5.58084425258243,6.892573199406002,1
galEp2,40,2,3.048314699668772,1.5737275250799712,5.271666226490608,6.359466520295921,2
ihfAp4,13,3,3.0467286468661796,1.8938792333023367,5.034839593923728,6.024097374827968,2
galEp2,14,3,3.045668639526081,1.8370490338697727,5.080014197863772,6.002048273499159,2
dicCp,32,1,3.045307421559594,1.9513728685393417,4.814925412009802,5.828158633172215,2
galEp1,35,2,3.045221503187566,1.7962540854910507,5.095385937497739,6.075158160120755,2
galEp1,4,2,3.044571395989625,1.8715549388957984,4.928455924712716,5.907224451945805,2
tolCp4,40,3,3.0429977260468455,1.2830072717109808,5.499508870056735,6.632787037479828,1
ompFp,15,3,3.0427389152870705,1.3560734643840138,5.396664309130731,6.558419008018822,1
ihfAp4,5,2,3.0424739878915203,1.838751450381053,5.072636903298939,6.080364006559266,2
yqjE_yqjK_yqjD_yqjC_predicted,16,1,3.040282075323119,2.0571453022245154,5.024061777602909,5.818765291988087,2
gatYp,7,2,3.04006060125514,1.8068842430514038,4.957248716249177,5.875644749106718,2
dicCp,32,2,3.039130320435095,1.910366325825928,4.869920808323365,5.889217970984365,2
furpb,36,2,3.0384661220260467,1.7409016063094924,5.058105090990395,6.077631503296722,2
ykgRp,7,2,3.03659854404551,1.5608626358915476,5.258632605756385,6.268036057742471,2
dicCp,10,1,3.0354608556598586,1.889156162555581,4.875424727981733,5.915212973901186,2
dicCp,3,1,3.035165373715478,1.893380793536278,4.895324735440686,5.906977772301278,2
ybeDp,30,2,3.0335314313185107,2.098609934455145,5.016649670776932,5.79710669389474,2
tabA_predicted,8,1,3.033362565518534,1.1034908055832904,5.614290111963875,6.817076126736692,1
furpb,32,2,3.0327918875673827,1.7220838532191627,5.141854404685337,6.108420252571877,2
sulAp,23,2,3.032339856076601,1.749108555007172,4.993402597491116,6.000914131869456,2
fldAp,36,2,3.032138123053973,1.932970750895298,4.959393672639555,5.8437096356576905,2
xylAp,14,2,3.031221468303975,1.1132066679524228,5.487396899773741,6.757783267522611,1
araBp,31,1,3.0275748332608856,1.0702355215611226,5.693947420900466,6.877066271997766,1
yahC_predicted,35,2,3.0270788243508937,1.3916725706694415,5.4592004882075695,6.598289738402336,1
araBp,31,3,3.0270401296918084,1.1974258288831203,5.611307435569684,6.749869809548339,1
cpxRp2,34,1,3.026200628442973,1.23040479735634,5.564593617770351,6.700555591099276,1
galEp1,1,1,3.020905244309719,1.7610934676994487,5.171902375274127,6.188134003018439,2
galEp1,7,1,3.020821366364296,1.825708300310287,4.965765518281515,5.918020810575296,2
yahC_predicted,34,1,3.0207702216612202,1.3273669550736236,5.518518947989944,6.653170078197204,1
dicCp,23,1,3.019618028112468,1.873701281652566,4.836892206597547,5.897623568623317,2
mglBp,24,2,3.01860753589305,1.1383459540861665,5.617931081628779,6.762801567312237,1
galEp1,21,1,3.017003406708592,1.812363430774946,5.137549097748899,6.046804701035658,2
dicCp,15,2,3.0167961751927335,1.8153016421825194,4.90711606893835,6.003480876505267,2
ftsKp1,32,2,3.0147700054678,1.7384515533972345,5.079277869324834,6.100652899812815,2
mhpRp1,23,2,3.0144451146840914,1.1387807435419115,5.599790410031292,6.796025524689775,1
dicCp,4,2,3.013515789652134,1.8350963162845388,4.950240925120601,5.972922561018603,2
tolCp4,9,2,3.0116587246722784,1.458370560463448,5.370583927439148,6.374508665575415,1
galEp1,2,2,3.011262114111263,1.7717447690757113,5.166624556406041,6.114823618027071,2
mglBp,9,1,3.010409227613285,1.1115055397178553,5.667794655105332,6.78831822209194,1
furpb,9,2,3.008909517845492,1.5855684535425458,5.244057383534477,6.2729623562335775,2
dicCp,38,3,3.008040043679976,1.8954966343673092,4.8913224103850785,5.913414266440521,2
ompFp,29,2,3.005582258418394,1.6866812106851987,5.268988553882634,6.227235935139177,2
galEp2,6,2,3.004963202837232,1.5627336442619701,5.239724870219125,6.350392604170473,2
ldrDp,10,2,3.003135125462162,1.1587141060012607,5.439213887242708,6.723214493625576,1
dicCp,5,2,3.003129285537017,1.8617066099139903,4.9001798986896645,5.953703408697063,2
pheMp,8,1,3.001572784425206,1.4291300773825006,5.466554783069167,6.4789830511206015,1
tmaR_predicted,24,2,3.0008103149327616,1.3857038396004928,5.385827371591846,6.473584648601454,1
galEp1,2,1,3.000803490271832,1.7709000996686748,5.125468434523209,6.094270462719585,2
furpb,40,3,3.0004692449707173,1.6868256161423927,5.195433054897077,6.159780168378131,2
yahC_predicted,29,1,2.995401330354041,1.4899325145274442,5.425543287544809,6.50561382592652,1
ftsKp1,13,1,2.990762521367939,1.5297251607140496,5.253418588622644,6.344648233872544,2
ybeDp,29,2,2.9905289721687276,2.147719727277968,4.939750592137167,5.650591912143569,2
ihfAp4,8,2,2.98771017651263,1.8368927375617041,5.164895329737426,6.047007472278979,2
hdeAp2,41,2,2.9860140014257572,1.380236002108174,5.554424531072118,6.536321391315495,1
araCp,36,1,2.9854033543427483,1.4473329408339806,5.417660866331692,6.48261863079011,1
araBp,21,1,2.9838599239218206,1.1650651185650585,5.535804431789339,6.783788488762745,1
dicCp,11,1,2.9832699302225176,1.8571589371166317,4.902945986056386,5.9639518831852385,2
galEp1,33,1,2.9828276274910066,1.7122179237788495,5.119177659862905,6.070919751156097,2
galEp2,9,2,2.9819942168771134,1.6290847498620735,5.189504636621097,6.227987006451455,2
dicCp,35,1,2.979867347204298,1.8551402441129827,4.915945173776965,5.984214977083921,2
galEp2,34,2,2.9788853594427307,1.6037817948574986,5.334114493066442,6.374596983497172,2
sulAp,33,1,2.978732889796114,1.809157745270968,4.969819523560786,5.937912965674566,2
dicCp,2,2,2.9773104681285654,1.8416658248217077,4.928306264263618,5.972607929675155,2
galEp2,32,2,2.9764400438630125,1.5984869928637713,5.327617919421502,6.3164246472337755,2
galEp2,40,3,2.97598431323816,1.6474483774927156,5.356434017627125,6.28802438592362,2
dicCp,16,1,2.975819678157143,1.7659987157953807,4.919573701172924,6.051673541557357,2
ompFp,33,2,2.9754729954194565,1.7540162943362563,5.012329983150942,6.00560680747024,2
fldAp,15,2,2.9752850582184283,1.7875770379491631,5.103681720390666,6.070283951775069,2
galEp1,12,2,2.9746515541995766,1.6273285381931066,5.2816573519771595,6.292713795925576,2
fldAp,36,1,2.9733886782928005,1.9335712278581696,5.009459947264885,5.875005085859322,2
dicCp,28,2,2.9731533125707483,1.8075241287918593,4.954314539409538,5.9864001113901075,2
rcsBp1,9,2,2.9724553780396246,1.1207720034252626,5.684840592505505,6.815075337298937,1
elaBp,36,1,2.9721856686021146,1.7061932146785486,5.17284132602442,6.108974641210142,2
galEp2,18,2,2.9720236667095183,1.5987992031258516,5.379070860061654,6.3373576056411265,2
ybiY_ybiW_predicted,25,3,2.971834211241282,1.1013262662356704,5.554428718729255,6.795067204215725,1
dicCp,17,2,2.9715296052703,1.8095285461645558,4.950302756967145,6.013810579568146,2
furpb,3,2,2.971478453652543,1.7193906896103366,5.112337404250727,6.092774031484323,2
tolCp4,33,2,2.97074693425954,1.2042840936243284,5.6344866658548565,6.699048880924641,1
dicCp,12,1,2.969785107092071,1.8422910545103985,4.904666285768251,5.957553699157714,2
yahC_predicted,9,1,2.9692573424233277,1.2030891006322262,5.572517814358641,6.7613576738085985,1
mglBp,21,1,2.9688812943455396,1.1699489547800033,5.556266381215387,6.711301943256676,1
tolCp4,4,2,2.968476764930287,1.1110386700976707,5.5956426225744,6.792325423278851,1
cpxRp2,10,1,2.9680540240012023,1.1536800515521806,5.663930069248523,6.773163230266272,1
fldAp,30,2,2.967582270478759,1.7662852915202913,5.0113346933450025,6.037379775929301,2
galEp1,6,1,2.967103814752248,1.7222702103152563,5.234431373944722,6.260280940559477,2
cpxRp2,34,2,2.966374101950425,1.1432723699059755,5.653873316414567,6.7790575563013595,1
yahC_predicted,36,2,2.9660933956435813,1.2226541260144124,5.619381269758595,6.732902347840912,1
furpb,13,2,2.9648450348965203,1.6800909822090913,5.19335387802567,6.152709865803866,2
ftsKp1,40,2,2.964510701669897,1.735390617403662,5.05394981140409,6.123804353053432,2
araBp,17,2,2.9636472633349733,1.0440096442706939,5.692446130706283,6.883233443392081,1
ybeDp,20,1,2.9629667845116088,2.076175296548609,5.033327009244778,5.801550695943272,2
fldAp,21,2,2.9627586590498027,1.8754899117421595,4.988530832277522,5.924301214498051,2
galEp1,12,1,2.9617471319327024,1.6311936559456854,5.167789167918896,6.248039783260363,2
ompFp,38,3,2.961248475409862,1.844345934291847,4.959397351368115,5.9140490452321135,2
galEp2,35,2,2.9608101709173575,1.7032817090978163,5.365346796410182,6.253119435020038,2
fldAp,28,1,2.959880358093714,1.8053308614759946,5.013956424512932,5.999145251695211,2
hdeAp2,4,2,2.9581176308167305,1.3080097680218659,5.567931654452343,6.622730972349325,1
galEp3,9,2,2.9580517912575073,1.1734073379242789,5.513882845232934,6.709552483333011,1
dicCp,3,2,2.9571217876297617,1.8374761034395335,4.933106205817103,5.947850516728961,2
galEp2,18,1,2.953088957494381,1.6376342196474154,5.3734664961013445,6.3155977361105915,2
ymfM_beeE_jayE_ymfL_ymfR_tfaP_ymfT_ymfN_ycfK_ymfQ_predicted,15,3,2.952598654968056,1.1190000634614137,5.6455094551623315,6.820872232875466,1
mhpRp1,36,2,2.952402919393788,1.1098277041937497,5.6053031526157895,6.819698531062238,1
dicCp,36,2,2.9504476458280435,1.8308864001459133,4.972164792799065,5.977448399538938,2
xylAp,40,3,2.9489463677990395,1.0941399033740786,5.603499463871972,6.7876300353613725,1
ftsKp1,40,1,2.9475392023725724,1.7268097844071997,5.0988715293697,6.096098658459066,2
ldrDp,23,2,2.9472328009295934,1.1187107618945127,5.397347528954769,6.7233056908805375,1
dicCp,1,1,2.9461432997884183,1.8149776697878546,4.943048842731124,5.992350303610675,2
yacH_predicted,23,1,2.94478104193774,1.0980581886003324,5.5254560955810215,6.765068475950471,1
ldrDp,32,2,2.943461231428902,1.0562930321170834,5.441942237089201,6.785052060817242,1
ftsKp1,10,2,2.9426117341492555,1.7695576817633358,5.063791179024001,6.034653352386437,2
dicCp,2,1,2.9417770702496697,1.8483228533230058,4.992947346794354,5.989895260974596,2
galEp1,35,1,2.941695167870658,1.6628340016297787,5.176221435290878,6.211281781115696,2
fldAp,40,1,2.941498744489105,1.7316781410134023,4.995511113581015,6.039890137326154,2
fldAp,33,1,2.941405988936762,1.6954367983066725,5.028352990696613,6.092908877232935,2
araBp,40,1,2.939294844183845,1.036517364367976,5.736105646382166,6.888933878635666,1
gyrAp,40,1,2.9386616394264933,1.856152835067471,5.146294988366754,6.044856634423453,2
ompFp,38,1,2.938372853396084,1.8357581286529492,5.0198794436422425,5.934145946149994,2
furpb,37,2,2.9382051774169287,1.7354404116551119,5.171166643005064,6.087928372330115,2
tolCp2,12,2,2.9365715991234542,1.401270749626281,5.506218369167182,6.476692113066484,1
fldAp,37,2,2.9362129495861113,1.7681277301579503,5.00708305800133,5.997509840882473,2
araCp,36,2,2.9330673160111655,1.3450459122639322,5.438803795535648,6.56369022982209,1
tolCp4,4,3,2.9329934929188006,1.1857517174295151,5.595674952967707,6.7287451311395,1
ftsKp1,40,3,2.9327070631235803,1.71053128089264,5.112844889711664,6.128141365603374,2
galEp1,38,3,2.932599525068057,1.801908061672243,5.099332765914192,6.040666858068098,2
galEp2,10,2,2.9319355968509213,1.6345696575337194,5.365694688636765,6.304602528946001,2
tolCp4,3,1,2.931734027891738,1.2106115449178072,5.615067414166716,6.705347171976397,1
ihfAp4,6,1,2.9311736844737823,1.6549290437883717,5.186615660526734,6.263013930045055,2
ftsKp1,33,2,2.930080854822515,1.7488959945695777,5.044535672623933,6.043176645184165,2
furpa,23,2,2.930059653925353,1.660696312076637,5.268945948909249,6.245485455339437,2
mhpRp1,29,2,2.9287295194279683,1.157221975246072,5.633263971322769,6.792904813952651,1
ompFp,19,3,2.927609014293459,1.8020489016791599,4.94013065218487,5.972053911701351,2
ihfAp4,8,1,2.9258721445914686,1.8344708198252149,5.252124275172482,6.079488458022944,2
sulAp,33,2,2.9257831214857988,1.8053305496154401,5.016652172599613,5.941868500435396,2
ihfAp4,5,1,2.925365006758964,1.6074578614201993,5.326964331962369,6.32289106172081,2
dicCp,39,1,2.92533239085314,1.7055634914546252,5.047692884296382,6.134570239017647,2
fldAp,10,2,2.9248487230695575,1.7647710323882746,5.009622533034641,6.0078209843458055,2
ihfAp4,29,2,2.9239623277314855,1.8990797577356457,5.103119097321834,6.011488787992253,2
furpb,11,2,2.923032568798734,1.7353487468084656,5.134827916680363,6.090100513574542,2
tmaR_predicted,8,1,2.922060763035303,1.7706301553820527,5.095828503434034,6.072125816800632,2
furpb,40,1,2.9217517967872517,1.670245581110464,5.22663121023987,6.159803744335617,2
ompFp,9,1,2.9209062509589026,1.5184753357857435,5.480641207965659,6.409630344273222,2
araBp,33,2,2.91983427384755,1.1552210624254033,5.6186312651282595,6.789828750393976,1
cpxRp2,21,2,2.9187063007034144,1.2861149968213215,5.646818788449538,6.668960115021915,1
ihfAp4,29,1,2.918210133832538,1.8811397745376124,5.129946437431047,6.039343868265661,2
yqjE_yqjK_yqjD_yqjC_predicted,15,3,2.9178104651782686,2.1030890036498784,5.04008386175995,5.740165966849911,2
dicCp,16,2,2.913241572612195,1.7130550393242021,5.029050863024764,6.118437754733441,2
furpa,9,2,2.9131115988678435,1.7013124956157557,5.274664397566027,6.211207068477227,2
furpb,34,1,2.9127420813344678,1.6404364566405456,5.243996415467399,6.172964670246121,2
fldAp,21,1,2.9121804451072624,1.7266239125917766,5.061167536490632,6.081477426274736,2
ihfAp4,9,2,2.91159229382211,1.834655914222555,5.130819693756953,6.034638696876551,2
dicCp,22,3,2.910931564544065,1.8203202159429648,4.969660026533171,6.016219266478123,2
fldAp,6,2,2.9100303738305,1.7810356212529168,5.077243731859008,6.028917538921527,2
fldAp,40,3,2.9099360663066967,1.727915395305659,5.044749823760192,6.04450984145348,2
galEp1,24,2,2.9095562924748424,1.7010591466807303,5.318481519646474,6.215290001076971,2
tisBp,25,1,2.909158464264752,2.0544014495443217,4.992103161362921,5.824681115220552,2
fldAp,18,1,2.909153396121867,1.740143095230847,5.030921732956579,6.0388429975032,2
dicCp,31,3,2.908985464928539,1.8130260741011197,4.984928666603197,5.996419806729637,2
galEp1,39,1,2.9086494419636963,1.7341128218544188,5.092839706069565,6.055656072548478,2
furpb,9,1,2.9067688536791514,1.3389006025243926,5.3595777756416805,6.5107287911485825,1
furpb,10,2,2.9043714165145684,1.6730492193425495,5.2460883993484675,6.161334396561957,2
yahC_predicted,38,3,2.904345860000588,1.3137669687669598,5.529061202367975,6.675707219574152,1
ybeDp,38,1,2.9026379112260394,2.011512289781144,5.063313382164955,5.843414094496671,2
galEp1,25,3,2.9023847103076172,1.9772987209511645,5.13226498558552,5.841427330049709,2
fldAp,10,1,2.9021657649673878,1.728916261656481,5.0581321025757635,6.062312065147623,2
kbpp4,14,3,2.901918500618165,2.1704634423247353,5.0611016013497245,5.735736423596204,2
ihfAp4,7,1,2.9013479661206802,1.7665733763416926,5.172419786712496,6.115850228073576,2
tmaR_predicted,7,1,2.899905780048036,1.386493362390166,5.537469393985186,6.555298342422167,1
xylAp,28,1,2.89931862138708,1.033023630252019,5.6396205086096955,6.847850709905065,1
dicCp,4,3,2.8991288052577806,1.7959404767962643,4.994499887727416,6.021283098157018,2
yahC_predicted,33,1,2.8989808660269127,1.3187416442975102,5.53595654187942,6.65337086217187,1
acrZp,13,2,2.8985018918107017,1.546536958815219,5.240153338802502,6.265096543336719,2
aceBp,38,3,2.897782240591501,1.6603280019909687,5.217650099524371,6.2197116808192,2
galEp2,7,2,2.8974705733229382,1.8106438980756696,5.039661640750757,5.939302120410528,2
acrZp,13,1,2.8969018522422956,1.472332175754253,5.306269827989388,6.361271269907737,2
tolCp2,14,3,2.8961921472234935,1.385208183469108,5.548986551379432,6.575024207223416,1
fldAp,3,1,2.895255894751929,1.7431586712567844,5.022682221587592,6.001178287942263,2
hdeAp2,21,1,2.8941872950805947,1.371304276886095,5.32675382553255,6.531596805042485,1
yqjE_yqjK_yqjD_yqjC_predicted,21,2,2.893323616253602,1.9564316975183433,5.14456156363606,5.9341116093813575,2
xylAp,31,3,2.892509444095166,1.132971027531139,5.561417313678333,6.752751244288435,1
tisBp,25,3,2.891821445607066,2.0552771365260862,4.979922246839281,5.825982528481766,2
galEp1,19,3,2.8898549769786537,1.7400370222400412,5.255198983681147,6.207961797343144,2
dicCp,19,3,2.889740555819926,1.7405585370643761,4.983208110067734,6.076434368603992,2
gyrAp,40,3,2.8893154661498346,1.9175652771225766,5.189015867663039,5.947869379640757,2
yqjE_yqjK_yqjD_yqjC_predicted,21,1,2.889123512701456,1.849292140456874,5.125360111602274,6.022537694928466,2
furpb,23,1,2.88816026567929,1.5889249494954842,5.264181566754457,6.249873091731255,2
ompFp,9,2,2.888061596684989,1.6218206293905308,5.388198296478227,6.317824745922881,2
tisBp,25,2,2.8870858026009225,2.139396544063642,5.072537704954739,5.8475977524208815,2
dicCp,11,2,2.8869851748579105,1.7221400879989013,5.003081166583628,6.114899202158389,2
dicCp,15,3,2.8866297487584207,1.7072667146600353,5.026839225771376,6.082165904021516,2
furpb,41,1,2.885551592746007,1.5943464339086533,5.3026651220209615,6.25143049188994,2
galEp1,4,3,2.8851160550169315,1.8072653283415654,5.039133951627932,5.985725887168531,2
ftsKp1,18,1,2.8851060295774387,1.702414959368336,5.141794851572403,6.130280744523821,2
fldAp,11,2,2.8836799218973175,1.8678713414704222,5.063682688546717,5.9419474368976894,2
dicCp,14,3,2.883570921430641,1.7235398566557913,5.006349640281385,6.071576006462156,2
galEp2,14,2,2.883382348186768,1.6694905638596784,5.378135168269305,6.273411437204952,2
yahC_predicted,10,2,2.882188579321707,1.368560824566503,5.491982406931008,6.608094907542141,1
dicCp,30,2,2.880964407979842,1.8136628635483074,4.993484458800699,6.002086956078385,2
dicCp,13,1,2.8808030361411587,1.821565384639886,5.011767723306187,5.973435726493564,2
xylAp,38,3,2.880676369425349,1.0311172506398323,5.5458147180899005,6.805879594200341,1
xylAp,13,2,2.878348613543449,1.0885382415276401,5.594824090166378,6.762698257232223,1
cpxRp2,40,3,2.8759007492134936,1.213987804760917,5.624625836602804,6.748252982379004,1
galEp1,22,3,2.875676979974639,1.7628387873812166,5.1861190182325965,6.123580744211669,2
furpb,41,2,2.87479467012301,1.6143067588613713,5.285447230243032,6.225478773945507,2
cpxRp2,4,3,2.8747809591004803,1.1145890976684234,5.667407982635174,6.8126309503768505,1
tolCp4,23,1,2.8733916919335614,1.4070583062640278,5.422522926780483,6.428002010691536,1
dicCp,25,3,2.8733843679561937,1.765499035532185,4.965635562376705,6.010391564277115,2
araBp,6,2,2.87335399679009,1.1174865792872866,5.746621094937413,6.8325815571622215,1
yahC_predicted,40,3,2.873295007486699,1.335368237975833,5.576275531431872,6.63979903645402,1
hdeAp2,33,1,2.8726653357674,1.380396408790797,5.467854211385799,6.527639766385765,1
ftsKp1,31,3,2.872315797704688,1.6619049903389722,5.139801830997087,6.170474139080829,2
mglBp,17,2,2.871203526255626,1.0735930559688494,5.563519758574145,6.788417999496645,1
galEp2,35,1,2.871096891926234,1.4329168419646496,5.483908132263732,6.510851969561044,2
tolCp4,31,3,2.870801681132332,1.1499470436129458,5.667166954688387,6.753840322896139,1
ecnBp,29,2,2.8705323455919407,1.1194490292251515,5.689137696870635,6.824924733611112,1
furpb,18,1,2.870521616198791,1.6412146981902012,5.296625017369666,6.198193587209558,2
ompFp,29,1,2.869885361765691,1.6411091045121773,5.323871161205439,6.272974759063517,2
ftsKp1,34,2,2.8690288062372264,1.7508650910711319,5.053911180980494,6.041438085550868,2
ldrDp,11,2,2.8686180556580503,1.1736103190331508,5.676453991459914,6.734483538253288,1
fldAp,31,3,2.868040429803509,1.7618430385423651,5.025533455498518,6.014366968042765,2
furpb,1,1,2.8667963906892915,1.6222291233320487,5.265066866181034,6.252532610859436,2
gyrAp,37,2,2.8660025358004284,1.756986932704854,5.2759125076235955,6.134738948252453,2
ftsKp1,38,3,2.8658252639847555,1.707851019574408,5.086826640568535,6.0775189882019,2
hdeAp2,36,2,2.864652806256906,1.3628883652998656,5.324747275803309,6.509142529025527,1
fldAp,4,3,2.864209868291595,1.7454866967090743,5.0410898165011,6.038447331459108,2
dicCp,31,2,2.8641991423196966,1.6547390301444769,5.066242136686773,6.169344495482422,2
galEp1,16,1,2.863903439109294,1.8351130917659708,5.30182869216808,6.125144701022551,2
xylAp,8,1,2.86387118351401,1.1600993182580153,5.559711095594092,6.708591976995151,1
galEp2,40,1,2.862391756522722,1.6108874009926,5.380546685388076,6.305527451386384,2
cpxRp2,32,2,2.8623599419701713,1.1804551965039882,5.6199273618081325,6.740620957671679,1
dicCp,39,2,2.8615430479520887,1.7857596522763683,5.019371585449733,6.038067017493109,2
pheMp,8,2,2.8608307587297426,1.3588357813220457,5.501429761504502,6.479027735789936,1
ftsKp1,18,2,2.859951879458985,1.6831721327214904,5.1669401007759035,6.161358525108427,2
hdeAp2,19,3,2.857355681141059,1.4684690826269087,5.3761204115777215,6.472762776327449,2
ybeDp,7,1,2.856729747499328,1.9765768203919774,5.078295697081706,5.841527841341804,2
ftsKp1,6,2,2.8564905727628256,1.6309888272898352,5.185301210101181,6.196123266275551,2
dicCp,5,1,2.8561087401139633,1.8189111199834853,5.006074540233515,6.023271031997552,2
fldAp,37,1,2.8556307553469447,1.7207205962110124,5.069066071035318,6.069174923919352,2
ftsKp1,12,2,2.855533151096977,1.750532451320371,5.107094039525274,6.092899206636881,2
galEp2,16,1,2.854740862453982,1.8386935103165158,5.307049784964951,6.092696778907344,2
furpb,33,1,2.852133504126897,1.7219762777934775,5.240987015130491,6.101160563717343,2
icdC_predicted,8,2,2.8517272162116263,1.4082553056632563,5.687609922354129,6.564581813552735,1
galEp2,28,1,2.8499263162936757,1.5625148457625213,5.440225413865557,6.387017744948378,2
hdeAp2,34,1,2.84949826629423,1.2758246617721671,5.6878856928714665,6.64495284477803,1
fldAp,41,2,2.84757358208277,1.6815596590202653,5.107788695127697,6.1107055229521166,2
ftsKp1,41,1,2.8460369176425275,1.7304850550992534,5.114803459233998,6.080314044191574,2
tolCp4,32,1,2.8459106867739687,1.1400325406747822,5.690734562887792,6.780652389556743,1
yqjE_yqjK_yqjD_yqjC_predicted,17,2,2.8440567902323544,1.8429610045344413,5.232676352654577,6.069894011679335,2
cpxRp2,33,1,2.8439324475423753,1.134000987396786,5.667893019739189,6.8014831809631,1
ghoSp,8,2,2.84353197117919,1.2770657049864462,5.756485399383857,6.6744290724890725,1
dicCp,13,2,2.8425906125916223,1.8646459062190304,5.015793573793651,5.918730430555399,2
fldAp,14,3,2.841499839791413,2.1219677490413034,5.1529861147069616,5.801866964078408,2
furpb,18,2,2.841424174863585,1.679245117266423,5.266805248345762,6.16288306478752,2
fldAp,14,2,2.839220839574446,1.7426095540143174,5.061878052894837,6.0255509850757845,2
fldAp,5,2,2.838616073021518,1.7523361057144917,5.113874837179441,6.099698327979736,2
ldrDp,31,3,2.8386070289172762,1.0057286967361494,5.655032669712935,6.853434064129054,1
xylAp,6,1,2.838564617013335,1.0394009324945992,5.506262067145929,6.828493538923035,1
ftsKp1,41,2,2.8381913165389863,1.7258197051165622,5.0909144123753585,6.065283273137668,2
galEp2,11,2,2.836966980622056,1.536681737665538,5.54479120555173,6.433962912945276,2
yqjE_yqjK_yqjD_yqjC_predicted,11,2,2.8364600429360576,1.8439215931747615,5.204216970491439,6.090410182877199,2
ftsKp1,33,1,2.834340598737515,1.6923704906609336,5.184225925571326,6.1332920337519905,2
dicCp,6,1,2.833958466352274,1.7285015478492882,5.045944123967802,6.114337649595086,2
cpxRp2,18,1,2.8332494945985176,1.1709772250317971,5.64569900305203,6.744797041611198,1
galEp1,20,1,2.8323827538193194,1.7136787768240267,5.192166952278011,6.160943497082519,2
sulAp,2,1,2.831229049327133,1.7051864648410637,5.149189505505004,6.091418054861021,2
dicCp,36,1,2.8311470970010966,1.721190149925702,5.059064358819176,6.088517131132092,2
fldAp,1,2,2.830562625860243,1.682392045994668,5.064419828025998,6.11619783931889,2
ftsKp1,3,2,2.8305378544471536,1.648925423077262,5.163828205944267,6.1891559881130975,2
crpp3,8,1,2.8301432897351044,1.2522016466524624,5.578661101353411,6.672292022894151,1
gyrAp,34,1,2.829579805086259,1.7559431416610387,5.319902996621783,6.18463222198187,2
fldAp,2,1,2.8279929262344736,1.6519265214294432,5.146859073917468,6.1255863611039265,2
ftsKp1,34,1,2.8279530784355362,1.7032987384212763,5.096087012773374,6.0783621513562345,2
fldAp,39,2,2.827885943926049,1.7342619509642836,5.122856530726198,6.062277455910326,2
yjbJ_predicted,36,2,2.8268806482066973,1.6920482691048122,5.018091748358467,6.010305408774476,2
furpb,12,1,2.8257182367954634,1.5942087545816614,5.317154345906279,6.257143484323195,2
furpb,3,1,2.824958053969745,1.6433142380202426,5.264252133133753,6.174893268594235,2
fldAp,35,2,2.824309580150893,1.6671726636778184,5.1115217753059055,6.118647238490892,2
ompFp,13,2,2.8240072526529154,1.7423151631112463,5.188877089119044,6.104169852713495,2
yjbJ_predicted,36,1,2.8236591291836075,1.6700204367431601,4.987457284863159,6.0143742636476585,2
sulAp,23,1,2.821821622162178,1.6686864976540978,5.155865152349016,6.070251349830615,2
ftsKp1,14,3,2.8201321020741497,1.7761984202189995,5.165615404299832,6.067989893560863,2
fldAp,32,2,2.8195382723111737,1.7124741336272773,5.088419430044892,6.055150640808828,2
ssnAp,29,2,2.8195166255545208,1.0930093412581787,5.587952394787668,6.76885203109164,1
araBp,11,1,2.81881055353219,1.0179566975386942,5.70217703500674,6.884320050979149,1
yahC_predicted,41,2,2.817972034576069,1.2934697835989224,5.64177050330855,6.666353340426088,1
fldAp,12,2,2.8171984614040904,1.68380452525079,5.072645369881689,6.116124040913389,2
ecnBp,14,3,2.8153595546087957,1.9082811331619711,5.211381341096692,5.970228579393366,2
ftsKp1,32,1,2.8151969868799362,1.6130162605356926,5.174968861797429,6.209168198147987,2
furpb,29,1,2.8149820330222486,1.7881047806911854,5.186456879721193,6.033668787098291,2
xylAp,40,1,2.8136489842660684,1.0276396169383417,5.736648041660235,6.849845481490575,1
hdeAp2,6,1,2.813549707159627,1.2976514661862049,5.575407530552294,6.617424006701516,1
fldAp,18,2,2.8129754900038457,1.7055883038291273,5.114935056596386,6.083375560078754,2
fldAp,2,2,2.812464490430383,1.7125510638456682,5.127259390419455,6.087080379031487,2
furpb,1,2,2.812414720155092,1.6408312965642897,5.2789240489496105,6.197230460031628,2
blrp,8,1,2.8121959169800674,0.9788588236587448,5.677428464648159,6.886374010203437,1
furpb,14,2,2.810601086241413,1.6032977714583023,5.325419960744941,6.251019429036109,2
furpb,14,1,2.8095375985862097,1.5284287732259685,5.338728248777794,6.359719058166824,2
fldAp,3,2,2.8095000330477555,1.684809193197901,5.097963824592705,6.110425049334417,2
galEp1,30,2,2.80869405818672,1.7039365469261425,5.243952093824197,6.171612159584023,2
ompFp,14,1,2.8082940475728866,1.5582825511247202,5.2470397483013205,6.2567604141200555,2
xylAp,11,2,2.806777418971653,0.9798775804145489,5.598031184889729,6.8522578916199715,1
tisBp,28,1,2.8066268270337003,1.9501335051370565,5.125589600816394,5.925288291248944,2
gatZp,29,2,2.806485986280181,1.1458963512794382,5.742377898500688,6.800945859644678,1
furpb,28,1,2.80528826515718,1.6388152325488465,5.277560909084439,6.202699058399705,2
galEp2,12,1,2.8048964004718226,1.3702756428386975,5.534261703789969,6.553536346890678,1
galEp2,22,3,2.80437160228127,1.550239243942738,5.372478943321788,6.368861342398141,2
dicCp,9,2,2.8043041410517637,1.7017220773210784,5.026161392128913,6.073790720730045,2
galEp2,25,3,2.804300965560033,1.7939791103652232,5.296241094481772,6.043449342969401,2
dicCp,14,1,2.8038683059197202,1.7648403018622116,5.096665892550473,6.069188229686397,2
fldAp,34,2,2.803075371777892,1.6411768656526728,5.194051606712012,6.160470624873183,2
galEp1,39,2,2.802393381163942,1.7403733138359048,5.0611788436470455,6.011156102992436,2
dicCp,30,1,2.8012108479822264,1.7154504168555769,5.126570784494955,6.11566197310372,2
fldAp,13,3,2.801149047574598,1.627372535077531,5.173257332249494,6.190759432369676,2
tolCp4,23,2,2.8003780762838257,1.3760708069300713,5.45038667627381,6.441256628766849,2
fldAp,32,1,2.799772759323499,1.6225453185135,5.175806052730523,6.173092315704907,2
znuCp,9,2,2.7993114575423097,1.9012265736520941,5.068108212427735,5.96135327425306,2
xylAp,18,2,2.7977095824327423,1.0238335687669262,5.554167352136066,6.821086443243126,1
fldAp,29,2,2.797076301530929,1.835802947696064,5.026606597092025,5.913788278857683,2
furpb,12,2,2.796825680855862,1.5873767526355176,5.344711304859576,6.257657645535985,2
tolCp4,34,1,2.7967272517073054,1.273774040869808,5.545768638550894,6.585986810135954,1
tolCp4,36,2,2.79646351581218,1.1864284158198668,5.477859601481534,6.6437244820039725,1
galEp2,33,2,2.796329557067941,1.594838130399361,5.359539474028178,6.313083430504544,2
galEp2,8,2,2.795013077691563,1.716939861025377,5.167315370160273,6.068361794551552,2
galEp2,33,1,2.792237189799682,1.4637533070040365,5.427902924689534,6.452672821837097,2
galEp2,21,1,2.7919680320096774,1.63274723078436,5.35611424150799,6.251953100267305,2
tolCp4,35,1,2.7913647899958063,1.0996642668917578,5.650978304310819,6.76434434604624,1
mglBp,28,2,2.7906173605900606,1.1084653805039497,5.657454747186597,6.741831548709156,1
galEp1,13,2,2.7902107780461165,1.6361096122913765,5.080822954969753,6.092766322295628,2
ihfAp4,17,1,2.789553958431699,1.4027667536234347,5.328563912334429,6.4730411294279815,2
furpb,33,2,2.7889366464030183,1.6814944089549027,5.276445717829587,6.161609045342243,2
ftsKp1,11,1,2.7884371529245935,1.6506228660821483,5.1714123719994,6.151658683177841,2
hdeAp2,25,3,2.7862441688312263,1.3272415131048105,5.492672268719956,6.55663359263517,1
fldAp,41,1,2.785593064452369,1.6179247372770975,5.188859913570996,6.177180680664055,2
aceBp,12,2,2.785359767545998,1.6480383993645786,5.290053606526625,6.252545899095015,2
mglBp,36,2,2.7840469651131907,1.1283269933870146,5.686561307026281,6.752872904540412,1
ihfAp4,13,1,2.7838318875100208,1.706389267324726,5.336163956155963,6.238100315235413,2
fldAp,38,3,2.7835425996030017,1.735354990507352,5.1458249067858235,6.080873470935382,2
tisBp,28,2,2.7834705833302493,2.017218577690942,5.138743231355809,5.881747465547244,2
ftsKp1,23,1,2.7830507173822343,1.7205056476619975,5.053734729753273,6.012843329928366,2
sulAp,12,2,2.7803115469684143,1.6998635357497145,5.1920538472253135,6.095992564594059,2
tolCp4,35,2,2.779612363732793,1.1299781374574118,5.707659802052291,6.764019729159095,1
dicCp,25,1,2.779132478521792,1.7165291343234532,5.090221169361157,6.074315968636084,2
xylAp,18,1,2.7791307831670586,1.0295755216016076,5.629731731171591,6.8221357904722355,1
dicCp,24,2,2.779102049590026,1.5938928904622556,5.113806316145945,6.190098299591594,2
ompFp,19,2,2.779005114434809,1.6653675571928825,5.156887691725195,6.19575919720354,2
galEp2,5,2,2.7789924111262083,1.452717164242902,5.500966491309878,6.474609688388086,2
ftsKp1,1,2,2.778480789294831,1.609421591248886,5.236473365070033,6.248564243440118,2
furpb,2,1,2.7769336286596693,1.5404603501171428,5.368420964722487,6.301556394454615,2
ftsKp1,4,3,2.7764038467751835,1.6203005973911624,5.224598765971777,6.221675919570405,2
yahC_predicted,31,3,2.7755766195952267,1.231266305140007,5.643535654490744,6.687796432981059,1
gyrAp,41,2,2.7752508055206033,1.8080068358833894,5.26460970955552,6.061738108651152,2
kbpp4,29,1,2.772595564061105,1.0101115043360736,5.5331601333075415,6.8123669753162925,1
yadG_yadH_predicted,23,1,2.7724018246839837,1.2524256026390386,5.632007657267073,6.6838318308416085,1
tolCp4,10,2,2.772295834775213,1.1369217019635178,5.6007865239342305,6.729124878995753,1
cpxRp2,5,2,2.7718739687000404,1.0602286127874283,5.713460975864271,6.844675242408105,1
ftsKp1,3,1,2.7704952374110157,1.6435280166224695,5.198472488908216,6.193713829147548,2
galEp1,9,1,2.769992678930519,1.478414001705089,5.401661745539222,6.389156429385901,2
lppp2,36,2,2.7692355787059664,1.1266700160577208,5.866018288579959,6.8226053646333344,1
furpb,37,1,2.7691660635762845,1.6237878947377056,5.324257167606478,6.215598877218644,2
marRp,13,2,2.7687419286822137,1.95602995350478,4.972219365297278,5.769719698404938,2
furpb,5,2,2.7682982484367917,1.69520201411536,5.303787010680878,6.153279442100926,2
ftsKp1,37,2,2.7682981191317597,1.6629384630513455,5.172706487782403,6.158127226989314,2
relBp,33,2,2.7682760938110063,1.7118204621481479,5.158443489096173,6.074145260171159,2
furpb,29,2,2.7679410303923757,1.7792479204951255,5.196578477048814,6.032877903220665,2
ompFp,33,1,2.767898984249634,1.6970573115541716,5.166660859311731,6.09329644182993,2
dicCp,19,2,2.767599714183439,1.6769706510409332,5.13420040068364,6.1922342234200105,2
furpb,31,3,2.7675384731469617,1.596841559999252,5.332618579346057,6.233891054912224,2
ftsKp1,29,1,2.7674308778533785,1.716804852330317,5.224162133872138,6.1087375031590545,2
kbpp4,15,3,2.767137836653266,2.175551462973149,5.103128231647067,5.721132935154202,2
tolCp2,38,3,2.7647479436732665,1.4905178897938287,5.407867849228817,6.323509269533271,2
ftsKp1,14,2,2.7647306655022805,1.6591077097596547,5.235974901190941,6.168370838278963,2
sulAp,25,3,2.763421325588064,1.6288303800682216,5.158416911670739,6.11817679437502,2
galEp2,16,2,2.7630440693875062,1.8521914639925934,5.360348867282652,6.107618431767692,2
sulAp,12,1,2.763015297600928,1.7380103243271077,5.161630398903611,6.017699403837837,2
furpb,11,1,2.7624958159937467,1.6805259481724661,5.320921262784397,6.15307211218035,2
dicCp,22,2,2.761589848912399,1.6451937128629257,5.168138275964303,6.186694522308281,2
ftsKp1,35,2,2.7601903627802113,1.651800430752228,5.211846479161821,6.177895932354624,2
tolCp4,38,3,2.759684721182713,1.1310928913337173,5.603924895909945,6.743771289311578,1
furpb,21,1,2.7596442755989687,1.5914083229641107,5.313312700414738,6.2349506539435815,2
fldAp,34,1,2.7581333194464155,1.5838298797950547,5.178799801203297,6.2000883264254,2
ompFp,14,3,2.7579290775780096,1.2850452851747094,5.643788161351528,6.634911134275109,1
yahC_predicted,21,1,2.756905329796616,1.3301283922702212,5.5340062963889665,6.602324935639798,1
ftsKp1,15,3,2.756666060760743,1.8316445523717029,5.155390185648953,6.011411874593197,2
ihfAp4,28,2,2.754879322751631,1.5559058535853703,5.354365371333783,6.392846898778782,2
ybeDp,19,3,2.7546674704734757,1.893226972845015,5.201882141339595,6.023917032683375,2
mglBp,28,1,2.754632300622304,1.1208056925528376,5.733399532435547,6.748322089102379,1
tolCp1,32,2,2.754569530463148,1.4257849738945434,5.438764508831401,6.395306376490891,2
ompFp,25,2,2.754541471448896,1.1048620826662292,5.639198915395896,6.80231674953801,1
ihfAp4,19,2,2.7520125120949195,1.5098933420472762,5.286335977099707,6.3802375170798244,2
galEp1,14,1,2.751197425384895,1.525759280297121,5.430686130980822,6.409362432320279,2
ihfAp4,22,3,2.751143636279445,1.621985149021816,5.328169189070929,6.305884683249259,2
ybeDp,32,1,2.7498044879279337,1.9263820815199806,5.102693334424467,5.907319430964634,2
gyrAp,32,2,2.749695947599123,1.6235689487411267,5.3572839465256745,6.275723388742794,2
tolCp1,41,1,2.7490038361246527,1.4509009020509398,5.409174616962499,6.353715225339612,2
fldAp,29,1,2.7487138873350117,1.7993460455471586,5.058420608531715,5.940509430429713,2
tolCp2,33,1,2.74855585868289,1.447083751684114,5.3741818301920885,6.378137806106427,2
fldAp,13,1,2.748479666342871,1.5736962579865428,5.252144703033228,6.243170446922627,2
yahC_predicted,40,1,2.7475512757654927,1.3709497145420813,5.60618121526941,6.579356248388027,2
yahC_predicted,33,2,2.7459341722894166,1.2625855484304018,5.666568006516436,6.7040940729263205,1
fldAp,11,1,2.745600610283025,1.694771944457129,5.14894280833494,6.0956413295314755,2
cpxRp2,18,2,2.745343150177238,1.1556284901440967,5.689818861904087,6.762657684380191,1
cpxRp2,12,1,2.7442615120792744,1.12359895102584,5.717030751311173,6.811363911846982,1
galEp1,25,1,2.742976960309723,1.8853855343871164,5.272024338700817,5.9408053507287315,2
relBp,25,3,2.7418122412206047,1.8360896337974604,5.086553616583715,5.91831706134646,2
fldAp,12,1,2.7417493543384803,1.6605680158347462,5.171395979375475,6.118447169945504,2
fldAp,1,1,2.741428930128448,1.6954742869959794,5.134857668041967,6.06812958211406,2
ompFp,32,2,2.7401527070073004,1.6807264327630818,5.201410908297493,6.1512010441049725,2
xylAp,25,3,2.739648426611623,0.9992927157444232,5.58547885877068,6.8363387108422184,1
ftsKp1,36,2,2.7370014128535414,1.731777419479316,5.142309675714725,6.062718599005042,2
furpb,40,2,2.7365849245372043,1.6554364753914033,5.300917172689076,6.19204334461222,2
ihfAp4,30,1,2.7365032084211363,1.544881219709334,5.321841911467164,6.340562178511645,2
galEp1,29,1,2.736152724992206,1.5288099449927073,5.3401165454240065,6.2807524170150675,2
ftsKp1,29,2,2.735765791759626,1.7412407245840062,5.1932722734639185,6.058228435592746,2
ftsKp1,37,1,2.734956717571897,1.656761737577882,5.204567006741644,6.14565004037806,2
ybeDp,36,2,2.7337652683265476,1.8932273314046684,5.160223768058339,5.956601192258502,2
furpb,23,2,2.7336755022123036,1.5521675797949348,5.371136949991749,6.292816427536497,2
ldrDp,18,1,2.733178886763244,0.9961269497208094,5.6118596076335105,6.845065832961648,1
galEp2,37,1,2.7326413643898864,1.5736316014082676,5.451879202789341,6.353544792800311,2
hdeAp2,2,2,2.7319909073860655,1.4849665854635288,5.53905123625459,6.470353053149287,2
tolCp4,2,2,2.7301576834577137,1.1902315529547205,5.714995535271756,6.714862514973968,1
tolCp4,21,1,2.730032199705791,1.1453978915816372,5.733468976098916,6.747956167912464,1
icdC_predicted,8,1,2.7296569897194356,1.4311286686285838,5.593329879649702,6.510384847396754,2
ybeDp,19,2,2.7291878651429644,1.854151945616503,5.276225865818441,6.086670991539796,2
furpb,15,2,2.728852510672833,1.668201005132954,5.291990263895946,6.193150601516317,2
sulAp,9,2,2.72750772137093,1.5872979556683477,5.258564916710521,6.193205563337889,2
furpb,35,1,2.7274668589415407,1.533912299786153,5.419098811970449,6.3464291444016245,2
crpp3,7,2,2.7273770457496296,1.2239325687302118,5.602993871176984,6.662185623572107,1
furpb,21,2,2.7263813417099256,1.6196552175464678,5.275533514433547,6.208523590916873,2
hdeAp2,11,2,2.726161513107399,1.3633246503475607,5.492813631804926,6.556187960266817,2
fldAp,13,2,2.726113873107341,1.6516896690223202,5.195757613953302,6.11809711419649,2
mglBp,41,2,2.725960100577865,1.1180206030031143,5.707661208058344,6.742029724558621,1
relBp,8,2,2.722623353637384,1.8663703611379183,5.14958060991536,5.926078710978336,2
yahC_predicted,3,1,2.720007465566138,1.322532724778126,5.67717313667193,6.637843266177645,2
xylAp,10,2,2.7192723315726206,1.0123437192146072,5.70865983959448,6.838391972504906,1
gyrAp,18,1,2.719028820493953,1.7919252287750154,5.38501857737946,6.1437780593417095,2
acrZp,36,2,2.718951305546557,1.5017746106655165,5.359799502560639,6.386398953044889,2
yahC_predicted,18,1,2.718814956282185,1.2559240491936308,5.632170724898394,6.68745358643558,1
elaBp,36,2,2.718544226107355,1.7194514840289257,5.311474365065556,6.09213709352703,2
yjbJ_predicted,14,3,2.718286110668273,2.044903043840881,5.316536504162579,5.927382123555838,2
fldAp,40,2,2.716085569500781,1.686802545498071,5.171874797250069,6.1188508751114385,2
ompFp,40,1,2.715945889380549,1.6804534028535392,5.246067589229311,6.158856214426271,2
ihfAp4,25,1,2.7158142687314526,1.682252920436159,5.333960286464399,6.230822554170128,2
icdC_predicted,14,3,2.7146902758313085,1.4741985850136596,5.518185192504918,6.473841419730219,2
relBp,25,1,2.7144347230766126,1.7937951560049947,5.159996086043075,6.02483168219622,2
gyrAp,4,3,2.7143128782192196,1.6871081969116841,5.318712734925771,6.1951839718365065,2
furpb,10,1,2.714283813359661,1.5319522625138002,5.375226993454136,6.338877058647864,2
ftsKp1,9,2,2.714282305054917,1.6122654301367314,5.182896995491516,6.146595538573201,2
gyrAp,18,2,2.713958410861944,1.6652969921274066,5.415014913763555,6.295705827352391,2
tolCp2,40,3,2.7138488527791744,1.4498639979109826,5.429462094884128,6.373473717777136,2
sulAp,10,2,2.71302697270774,1.698833920186225,5.166351857865472,6.031069608240861,2
xylAp,10,1,2.7129989244528745,1.0276731270483281,5.6885584553844435,6.832300539706097,1
pheMp,6,2,2.71271297428259,1.8832229043671675,5.1589520218565745,5.946957931928118,2
gyrAp,10,2,2.7124599570228716,1.7958123960776935,5.2837794758791015,6.117352481676712,2
sulAp,36,2,2.7116057493238497,1.760423800610809,5.236024603298009,6.018515153077716,2
yahC_predicted,32,2,2.7115795980725843,1.2957853867633509,5.619186594919632,6.647394102919754,1
tolCp4,30,2,2.711493662612802,1.0626960716077762,5.707371514523866,6.794788796791705,1
furpb,4,3,2.7109881394892406,1.5945559087172554,5.341650447360754,6.249096798269756,2
fldAp,23,1,2.709919204138058,1.6864900311468252,5.15905411004272,6.102236079028064,2
ftsKp1,10,1,2.70971526694976,1.6464239870753288,5.225692419986176,6.155895510802571,2
yqjE_yqjK_yqjD_yqjC_predicted,35,2,2.7096661962136888,1.6892770080226787,5.304036501960224,6.208699203250514,2
ftsKp1,21,2,2.70764893122791,1.6313242564398711,5.250083567812963,6.176526092917577,2
yqjE_yqjK_yqjD_yqjC_predicted,11,1,2.7075441698339877,1.746697092005556,5.3013133468852605,6.174886401713622,2
furpb,34,2,2.7070267471520952,1.542211326477146,5.309172676897473,6.30642410093829,2
ompFp,40,3,2.70688841468136,1.6556204071167089,5.242715400534834,6.175625101864199,2
ompFp,6,2,2.7053548156471194,1.6452143429078676,5.240393042234409,6.207568798882234,2
fldAp,28,2,2.7048413668970146,1.7244281122571183,5.313869905691901,6.208793001909747,2
ftsKp1,36,1,2.704344201192445,1.6868274969149364,5.199257165348456,6.139328460711905,2
galEp1,30,1,2.7039923133680945,1.4871618716985098,5.527446068890101,6.514994894563393,2
xylAp,35,2,2.703501199960408,0.9623748083792523,5.71583653215393,6.897131918232609,1
furpb,28,2,2.703217962618553,1.4875409379044795,5.3491008102665285,6.35872594055127,2
furpb,13,3,2.703128460036036,1.5081122981372856,5.366475864775193,6.341161452882455,2
galEp1,13,3,2.702643076985084,1.7037440485307243,5.038044345773064,6.010390986461067,2
dicCp,31,1,2.7024550656941777,1.6448951040317588,5.173475356898486,6.211458171026229,2
xylAp,34,2,2.7024098872982267,1.0810513858484134,5.734111126572294,6.8341614960120305,1
galEp1,19,2,2.702365293632238,1.6463362588469734,5.349619453482507,6.271038587747553,2
xylAp,21,1,2.701460792892222,1.0357075325389833,5.591512411872047,6.786845308271514,1
crpp3,8,2,2.701252962148177,1.1533989667314946,5.628269698616043,6.726489138001008,1
dicCp,20,1,2.6995430074972577,1.7131791790745423,5.173053211403557,6.163476928465917,2
ompFp,39,2,2.699285473438863,1.6058290349760587,5.328431926774513,6.253751054472323,2
furpb,16,2,2.697850841933244,1.622066501898587,5.261936591687524,6.190814185812991,2
galEp2,2,2,2.696749469046162,1.5003888048288392,5.524537814882459,6.402155416982444,2
lppp2,33,2,2.696533232693436,1.1394014120661453,5.776698003687967,6.7773222255654755,1
ompFp,5,2,2.696526227836088,1.6313867504677204,5.214463760182589,6.201061617642884,2
ompFp,13,3,2.696174804214767,1.6699068582534677,5.203514916916567,6.142218148198532,2
galEp1,29,2,2.69593689192,1.5248092180026744,5.311203027488356,6.2570068244623185,2
xylAp,37,1,2.695306882676747,0.9759506715319944,5.752682763185006,6.88584693364797,1
relBp,33,1,2.695271996134989,1.709320636404954,5.135193637967681,6.0462697840265776,2
ftsKp1,2,1,2.695228968999781,1.6289911432921513,5.269884688393364,6.177716339200964,2
ihfAp4,25,3,2.694927126267534,1.6885153611195816,5.271232710341927,6.1937679725070485,2
galEp2,12,2,2.693277165289861,1.4922320587762714,5.564114944592913,6.455004319145828,2
dicCp,29,2,2.6932123083353807,1.7215701584291978,5.198372087060742,6.105147572088037,2
uofp,21,1,2.692960919965448,1.4383754142994418,5.503719822277313,6.4486103954259475,2
relBp,7,2,2.6926899584578066,1.8724344390503167,5.19917621691008,5.949964976229513,2
aceBp,35,2,2.6925172504639563,1.6050586669637654,5.266982087292622,6.2417216511959275,2
fldAp,19,3,2.6924484133567135,1.577678706767398,5.30144057983801,6.30587534897432,2
ompFp,10,1,2.692077369994617,1.671483055556632,5.25391233571805,6.164212739801171,2
tolCp4,31,1,2.6913224634336035,1.132269013625659,5.743004936222498,6.743412691669884,1
sulAp,40,2,2.691265740522108,1.703112756062344,5.209740687504302,6.0538489213832944,2
ompFp,28,2,2.691250745113446,1.5165176418922868,5.388633510058762,6.340787638251156,2
ompFp,13,1,2.6912228285751123,1.6566843785652634,5.28425349231494,6.21478877282596,2
ihfAp4,9,1,2.689370148630508,1.6903791390081293,5.383510771412576,6.195945115084701,2
furpb,6,2,2.689020892771727,1.643053288937299,5.334321348934142,6.2246975619167095,2
relBp,8,1,2.6882139704396817,1.8661602538133018,5.154630126984332,5.953586956110611,2
gyrAp,37,1,2.687699634881864,1.4877142053932262,5.424059786819642,6.383695859395845,2
araCp,9,2,2.6873847086007645,1.26112045976295,5.626413062885975,6.63363487842904,1
xylAp,11,1,2.685567634785146,1.0197146804195687,5.682743188950388,6.826665064923948,1
aceBp,21,1,2.685204823805336,1.5400720400207384,5.257494315604639,6.278106985494822,2
yahC_predicted,4,2,2.685069603181592,1.0522009102492664,5.642482991665172,6.859444814438042,1
yadN_predicted,9,2,2.683930257030983,1.089176965274463,5.736230111421886,6.836114525657455,1
tolCp4,3,2,2.683423683270261,1.1426490583737845,5.675147757355682,6.748338203621836,1
sulAp,36,1,2.6816648133135033,1.5976888222958474,5.30838318386933,6.247753917676892,2
galEp1,4,1,2.6811182444510133,1.607815874540985,5.259807893085984,6.228899527715585,2
galEp2,3,2,2.680835370350171,1.487631510217542,5.459230237742299,6.402113192059455,2
ftsKp1,16,2,2.6807240620950705,1.621907105347996,5.280933771735824,6.221318939071127,2
ompFp,10,2,2.6784881128705007,1.625658919582983,5.255608920906556,6.212525199455427,2
sulAp,13,3,2.6751018127466986,1.6679112441127646,5.240987622188667,6.108518988509148,2
araCp,25,1,2.6745503125829146,1.228537781200024,5.606889196073686,6.686388045571867,1
marRp,23,1,2.6739129162450053,1.961404047274434,5.021511099119377,5.721914875781277,2
aceBp,32,2,2.673037412565012,1.6092171911226747,5.315482375187835,6.25599846943196,2
fldAp,16,2,2.6728921796528327,1.8090355069910358,5.327545433994329,6.09052300381919,2
gyrAp,14,2,2.6718443194107135,1.761786629791982,5.3910022599814145,6.150470882974479,2
sulAp,32,1,2.6712510815540527,1.6348314376722406,5.200208990229263,6.079413583974679,2
ftsKp1,39,2,2.6696134017944635,1.561268975508026,5.273176215797695,6.255375470862258,2
furpb,13,1,2.6689257415887746,1.5048552057427966,5.458914371200847,6.360117766239723,2
dicCp,8,1,2.6688976276001886,1.632829038623222,5.20743932937437,6.183346294509077,2
fldAp,20,1,2.667998759311585,1.6599419655624184,5.251505230084968,6.18961964661867,2
ompFp,40,2,2.667468547833415,1.6459558997789525,5.2656741336086315,6.180231708036661,2
ompFp,11,2,2.66723470722978,1.59922394372565,5.230977807895514,6.197482904427686,2
galEp2,25,1,2.666292869729912,1.6741867536175756,5.372760962347625,6.195931485332082,2
fldAp,23,2,2.6659976581868907,1.6615475831596045,5.212010609795419,6.130857427818918,2
mhpRp1,23,1,2.665916255703541,1.030691490612281,5.723834252224418,6.875147606291957,1
tolCp4,12,2,2.665725836600573,1.125319561996846,5.630564035938285,6.726655575904161,1
xylAp,37,2,2.6656649243471953,1.0609394895686712,5.685165135164381,6.783480220476751,1
tolCp2,31,1,2.665350039269159,1.4381241255916373,5.517952402875519,6.41999657778044,2
aceBp,18,2,2.664079615568591,1.5740153802281363,5.34898534383636,6.3040891216723836,2
ftsKp1,28,1,2.662617163917368,1.6675205783075218,5.272115897747376,6.148973186808115,2
furpb,32,1,2.6617816609458647,1.6246901705755543,5.337853710113196,6.181787945101614,2
furpa,23,1,2.6613657957708985,1.6055649880276417,5.422764259997061,6.299365039839557,2
yacH_predicted,23,2,2.660968879839741,1.0386889851396321,5.603015157675742,6.799782157266575,1
xylAp,12,1,2.660664967439422,1.014053898317214,5.825766547559055,6.841854074334045,1
ompFp,41,2,2.660449495472739,1.5815691958549625,5.380439032899331,6.2726324190166505,2
elaBp,41,2,2.659770085110931,1.3042646505273225,5.424728624931652,6.5240587684835045,2
ftsKp1,23,2,2.6596965043835987,1.6765996460208832,5.154585729955825,6.0543088092599895,2
cpxRp2,11,1,2.6590143607081664,1.1128674015360507,5.705424526210152,6.804632634123896,1
ompFp,6,1,2.6589445349429157,1.5462388539176288,5.258535139764674,6.2796218576726135,2
furpb,35,2,2.658558489337504,1.6071815263540568,5.392273267391095,6.237613036219657,2
acrZp,38,3,2.656744139247752,1.5315942666550224,5.436239936027177,6.356180307673437,2
hdeAp2,21,2,2.6562543369766245,1.3565989614999254,5.437530872459897,6.51219026912039,2
ftsKp1,5,2,2.655965213650871,1.5628395124793897,5.27616366255691,6.292127737131627,2
aceBp,40,1,2.655630154543589,1.5718837282268694,5.300191586265701,6.270084074565718,2
hdeAp2,23,2,2.6553857156573213,1.21637471841293,5.550241552547524,6.646786966843248,1
marRp,29,1,2.6550528162703393,1.9772373777927623,5.064264012168721,5.747906739480483,2
yahC_predicted,37,1,2.654353170267,1.2121929460656606,5.635452413726041,6.704369065170502,1
sulAp,40,1,2.652930432552932,1.6700641582386773,5.238472645790564,6.078155077930907,2
aceBp,1,2,2.6521280392989164,1.5683311255315966,5.309148244507089,6.273519033300268,2
galEp1,38,1,2.6515572931282536,1.626468849035779,5.380523683575376,6.285394689076664,2
tabA_predicted,9,2,2.651107699320076,1.0511107278265495,5.638161871888855,6.831465242650317,1
yqjE_yqjK_yqjD_yqjC_predicted,34,2,2.6503516858632477,1.7657760668748088,5.368301584388963,6.138546590302988,2
ompFp,14,2,2.6499210624293816,1.608609763039467,5.290363889523708,6.234818308510729,2
galEp2,28,2,2.6498095418763916,1.4344137656365572,5.57389441639101,6.50103011024573,2
ymfM_beeE_jayE_ymfL_ymfR_tfaP_ymfT_ymfN_ycfK_ymfQ_predicted,7,2,2.6477575646947176,0.9851996997860247,5.7710628995579185,6.898661172034802,1
araBp,9,1,2.646357043893202,1.1653392768296948,5.712207605158122,6.7855508931579935,1
galEp2,1,1,2.645517524772473,1.426462048200051,5.557450766177361,6.5111607038605275,2
galEp2,15,2,2.6451314660565304,1.5490251255177505,5.525761099811051,6.415641201353701,2
ecnBp,36,1,2.6443241229138836,1.520881812077607,5.466152796292469,6.355913679607524,2
marRp,29,2,2.6435622050150247,1.9508548039149676,5.077039399213695,5.77448847168438,2
ompRp4,15,3,2.643039895914106,1.9513503947711597,5.230130557272549,5.953263038513108,2
rcsBp1,23,1,2.6428235522676675,1.048002011898847,5.789585327654144,6.846982332057308,1
tolCp1,2,2,2.6426351083492357,1.328159155639954,5.570525795507885,6.520221631088738,2
galEp2,6,1,2.6423881989640683,1.3791711809379328,5.560833798673917,6.566788324320568,2
sulAp,40,3,2.641734852626992,1.6902492996194933,5.225445607213987,6.053226985952524,2
ftsKp1,12,1,2.6408598300334996,1.5258973871100383,5.392207904986627,6.334065931646616,2
galEp2,8,1,2.6406950898755333,1.6572705244769315,5.245909542520859,6.121475268495941,2
tolCp4,5,2,2.640569422662956,1.2134149817217006,5.6867762237128545,6.641126534161865,1
ompFp,37,2,2.640312162927549,1.6227023995298568,5.29855310357407,6.229303727038689,2
kbpp4,36,2,2.6393455390789913,1.8046488728803989,5.18748635314982,6.057752694540747,2
yqjE_yqjK_yqjD_yqjC_predicted,33,2,2.6392496576811086,1.7642370665491947,5.312032411458641,6.1182164577978195,2
yqjE_yqjK_yqjD_yqjC_predicted,39,2,2.637984551712351,1.7191883142843767,5.373870212303844,6.211133712265106,2
ompFp,11,1,2.6376164122024575,1.572087949566667,5.271336319185874,6.252337813707963,2
xylAp,33,1,2.636387278032999,0.9903888297351441,5.73872366540824,6.859244786185746,1
ftsKp1,1,1,2.635970742592199,1.5826783411198346,5.33247357655417,6.24193405159259,2
aceBp,13,2,2.6355999194424897,1.4205121298795476,5.463193935437344,6.435603531156571,2
ompRp4,14,3,2.6355046539089275,1.9143219209263533,5.265025496002332,5.992746194071991,2
ecnBp,16,1,2.6344031674289665,1.6248823382531834,5.4450152285162075,6.320537388192274,2
ftsKp1,2,2,2.6340750673606728,1.6015964935299731,5.335585744885916,6.2809786206124985,2
fldAp,15,3,2.633533345341461,2.0463719313669393,5.308069430850612,5.854876866682541,2
sulAp,2,2,2.6329311138870373,1.6153543608726428,5.29045806587852,6.156501761097214,2
galEp3,23,2,2.632089276414019,1.0570025135885572,5.695740597783597,6.784648549328402,1
kbpp4,36,1,2.630680172164207,1.7203378419062147,5.301853073417103,6.179548185883689,2
tolCp4,37,2,2.630613917245757,1.0593489028272927,5.789342074502965,6.816652148815703,1
fldAp,6,1,2.6291264184825645,1.6757884185363763,5.221425391240286,6.1520020092543195,2
ybeDp,15,3,2.629107502930033,1.447147248782299,5.558075974014422,6.447388404891413,2
ompFp,3,2,2.629066977686093,1.568819820633884,5.32248110654152,6.259758096365087,2
fldAp,14,1,2.628655635476818,1.5399388242358707,5.401581399254361,6.347659432175121,2
sulAp,25,1,2.6275182652087836,1.5422554927554641,5.313007662754713,6.2396458447056204,2
relBp,29,2,2.6269839126596732,1.6612243359243102,5.214918398624386,6.120415488484661,2
dicCp,8,2,2.626893196320158,1.6076145934025676,5.25440501752805,6.1938634786680264,2
hdeAp2,7,2,2.6260794992862273,1.2555566301765166,5.601910019929639,6.584953642757019,2
ompFp,31,3,2.6255739867391648,1.607761212766664,5.318981043891075,6.247373179996938,2
yqjE_yqjK_yqjD_yqjC_predicted,14,2,2.624691963828263,1.6955834538069436,5.329339975649699,6.2192955128612155,2
yahC_predicted,41,1,2.6245071152084014,1.2095836523318422,5.670010077236841,6.730775208958781,1
elaBp,16,2,2.6230348567329833,1.7925552996854532,5.311098266028407,6.054008065970486,2
tolCp1,34,1,2.62152640703423,1.4176657685922833,5.513686154447695,6.396932497169756,2
ompFp,15,2,2.62133969881016,1.543361376648662,5.332709613910239,6.3021413771561505,2
galEp2,31,2,2.621219030050296,1.420867399914192,5.5634725360649,6.565314664551616,2
aceBp,40,3,2.6208450632981055,1.5617988528192928,5.380461290829454,6.307759496145344,2
pheMp,40,3,2.6203000052480494,1.875151996835709,5.179033487716282,5.937566158964419,2
ftsKp1,21,1,2.620298132441367,1.5730510346542768,5.265705155302054,6.207065663556212,2
dicCp,38,1,2.619761712855906,1.6646569086968628,5.266079856913186,6.173540013126887,2
araCp,16,2,2.6196686227771466,1.1818398809504078,5.685807930174983,6.685780178005428,1
furpb,38,3,2.619024155403387,1.6340563154025243,5.339230768621398,6.2185789517255685,2
sulAp,5,1,2.6183988430489107,1.6253412839839256,5.321582670575595,6.167955826788385,2
ftsKp1,5,1,2.6179944854821033,1.4742029171385145,5.3369279737551345,6.36821629110164,2
ftsKp1,4,2,2.6178659818879364,1.52693841453884,5.331297440204588,6.275031543839849,2
hdeAp2,36,1,2.61724173092704,1.2277338890092224,5.580925334850176,6.6432525012419195,1
ompFp,1,2,2.615839248729306,1.5969381090198156,5.354553199377374,6.256409629999195,2
elaBp,15,3,2.6156218743859267,1.8955803987345063,5.242347278180625,5.873956528434338,2
ldrDp,13,2,2.6156083622371664,1.0259602018098228,5.561412135244323,6.76778866256559,1
xylAp,19,3,2.6154009353943786,0.9467410053849101,5.698831811360087,6.86781610556171,1
galEp1,13,1,2.614150346637575,1.6282727620151043,5.188867542595371,6.118569720710152,2
xylAp,6,2,2.61412096331834,0.9670765654475698,5.81033057368978,6.886099202192927,1
mhpRp1,13,2,2.6135929806181273,1.0455350510381352,5.70806297494342,6.839953179575192,1
aceBp,14,2,2.613563116672431,1.5556390714970552,5.341405401027042,6.303693166494032,2
ompFp,18,1,2.6135515783297243,1.6157363495059545,5.338465657902814,6.231418239638493,2
dicCp,29,1,2.6127884401825896,1.686513225245206,5.277111832391639,6.140453763440854,2
araBp,32,2,2.612643548760002,0.9173585602805414,5.848975647817902,6.943372133387282,1
sulAp,13,2,2.612249371130205,1.637920183841945,5.286021730862082,6.120035177513194,2
galEp2,7,1,2.6106507613084475,1.6481288584059655,5.261024408191619,6.157920336380471,2
ompFp,17,1,2.6099138736934653,1.5322570886180724,5.463555564898707,6.382282642045329,2
ompFp,2,2,2.609636733880289,1.59932941696327,5.35143694770856,6.258905159186558,2
aceBp,18,1,2.609627032674011,1.580047864325302,5.320543875106747,6.2635610550742875,2
xylAp,1,1,2.6088976801623325,0.9406375669656665,5.791346483236984,6.895419197135298,1
tolCp2,32,2,2.6060555196016444,1.3683290942559525,5.5563552099358,6.488907215201541,2
ftsKp1,6,1,2.605280437219145,1.4921349022439638,5.337779635024004,6.345201779052445,2
pheMp,29,2,2.6045819068844844,1.7367683975040114,5.25026406392019,6.076263479601974,2
galEp2,4,2,2.6041130333982374,1.6032392420968027,5.277334384479095,6.213998044617412,2
ldrDp,18,2,2.603994164481927,0.9665655682387887,5.658326391495882,6.857502782753469,1
tolCp4,8,2,2.6035998579179442,1.1741008602750036,5.614730694452972,6.656317462867941,1
yqjE_yqjK_yqjD_yqjC_predicted,8,2,2.603137049642335,2.029796742748728,5.188211054144796,5.804873612560379,2
ompFp,2,1,2.6029886682727885,1.6173270317027606,5.380701601710346,6.250476435605785,2
galEp1,5,1,2.6027237743967944,1.6148269808561988,5.4235497062108085,6.232808267912748,2
elaBp,14,3,2.6026105036757077,1.8054670813580274,5.2789206265696205,5.9689014591682295,2
marRp,12,2,2.602201009168081,1.871535203945828,5.1094458511674015,5.833022567746592,2
ompFp,39,1,2.6021482967822176,1.5006226129880733,5.3376586909518196,6.345875217294297,2
uofp,38,3,2.6020848988555634,1.8190757745761394,5.387183542277635,6.11726117755397,2
ykgRp,13,2,2.6004581453081994,0.9579569955960089,5.886775049009293,6.933165234825962,1
yqjE_yqjK_yqjD_yqjC_predicted,4,3,2.6000539193095067,1.698101159010567,5.37156684533476,6.217388488680815,2
ykgRp,8,2,2.5998197631669986,1.3906704628587419,5.468223713742773,6.412780515122768,2
ybeDp,1,2,2.598992307862836,1.7781754160882968,5.238850851153787,6.064730839139676,2
aceBp,11,1,2.595617506417936,1.534054519079976,5.352282234836851,6.328612342479303,2
furpb,17,2,2.594628323000071,1.5708898216926637,5.337036525929774,6.24355925628929,2
elaBp,18,1,2.594426701530654,1.168504612191904,5.582026519783229,6.701433337252032,1
tolCp2,40,1,2.5943349004381298,1.4556043327207449,5.438612920979168,6.35991488802048,2
ompFp,1,1,2.5942062489285003,1.6104395140674257,5.360078109821223,6.238603869786225,2
ompFp,3,1,2.594186656076678,1.5815687417044209,5.411434335084576,6.3006685858606515,2
sulAp,29,1,2.592906945450615,1.6296057785022324,5.29969657338853,6.165646418166244,2
ybeDp,14,3,2.591855302258524,1.3052097351026175,5.676062918240461,6.597829537220953,2
sulAp,41,1,2.591332392323336,1.632015675688881,5.227011337031839,6.091691159664654,2
dicCp,7,2,2.5913168696477196,1.6166805564250848,5.2755857839441305,6.171175289334133,2
yqjE_yqjK_yqjD_yqjC_predicted,4,2,2.5912344917624295,1.573374927271639,5.504581694672981,6.347531291633965,2
tolCp3,14,2,2.5907737195399902,1.1155822714372865,5.756096407805469,6.758347785997758,1
yagB_insX_yagA_predicted,8,1,2.5904101787121596,1.1857803187632023,5.5613725921559025,6.669135520701903,1
yagB_insX_yagA_predicted,8,2,2.5903650808028758,1.2085273759962178,5.503347821711037,6.639571864345886,1
tisBp,41,1,2.5897054064335934,1.503596980256189,5.3381479824727425,6.241287855867469,2
tolCp2,9,2,2.589013916871626,1.465725971451861,5.43498009603328,6.365068217393812,2
tolCp2,3,1,2.588994277484266,1.450515303900744,5.451353520531955,6.3591220980381795,2
furpa,34,1,2.5882737987367386,1.6056674660757806,5.480951504171653,6.301237648827116,2
mglBp,15,2,2.5867276317593233,1.0217647681285889,5.566885186898066,6.7850281251745885,1
aceBp,33,1,2.585877179282415,1.5408878594722302,5.348368650383789,6.323701174795047,2
tolCp2,41,1,2.5850421774579826,1.3398119104294284,5.529431412180202,6.490025065337852,2
relBp,15,3,2.583910328087189,1.8059153472937324,5.244239253422364,6.000770333428592,2
fldAp,35,1,2.5833690073286486,1.5071296066426925,5.367872046269905,6.325507391080812,2
xylFp,21,1,2.582992160556015,0.9452109267383974,5.819344653802876,6.914752742520197,1
dicCp,17,1,2.582848436905789,1.5464035196588022,5.326961402920855,6.322106483667289,2
tolCp4,20,1,2.582161105223341,0.9645952749394401,5.731500989888855,6.908548910280666,1
yqjE_yqjK_yqjD_yqjC_predicted,7,2,2.5796918269999214,2.0101988248803577,5.2270246021919355,5.846370828810382,2
xylAp,1,2,2.5791473657334727,0.9990046247120644,5.7720928601813,6.846122963275543,1
xylAp,33,2,2.578978444573906,1.0508537289096547,5.761630441341455,6.820914729803346,1
galEp3,23,1,2.578553271578869,1.0190360659103206,5.654735586873882,6.808764150455166,1
cpxRp2,14,2,2.5785357307826318,1.0564281906219006,5.765337750438995,6.839551775360275,1
sulAp,38,3,2.5778465995465125,1.6222903985010668,5.306932006091258,6.14257047902803,2
yqjE_yqjK_yqjD_yqjC_predicted,8,1,2.57771172049408,1.9773537348260082,5.194851321794367,5.837247598172299,2
sulAp,4,3,2.577522864628179,1.652200825555847,5.254226622905467,6.0909040305032836,2
sulAp,3,1,2.5768469933934695,1.6169701757158854,5.318589860668286,6.168488378764396,2
sulAp,13,1,2.5764943436636307,1.5825264150227052,5.398061476556758,6.2276925354823165,2
relBp,21,2,2.5764810482342684,1.6182495587772012,5.2810537818101295,6.1521728414504215,2
gatYp,8,2,2.5760841738158677,1.6362785273692957,5.2330736021232385,6.030339339155239,2
furpb,5,1,2.575804961585956,1.4864298135182035,5.432572569275925,6.356653959964379,2
pheMp,29,1,2.5753836394801395,1.7583376573503338,5.217278193840628,6.038931286401028,2
tolCp1,14,2,2.57489754683816,1.3270644039623272,5.60186594324321,6.502085050908807,2
uofp,33,1,2.5744754749768313,1.4904463329047626,5.563092609185749,6.434585622833707,2
yqjE_yqjK_yqjD_yqjC_predicted,28,1,2.5740049284744777,1.7429224245949266,5.338114909366979,6.146641039644209,2
cpxRp2,22,3,2.5737525445395084,1.0448221111694527,5.7569602233750645,6.835627776288755,1
yahC_predicted,18,2,2.5736450410156158,1.23034122621333,5.725314011417502,6.692792517788142,2
ompFp,18,2,2.5726714511703976,1.5794899014092567,5.350888251063461,6.2615080690634315,2
ompFp,4,3,2.5720404603760008,1.5359485362452523,5.366618319657068,6.293228644423366,2
aceBp,28,2,2.570946660645125,1.3787725614707222,5.552411876995778,6.513797630235385,2
tolCp3,37,2,2.5701604496276054,1.0639339715007678,5.803855684816033,6.808487939407701,1
tolCp2,37,2,2.5699475036423336,1.363003153758153,5.576701936952123,6.481897336942704,2
ldrDp,9,2,2.56983429327913,0.9596765291042226,5.646913889068669,6.854197842371057,1
aceBp,10,2,2.568717201253236,1.5912433763687153,5.3299944140353555,6.25254678315877,2
cpxRp2,28,1,2.5683108214091135,1.0478348001503748,5.756818947875405,6.806971334038689,1
tolCp1,37,2,2.5680985354871764,1.3974207811669603,5.513538365607159,6.427144853688344,2
galEp2,10,1,2.567813537862449,1.472893486029943,5.553721634612402,6.453365790265346,2
lppp2,33,1,2.566589806537628,1.1205846782476783,5.824712491918071,6.832811056324595,1
dicCp,9,1,2.5663365794416833,1.5560650562215665,5.222347987319897,6.253972696483352,2
tolCp2,34,1,2.565639963219159,1.2989360754436143,5.58536042527547,6.522172805255409,2
hdeAp2,34,2,2.5652691900393836,1.1401472622094888,5.752644079441785,6.730594584714048,1
gyrAp,5,2,2.5652165080898035,1.5460697560275487,5.482572862023723,6.334073862775254,2
cpxRp2,40,1,2.5649911357597777,1.0739048841581158,5.763159992330907,6.822146335104842,1
yahC_predicted,12,1,2.5612928353809,1.2249153374795714,5.689466926338553,6.696188656579684,2
pheMp,18,2,2.560516982417208,1.8179845691636056,5.215343499856823,5.998821374016597,2
acrZp,41,2,2.560232411755314,1.4680682211394538,5.399066867341894,6.358678511264857,2
ybeDp,28,1,2.559147965053424,1.7539384788559171,5.374842693245913,6.150365065504536,2
uofp,29,2,2.557312552686804,1.8450967981038426,5.3904722393105455,6.086744893974384,2
hdeAp2,39,2,2.5569109875761713,1.212111083394249,5.677323821626995,6.653985141168898,2
ybeDp,32,2,2.556705614000442,1.779444915019583,5.312904044184309,6.075870679367431,2
furpb,39,2,2.556537496233453,1.530201258652337,5.416895025541809,6.309993330855319,2
acrZp,23,1,2.5563526453199668,1.4943270371513802,5.417596651702311,6.315076191568441,2
tolCp2,4,3,2.5555142543987404,1.377434047693328,5.617315470210923,6.476299437300298,2
aceBp,4,3,2.5551884792682933,1.5365926625622985,5.365500710562125,6.308876927399288,2
yqjE_yqjK_yqjD_yqjC_predicted,37,1,2.554904469270149,1.6556531920309627,5.3912814575135455,6.230027441070287,2
yjbJ_predicted,15,3,2.5547694531185345,1.9529715329994657,5.348028137001769,5.980341752553622,2
ecnBp,15,3,2.55461410271693,1.784366070314506,5.380947009643188,6.094102189621509,2
ldrDp,10,1,2.554374610622558,1.066547816520933,5.692526947198363,6.753911818606686,1
tolCp2,33,2,2.554330736527378,1.3127022198987237,5.538988446345938,6.540343921226315,2
pheMp,40,2,2.5533680845001947,1.7953518398258361,5.308846977927601,6.04638775491664,2
ybeDp,33,1,2.553110373743837,1.7901887413200204,5.262293518795498,6.02130822927057,2
aceBp,35,1,2.552567457768953,1.537068474432721,5.410912022914147,6.337540366191822,2
sulAp,1,1,2.5520621042190466,1.6694656997536248,5.275465092952648,6.068181510632517,2
ldrDp,34,2,2.5519750293114924,0.9496844205201698,5.690047586326459,6.853817290415556,1
galEp1,20,2,2.5508356923164244,1.6184316056173198,5.381046339994143,6.266968036666395,2
fldAp,39,1,2.550627635325805,1.513159267691602,5.340391817304093,6.307272956207595,2
araBp,39,2,2.5504408465330806,0.9371046118109861,5.807422270981011,6.91293088849754,1
cpxRp2,31,3,2.550258704435134,1.097815894381837,5.807835619389897,6.812271965191043,1
tolCp1,18,1,2.549537802198899,1.3244363240250627,5.569710818142712,6.4964338112111,2
ompFp,37,1,2.549445067509966,1.5822956311891028,5.392268065219639,6.274695377957636,2
relBp,21,1,2.5494366128383508,1.6324207949025267,5.290450613821826,6.15413335114113,2
tisBp,14,3,2.5488832458861634,1.2925475803668482,5.561921869232932,6.5079047071416785,2
xylAp,5,2,2.54882175338774,0.927228327819401,5.607720254065771,6.882211141768267,1
acrZp,29,2,2.548629203685976,1.6730344985854262,5.3165534185519405,6.200058343661423,2
yqjE_yqjK_yqjD_yqjC_predicted,18,1,2.5485473708258177,1.6061906359930456,5.419896921174935,6.309900733728402,2
ompFp,23,1,2.548345276298542,1.4477340775408516,5.591913971560265,6.47631668251619,2
aceBp,2,2,2.5481756333923977,1.4726963690076345,5.427572636661325,6.415250565223556,2
aceBp,12,1,2.5476076648259163,1.5372158827669284,5.4327713640112325,6.330914724817275,2
aceBp,3,2,2.547400669104432,1.5701301159433587,5.398422337678636,6.266425753144283,2
ybeDp,17,1,2.546546825118797,1.7095687347218875,5.434440062212382,6.255080849647731,2
tolCp1,40,1,2.5461068450017947,1.3234353963709264,5.555880204216708,6.489031437573235,2
aceBp,40,2,2.5460198654371915,1.5405834113236927,5.315815412854311,6.286836844844375,2
galEp2,31,3,2.54496554823621,1.4241213384398799,5.552436136824641,6.459604312801195,2
hdeAp2,25,1,2.5444353420242543,1.1333729616112502,5.654719795787903,6.728797274913427,1
relBp,24,2,2.5437203215588915,1.5246452913067798,5.4033822028154965,6.283396509050854,2
uacT_predicted,15,3,2.542712455044866,0.9888552024965799,5.70617806988812,6.828203897471605,1
tolCp2,18,1,2.5422514970243375,1.3937023904934998,5.527559901425109,6.421756854712025,2
dicCp,7,1,2.542146296665846,1.6074450954968504,5.264827770806245,6.187565588060325,2
hdeAp2,8,2,2.541297765800374,1.2267117772449663,5.6357113011381745,6.619873010146543,2
tolCp2,18,2,2.541271533770568,1.3745219970895703,5.5255092974454785,6.439544490351563,2
uofp,29,1,2.5410284107622734,1.8075190198193642,5.3864446727185005,6.116336304338004,2
sulAp,37,1,2.540066444679094,1.6328312388984787,5.26890998956987,6.111559787415283,2
marRp,40,2,2.5400401538014084,1.8601826476804613,5.120946589956903,5.837159355615762,2
aceBp,33,2,2.5392219121063064,1.4775609827560638,5.411397132715929,6.361543044552649,2
aceBp,6,2,2.5385044345049446,1.5334410411551376,5.39474105858846,6.341367723548207,2
kbpp4,16,2,2.5383754385817374,1.7913806256121496,5.48002153667284,6.182145146777231,2
sulAp,20,1,2.5382159159740127,1.608076617685136,5.335477722641089,6.139502063712573,2
furpb,4,2,2.53817319673204,1.490780582133855,5.443081443114716,6.3514391455598975,2
pheMp,40,1,2.5379797455307345,1.8354933047588444,5.245786823787832,5.990391630825793,2
marRp,2,2,2.537524208566627,1.7971759729273709,5.164293339551756,5.946926105492672,2
ybeDp,35,2,2.5371973728386066,1.7725833158099809,5.269983517589726,6.0786867421269175,2
tolCp2,41,2,2.537104202945386,1.4149417521797683,5.510128157044992,6.40496316178575,2
furpb,20,1,2.537039782096676,1.3364634219073463,5.5401560933023095,6.537789010168591,2
rcsBp1,23,2,2.5355920465813906,1.0029221370344632,5.854363158432081,6.860366475519124,1
lacIp,9,2,2.53557834410035,1.5303584032325024,5.658355658734783,6.448101772058424,2
xylFp,41,2,2.5354861183702466,0.9283666008008059,5.855099104173395,6.9408832070972055,1
ompFp,12,1,2.5350802797549874,1.5562196709629004,5.395884045720035,6.296359757874896,2
furpb,2,2,2.534956597051696,1.5633126403731066,5.415618570789372,6.308732978076437,2
yqjE_yqjK_yqjD_yqjC_predicted,10,1,2.5341352691272436,1.7056915845322793,5.427389537583635,6.2131034507065435,2
ybeDp,15,2,2.5337415393674116,1.6990941472354075,5.357850881709545,6.154544218626469,2
dicCp,4,1,2.533524328357826,1.5258333588924948,5.320262176906063,6.318431923022157,2
elaBp,15,2,2.533388096009623,1.5159691805580242,5.465368617171323,6.36064336451399,2
galEp1,17,1,2.532531926265773,1.438956415483503,5.57058643554607,6.482815876212477,2
ymfM_beeE_jayE_ymfL_ymfR_tfaP_ymfT_ymfN_ycfK_ymfQ_predicted,14,3,2.5313975861540063,0.9664850995618343,5.7900146085693045,6.9173915402145605,1
ompFp,32,1,2.528548299130895,1.5595884653252892,5.401102127013978,6.290113289939412,2
znuCp,23,1,2.5276326391700636,1.7143232554499028,5.329165990472481,6.151302305843043,2
marRp,41,1,2.527602990168375,1.887016238622323,5.170414810383356,5.824800813352712,2
galEp2,2,1,2.5276003498646245,1.4784700619752762,5.576227156314128,6.417028276781013,2
hdeAp2,17,2,2.5274782811514145,1.27669261625112,5.80675327817654,6.671285951112089,2
tolCp1,13,2,2.5273970238072843,1.2954299248547714,5.605208680402399,6.525397647442785,2
aceBp,32,1,2.5273131279655145,1.4888783928875093,5.454319999345958,6.379299806229042,2
tisBp,21,2,2.5271027354015994,1.4681821399421344,5.400924534119789,6.306137926868443,2
hdeAp2,8,1,2.526271122038533,1.1999142271274166,5.667470843615387,6.635048526325196,2
relBp,40,2,2.5260660313119936,1.5944865427859964,5.261030905265626,6.145575212532475,2
aceBp,41,1,2.5256508316906943,1.5880759544507823,5.299321960037282,6.213330077121765,2
ybeDp,25,3,2.5251746191189124,1.8136918562405062,5.315393117811598,6.0095567612211145,2
mglBp,15,3,2.525164734911765,1.2593888348613134,5.511160357127056,6.489483074794291,2
tisBp,29,1,2.5240847287125194,1.8945938730252772,5.32090505455155,5.925971646595059,2
aceBp,37,2,2.523711259184069,1.5326696098974493,5.419071820692721,6.3418898026785655,2
ecnBp,16,2,2.5234616660137834,1.6480318993481557,5.425223450341512,6.2426834708960435,2
tolCp2,40,2,2.523278056680143,1.4437503761194774,5.524410776457922,6.3931818464250085,2
uofp,23,1,2.522490437056019,1.7318221865216215,5.457259721136045,6.191226367683832,2
yqjE_yqjK_yqjD_yqjC_predicted,1,1,2.521770748952657,1.7001742885184934,5.474209779403283,6.220112377548141,2
ompFp,34,1,2.5210011020331935,1.4919912289215616,5.509831959114091,6.393597758028967,2
ompFp,4,2,2.520970965136868,1.5314260655050174,5.388630962983608,6.3056964660818595,2
ftsKp1,20,1,2.5208066941627214,1.4590030558410654,5.443125770533799,6.388680813415809,2
znuCp,14,3,2.5207096900003143,1.201968017743214,5.783626109408024,6.713633174781827,2
tolCp2,37,1,2.520365736468927,1.3417602060212914,5.5460484329203315,6.494077568463428,2
ftsKp1,15,2,2.519737896082704,1.5668826749119857,5.3679013979466355,6.2393135402975375,2
yacH_predicted,9,2,2.5191654907665164,0.9366238546712756,5.733353304314146,6.885699611350256,1
yqjE_yqjK_yqjD_yqjC_predicted,10,2,2.518977001167948,1.642033996218676,5.440425418829143,6.30745908918942,2
ompFp,12,2,2.518098892934382,1.5663862264791455,5.39909783072359,6.2871277928372375,2
fldAp,19,2,2.5174792995056414,1.5620885714541268,5.413575425833003,6.320499445530549,2
cpxRp2,11,2,2.5173178161646153,1.048909980616043,5.735415335011787,6.80391390913395,1
blrp,29,1,2.517280664542414,1.6920477926791664,5.25972601462317,6.094841874165283,2
uacT_predicted,7,2,2.5172399560596155,1.0442512880409058,5.685420674930798,6.822446933307111,1
pheMp,35,2,2.5167185521422155,1.8052441495670413,5.29075790551472,6.01648216567899,2
ftsKp1,11,2,2.5159070732599313,1.4845139649739796,5.418571675522962,6.369356788914218,2
aceBp,1,1,2.5154066698270756,1.4474491314639353,5.4305534274087,6.387978810235586,2
sulAp,3,2,2.5153637451009074,1.6125432716746861,5.350445313971424,6.168181828937557,2
yadG_yadH_predicted,23,2,2.515278193497056,0.9411591840131557,5.7783985598130805,6.913444667291813,1
relBp,14,3,2.5149124663112024,1.7360129183206647,5.247318233503717,6.03466694117397,2
yqjE_yqjK_yqjD_yqjC_predicted,37,2,2.51489798501249,1.5846432860329032,5.473664289640013,6.333987675688611,2
relBp,31,1,2.5148855823311913,1.4475666386922377,5.3797294414307295,6.339675687346135,2
rdlDp,36,2,2.5138866744353496,1.3876415847516088,5.502545726062738,6.473129739950845,2
sulAp,29,2,2.513668504365089,1.5643457306564723,5.401273955281923,6.252643412642089,2
ldrDp,13,1,2.513664959985232,0.8303037414809531,5.735174494175351,6.9643862793894815,1
tolCp3,37,1,2.5135881337605963,1.1349191737710198,5.741987250132681,6.75345770169516,1
aceBp,9,2,2.513320393174223,1.322241751721531,5.502664481082733,6.45500232790232,2
pheMp,31,3,2.513208678851766,1.77095269328838,5.295292614914652,6.0519890844845925,2
rdlDp,40,2,2.5128881073441063,1.3140297027079568,5.524828098575954,6.555588839988932,2
tisBp,34,2,2.5124423760473555,1.5252226298932352,5.302036533576486,6.210622407585726,2
aceBp,2,1,2.512273180532748,1.5417022034401167,5.459503753159865,6.323020087230349,2
aceBp,10,1,2.51183866706693,1.4659871670044475,5.417522106882067,6.377383414977797,2
pheMp,2,1,2.5115395209138383,1.6858110258014753,5.385759707707571,6.158963842447525,2
araCp,31,1,2.5114288366854662,1.247453462285796,5.587027727053593,6.617278732412016,2
aceBp,31,3,2.5113057863371386,1.5136592842528445,5.398718393347291,6.327858337558716,2
yqjE_yqjK_yqjD_yqjC_predicted,34,1,2.5112321480328905,1.687673258688893,5.388975005782717,6.179036970030287,2
sulAp,34,1,2.511080161097006,1.5926506650257748,5.304882860552396,6.141567852779696,2
cpxRp2,4,2,2.5105628173012207,1.0471592810803214,5.891584424845432,6.853445971560509,1
ompFp,21,2,2.509297647097858,1.492363072577133,5.3881727933355705,6.347348795521493,2
galEp2,1,2,2.508179774890712,1.4666320145725786,5.548454898604344,6.425768630068301,2
tolCp1,40,3,2.5078654477128723,1.3403992749792966,5.586912919574799,6.480280356391842,2
relBp,35,2,2.507744947083279,1.5458051288023928,5.274360279309871,6.179922073538669,2
ftsKp1,35,1,2.5065093989985767,1.4557973337653352,5.398792825240944,6.332050550517424,2
araBp,40,2,2.506480473930622,0.8060749690178619,5.866062299352665,7.044229860177927,1
acrZp,2,1,2.5059989433651713,1.3369319904134147,5.492915352166039,6.524837907920439,2
sulAp,18,2,2.505588071188297,1.631934365569557,5.3340957849698825,6.119928623699505,2
ompFp,34,2,2.505524983970913,1.5114986088191265,5.392234969707863,6.304738736326135,2
cpxRp2,2,1,2.505397061994566,1.0693246300463544,5.762110464874281,6.8179055061579374,1
ybeDp,6,2,2.5052547470044226,1.7059433401193138,5.329299875932927,6.158944893276418,2
ftsKp1,30,2,2.505229976648928,1.5170521911894985,5.412711531960946,6.327888903584393,2
ftsKp1,31,1,2.5048556311532773,1.5139801821892427,5.3617053185095065,6.327030273270355,2
sulAp,41,2,2.5037283609697405,1.6120754062397342,5.291373234294871,6.1041306703439275,2
hdeAp2,7,1,2.503081540725205,1.1817415234885875,5.706491169700826,6.659407470756517,2
pheMp,5,2,2.5030712851953063,1.7653671771599388,5.340841070089957,6.099988216989512,2
ybeDp,37,1,2.5022458926278883,1.7546268651266534,5.295809589830238,6.058781101080329,2
marRp,36,1,2.5022224604807533,1.7752849328630533,5.256562454676823,6.0108348876230435,2
yqjE_yqjK_yqjD_yqjC_predicted,32,2,2.502205673246817,1.6620376249384592,5.471550980633483,6.272288930395326,2
pheMp,3,1,2.501726696542003,1.759019074996982,5.373100431566144,6.101374493462479,2
yacH_predicted,21,2,2.5014818956736353,0.9151781662810048,5.640918759639744,6.87422364923377,1
ompFp,41,1,2.5014776941349233,1.5263184707842241,5.452489386887388,6.316525176878677,2
ftsKp1,9,1,2.499810243697306,1.4509112031759144,5.350417890067106,6.369246781640601,2
tolCp2,6,2,2.4984944341898703,1.3388806316688209,5.414729828386394,6.458766635631727,2
elaBp,32,2,2.4976145272942794,1.1101028272979188,5.677349389663558,6.718167890146545,1
tmaR_predicted,6,1,2.4975401288068304,1.2339120652204634,5.539717438595428,6.659435359393023,2
sulAp,35,2,2.496554123671013,1.621133336556902,5.332395823694128,6.116309620364868,2
tisBp,29,2,2.496382794056036,1.8742187581930738,5.325409664596849,5.940510349286724,2
pheMp,2,2,2.496317319718643,1.7801123938852597,5.345587650777115,6.069583876036125,2
ybeDp,39,2,2.4960591164378982,1.6718995272483133,5.37789013185294,6.190243220600974,2
ompFp,35,2,2.4959878844728864,1.5346760156317893,5.422587644876421,6.307041864348948,2
pheMp,15,2,2.4950776715211296,1.6842640302190257,5.410609000776697,6.2102826655547965,2
aceBp,5,2,2.4950713904001134,1.4848397494174221,5.401099681101547,6.364720662770882,2
relBp,18,2,2.494680245263937,1.5431615042451727,5.254118797023294,6.1497271715443915,2
lacIp,13,2,2.494658588444575,1.1933167302136927,5.685047641796126,6.6644726647800825,2
xylAp,12,2,2.4945199239955906,0.9127209324605006,5.839918425015675,6.933446490651144,1
tolCp1,41,2,2.4940945313130767,1.3822110698740857,5.571516974606203,6.444961091297959,2
ybeDp,21,1,2.4939633635253573,1.71774559216929,5.368320073495629,6.138364077022261,2
sulAp,4,1,2.493756427658551,1.3938966671062925,5.473621794159626,6.426079704725213,2
uofp,13,2,2.493750325456685,1.6764257568411836,5.477682630147691,6.220482856773089,2
relBp,29,1,2.4932155760073913,1.5824412065471123,5.345738219933632,6.217551253240125,2
elaBp,41,1,2.4931390848297736,1.1235687685930758,5.635402782672888,6.72448002091251,1
cpxRp2,3,1,2.4922002419014895,1.0358924157749494,5.842697530052052,6.869018318495976,1
ldrDp,37,1,2.4921319483067026,0.9542241468075731,5.782029940622616,6.85100445557363,1
sulAp,10,1,2.4919517331887477,1.5946210664305907,5.344584114267995,6.145307143671097,2
cpxRp2,3,2,2.4917241807869046,0.9374645857129752,5.774669545439731,6.8993639568073295,1
pheMp,1,2,2.4913914357533193,1.7279457014285668,5.336641470567804,6.120448592373222,2
marRp,37,2,2.4913352866706115,1.8109335902780597,5.233512446108294,5.920145095407275,2
ymfM_beeE_jayE_ymfL_ymfR_tfaP_ymfT_ymfN_ycfK_ymfQ_predicted,9,2,2.491268471530593,0.967775443001372,5.776618332602191,6.857255703609903,1
ybeDp,25,1,2.491064923896396,1.761542707877846,5.373130860617668,6.09118265478431,2
ybeDp,2,1,2.490606072092766,1.7046887547916862,5.363589765158429,6.1343931052864855,2
ldrDp,40,2,2.490504763602026,0.91220565353148,5.816603660499337,6.938617494178208,1
galEp2,38,3,2.488914015508885,1.4710302274455427,5.492545720088697,6.386412216123459,2
galEp2,29,2,2.488399151819479,1.3619381965019086,5.639503218888041,6.5100930670384525,2
furpa,8,1,2.4879182595833544,1.4890638910577116,5.62397333591762,6.404875481857767,2
ecnBp,36,2,2.487540122476109,1.5563025374287212,5.456342414609723,6.297686622519145,2
relBp,36,1,2.4863310211509764,1.568508602461062,5.421098512693156,6.251545651245792,2
ybeDp,4,3,2.4860563924865775,1.736926052592299,5.297236589792912,6.099071612770127,2
ldrDp,29,2,2.4855393206568714,0.9366840599333437,5.275072685679552,6.7889295196611785,1
tolCp1,28,1,2.4850558837880885,1.293270565175759,5.553002145964855,6.508060535462463,2
araBp,11,2,2.4847908133025713,0.9561889122544712,5.66100687658064,6.892955681903857,1
ompFp,21,1,2.4843735246893046,1.5171684667553802,5.440589546041203,6.333812513531456,2
ybeDp,14,2,2.4838366482583405,1.7055838921125102,5.335416115727238,6.150263251611483,2
ymfM_beeE_jayE_ymfL_ymfR_tfaP_ymfT_ymfN_ycfK_ymfQ_predicted,8,1,2.483501693942604,0.9188936900694208,5.793438712398759,6.894964553491925,1
marRp,31,3,2.483384896063542,1.829803870008162,5.220975546936748,5.884813739823487,2
sulAp,14,2,2.4822853619228296,1.5846849358222765,5.342127607838835,6.166015800815521,2
marRp,13,1,2.482156044203388,1.7782021157220587,5.26814594021139,5.993796291060759,2
ybeDp,37,2,2.481990116248634,1.74197226349859,5.328524070232236,6.107537792487073,2
galEp2,13,2,2.4815293026937555,1.3723236335104352,5.515564559048349,6.481454022815468,2
sulAp,31,3,2.4812673524861233,1.5996743586888325,5.319127075782248,6.143658991097809,2
galEp2,4,3,2.4805346575963525,1.550743371287964,5.380469965950372,6.256298170615249,2
cpxRp2,6,2,2.4803918682218957,0.959155518596109,5.7445856146373595,6.898437240288515,1
tolCp1,4,3,2.479947945853116,1.4404639698515316,5.454897856248256,6.356131583240495,2
yqjE_yqjK_yqjD_yqjC_predicted,41,2,2.479547997779296,1.6441817689341183,5.448641365745118,6.240188564554015,2
yadE_predicted,14,3,2.4790981042270857,1.9016114413576948,5.339470981663224,6.01313425843932,2
sulAp,1,2,2.478491579754952,1.596452361591038,5.355088883740292,6.151077551593387,2
ftsKp1,39,1,2.4784827037117356,1.4273774740937288,5.409550891027946,6.437133578457868,2
araBp,4,3,2.4780450423498324,0.7997491965133469,5.769785983063581,6.99670366787076,1
rcsDp,25,3,2.478037776609365,1.019719244394326,5.869642113721902,6.890509782805912,1
yahC_predicted,31,1,2.47793489892148,1.1916135366808016,5.747259176786544,6.702770816315647,2
ompFp,19,1,2.477750355437592,1.3983848846376419,5.427609147304144,6.454392760889791,2
pheMp,41,1,2.4777279072539646,1.7319421738329146,5.338717151405644,6.095559654777658,2
pheMp,18,1,2.4768159686871827,1.7573386359369858,5.342318746109706,6.095066969277902,2
sulAp,21,1,2.4767648858682456,1.5964811888381931,5.365413726605404,6.160687246592386,2
ybeDp,10,2,2.476559083059553,1.7220988386279539,5.349882687166234,6.121413287890755,2
sulAp,4,2,2.4765065490756593,1.5360524548221612,5.372791169134166,6.224792424925672,2
furpa,31,3,2.476342783211752,1.709416692958007,5.478493020909967,6.232737310419615,2
tmaR_predicted,9,2,2.4761949420146463,1.291416027430592,5.517859651957622,6.575894609860183,2
tisBp,18,2,2.4759733379154145,1.5271227114882153,5.334754285899872,6.194001673328743,2
crpp2,29,1,2.475386093949322,1.2361064598343228,5.621482417923313,6.6199963157747135,2
cpxRp2,21,1,2.4753539683249346,1.047591178486461,5.73545288137927,6.84604369501108,1
aceBp,21,2,2.4750710015069948,1.5366047151227649,5.381364802503601,6.309085190867075,2
tolCp2,10,2,2.47501298062978,1.3919760170112228,5.5604250532525965,6.434171317865876,2
ybeDp,40,2,2.4747332369772828,1.7152141738024111,5.3401330436099546,6.152113748082332,2
ygfM_xdhD_predicted,9,2,2.4743382147861053,0.9330861083670402,5.0902685670473,6.74656294857592,1
cpxRp2,16,2,2.474023286392766,1.167320169214281,5.767158965494385,6.786015310469349,2
sulAp,6,2,2.473767591763072,1.6026576193995172,5.373138432694431,6.134059652285633,2
acrZp,29,1,2.4735490494989723,1.5719134952335934,5.403730617102411,6.307750076197717,2
furpa,16,2,2.4735292710631986,1.4933243621750352,5.5902711392294835,6.441524061477784,2
marRp,12,1,2.4730759712091666,1.8102638370065265,5.229984573749118,5.9209367721968915,2
yahC_predicted,37,2,2.472202981242643,1.2649865287309716,5.7886694064764495,6.6933121875334525,2
galEp1,31,1,2.471625113266185,1.3858632624342113,5.510011731899914,6.417131458058128,2
yadE_predicted,23,1,2.470979766375223,1.233228423138557,5.595957850702647,6.591721878070505,2
ybaY_predicted,36,1,2.4703002522955573,1.3442940609801608,5.41584802489715,6.365372666157052,2
ompFp,30,1,2.4693692013016246,1.4699020576890836,5.643013542575986,6.460718402732381,2
tolCp1,34,2,2.469315074944768,1.2455836023545508,5.612403216792248,6.567604599015484,2
marRp,9,2,2.4689363570911635,1.8245687561382076,5.24370053500147,5.908919404697775,2
tolCp1,10,2,2.468842672668782,1.3800815524356203,5.5487412722071925,6.43363298418843,2
relBp,37,2,2.4688046414415643,1.5159176341224698,5.302038083055301,6.219398628147987,2
pheMp,12,2,2.4675138173982005,1.7571686379997733,5.329334270490147,6.089225239121004,2
tisBp,41,2,2.467279574811274,1.4629502225018507,5.3755850496164825,6.276569046533325,2
pheMp,25,1,2.4671791882154883,1.0836275984070214,5.816539413672489,6.78840594072438,1
marRp,40,3,2.466863075873529,1.8100650014643116,5.202725495833331,5.904912431208517,2
hdeAp2,39,1,2.466764561240224,1.0044958004558853,5.81775126216146,6.884625679904962,1
tolCp1,13,1,2.4666363190799956,1.2355458532587655,5.636906549382241,6.615527921464507,2
marRp,35,2,2.4663009771170255,1.8171209886149684,5.2525016856984745,5.914578925215212,2
araBp,36,2,2.4659505445697976,0.8883572539341523,5.856409527255546,6.9782139203274856,1
ybeDp,3,2,2.4658881555882424,1.669058787474402,5.3477275970123195,6.178998635391587,2
cpxRp2,29,2,2.4658495846126174,1.1851066955688698,5.6959453940966736,6.6545167114367665,2
pheMp,37,2,2.4653687053747784,1.7503430406092069,5.3438846752631495,6.08052172322134,2
relBp,12,1,2.464030521324221,1.5512038698183743,5.334593504305058,6.200300020920508,2
fldAp,9,2,2.463505735641646,1.5414975215663909,5.368416975357384,6.254356709501702,2
aceBp,15,2,2.463422409076634,1.455478564249288,5.391258271527384,6.351420293096919,2
elaBp,29,2,2.4630378265473154,0.9253996359273778,5.623696645776229,6.833065590949735,1
sulAp,32,2,2.4629368689833986,1.590651010066391,5.357552488879254,6.1460864574896235,2
tisBp,6,2,2.4628334387208155,1.5311203701860492,5.375556810584097,6.193681463392517,2
marRp,3,1,2.4626693353691316,1.7900017276700624,5.2560969208799335,5.96027157225492,2
znuCp,23,2,2.4615776877347035,1.7434814685115059,5.36611087016867,6.160010839886842,2
gatYp,8,1,2.461334389513577,1.5922211187001856,5.3277658259325165,6.0841227896427394,2
tolCp4,13,2,2.460109099902544,1.0458140270901546,5.725799227393437,6.794999711214938,1
elaBp,21,2,2.4600130695548943,1.4324017470057702,5.4650379750374976,6.363455149704297,2
yahC_predicted,6,2,2.4600105850828675,1.138521035536509,5.797819434051056,6.796910937875332,1
fldAp,17,2,2.459669011414736,1.609526001862148,5.390333448417974,6.228000581900222,2
pheMp,33,1,2.4591065041689655,1.7418773608200353,5.349055046974209,6.131598926016098,2
tolCp2,1,2,2.458931515828822,1.437603515782007,5.474240046051094,6.372187019938271,2
acrZp,23,2,2.4588590664751213,1.4181118289683667,5.538223746677889,6.407518863840497,2
ftsKp1,19,3,2.45866541192715,1.4592441761081467,5.4517600852330785,6.364003483314237,2
galEp2,9,1,2.4584204817700166,1.2727310417361122,5.697551272295855,6.600624678025072,2
pheMp,39,1,2.4582204142942525,1.69707331802747,5.435775496119623,6.183994255823277,2
pheMp,14,2,2.4578006218504918,1.7481794627341343,5.352734391414768,6.111825257195655,2
elaBp,40,1,2.457798817989353,1.0508216710861538,5.679856634970488,6.785725810050415,1
tisBp,35,2,2.4576012160526304,1.4852705244502582,5.367694054119992,6.251932188007902,2
aceBp,28,1,2.4572107574501163,1.4723280435004191,5.46542875980999,6.410586376883272,2
yqjE_yqjK_yqjD_yqjC_predicted,18,2,2.4568257756969722,1.5314978836249873,5.566998304255918,6.391664779365399,2
furpb,30,2,2.456713055180747,1.5221202558981222,5.441825757846278,6.342402040567867,2
tolCp2,14,2,2.4564313502832182,1.3025758430956338,5.574065804706523,6.515924639595372,2
relBp,10,2,2.45637655832474,1.5688060485356523,5.282637237088205,6.139357690156191,2
furpb,8,1,2.4556485067521114,1.3995470065467797,5.554727677582826,6.445530163752711,2
pheMp,7,1,2.4552607487951854,1.070827895849909,5.7880312997154,6.754697755627199,1
gyrAp,3,2,2.4544536441367972,1.5431193423966598,5.501565216086088,6.4009356559381985,2
pheMp,4,3,2.4531353415975596,1.7115494359877266,5.341407487855072,6.116601807817666,2
pheMp,41,2,2.452971991034754,1.7369637155944684,5.337593689774776,6.093130386900986,2
relBp,31,3,2.4527077013600094,1.5254307119605202,5.331480676241567,6.202387275539615,2
blrp,2,1,2.4526872504800075,1.5836243926932148,5.44018170140931,6.25153117594438,2
tmaR_predicted,38,1,2.4522631820400913,1.083450971701171,5.736004031827667,6.798314135267665,1
ybeDp,5,2,2.4521405453792546,1.6643937496398507,5.416547314363893,6.208574169591079,2
pheMp,32,2,2.451880326061137,1.735531267947975,5.318129594710438,6.099279760387557,2
uofp,18,1,2.4516466839762034,1.5611074284644864,5.555861848795901,6.361625716096176,2
pheMp,21,1,2.4511744579908967,1.7278741515593192,5.384470152485548,6.152844016595416,2
gyrAp,1,2,2.4510673985240734,1.534806717228131,5.507715339656865,6.3749869577044596,2
galEp2,3,1,2.45097564444949,1.4065962398597278,5.626153329734171,6.485161360059502,2
tolCp3,41,2,2.4504297618835515,1.0692552012435668,5.864758077526366,6.791711871403092,1
gyrAp,31,1,2.450294646208288,1.3479048657771748,5.5354754627328795,6.555001060565365,2
ygfM_xdhD_predicted,23,1,2.449577124810532,0.9082901969416265,5.1034759241892,6.7899896364056485,1
galEp2,32,1,2.449520322666566,1.2886086492866209,5.632689424722392,6.60315976109457,2
pheMp,13,2,2.449443902840452,1.7856216271025962,5.314393906332139,6.010974302155676,2
marRp,14,2,2.4494066478822947,1.8094318587910423,5.246447638923571,5.931472701742816,2
sulAp,9,1,2.448749929857816,1.4211178649806513,5.4131642122155625,6.341248010182556,2
sulAp,21,2,2.4487221520350255,1.5943588982753552,5.37262745758514,6.158796525267975,2
ybeDp,18,1,2.4486127059972644,1.7248288325380108,5.347969272517112,6.123775205638477,2
crpp3,29,2,2.4482961233166574,1.315411284459791,5.548654441865396,6.459526993914302,2
tolCp1,9,2,2.448296088589995,1.4365265911191307,5.543499634645356,6.370441129694168,2
yqjE_yqjK_yqjD_yqjC_predicted,1,2,2.447655636639205,1.5150972121567605,5.533969810451424,6.383200586159841,2
galEp2,19,3,2.4468129527224916,1.3264406679928444,5.712945035772375,6.595545689153997,2
uofp,11,2,2.4467939489974078,1.2813012907635979,5.615008367358932,6.553171715037209,2
fldAp,8,2,2.4460317147148203,1.886569980424913,5.413346182438748,6.03805070586175,2
ftsKp1,28,2,2.445864953749044,1.5123965838428675,5.364363317037551,6.313399865610487,2
kbpp4,8,2,2.4445173574637624,2.011946169374708,5.427643726503767,5.95291939028491,2
acrZp,5,2,2.4439448307957212,1.2815696233714426,5.666330878534718,6.594069466708821,2
tolCp2,35,2,2.443894737882036,1.288644228706043,5.595293512825982,6.54885861734615,2
furpb,16,1,2.443486796192232,1.2754369019649736,5.573629098797193,6.587585061485067,2
tmaR_predicted,28,2,2.443046213625377,1.346206849973516,5.605608729423725,6.5449142305264205,2
sulAp,16,1,2.4422949239532232,1.3934847305392977,5.47751197437505,6.426447173623405,2
uofp,40,1,2.4421118764806664,1.5799596441057364,5.53652572699576,6.305314249725548,2
crpp2,29,2,2.441739765450243,1.298274618891177,5.644611451569862,6.580786984222727,2
relBp,5,2,2.4415002068294323,1.4457110768808212,5.29229152905409,6.253494236496559,2
acrZp,13,3,2.4411558076118647,1.1628004410352522,5.649781157648589,6.643263107579333,2
pheMp,10,2,2.441150941637351,1.7260042628325343,5.358475819581395,6.1157568482328974,2
ybaY_predicted,36,2,2.440971441312043,1.3638830928999863,5.462451449020752,6.344802649580094,2
ybeDp,12,1,2.4405146419115424,1.6860980751781036,5.379674605945157,6.169111375996454,2
tisBp,34,1,2.4403631349709687,1.4751092017508938,5.435815380474702,6.2861667085211685,2
marRp,34,2,2.4400815238556928,1.8302901850331286,5.286807117518864,5.914089391909978,2
tolCp4,10,1,2.439791647137157,1.073483973659464,5.714817362273042,6.763666771942253,1
uofp,2,1,2.4396616736351793,1.5604608578252863,5.5805409208578345,6.335097766120234,2
galEp2,39,2,2.439425630082,1.474241817126675,5.406058120338296,6.3250418392168015,2
pheMp,4,2,2.439373485576335,1.7287495065413494,5.42340551126299,6.1336263400045326,2
furpa,41,2,2.438972022901692,1.5762102605129982,5.4850594732463005,6.323872657716884,2
tisBp,37,2,2.437877399093066,1.4753971516285536,5.389215693065503,6.278394132059589,2
elaBp,10,2,2.4373473422125778,1.221073261009545,5.583760692778069,6.615284557153978,2
aceBp,3,1,2.437147865686035,1.4495145798895261,5.437733991849896,6.402996215707885,2
rcsBp1,33,1,2.4371083096885298,1.0107532529188623,5.699808776242459,6.813965132192333,1
ybeDp,18,2,2.4366231156847142,1.7003042145859677,5.322435813534941,6.132811996254299,2
furpb,31,1,2.4361087339058893,1.497948758129505,5.507095072449287,6.286476334676344,2
mtnp,29,1,2.4351713827087487,1.5049802942609465,5.375767681299106,6.293562687856152,2
yahC_predicted,34,2,2.434917184802552,1.115031358107752,5.79117493180381,6.791033075494252,1
acrZp,36,1,2.434208467293465,1.2547173846858113,5.655764017051855,6.6196905415381835,2
marRp,23,2,2.434173491898765,1.801100345035725,5.288362353775035,5.940940928874291,2
yacH_predicted,8,1,2.4339662351224125,0.967125292118571,5.474972050738918,6.790289327281275,1
tolCp2,31,2,2.4337637965413648,1.1637623623489615,5.719192640496284,6.723824689919665,2
furpb,25,1,2.4334158895236544,1.4145944852516534,5.497443932355062,6.406522138661402,2
aceBp,37,1,2.4329490159061145,1.5297663215952233,5.402010473991792,6.2975683013078685,2
sulAp,5,2,2.4319622764700446,1.5892679032826706,5.397601117237089,6.165579831950551,2
marRp,41,2,2.4317445533682682,1.824122108896628,5.238858039256554,5.874774325636746,2
sulAp,11,1,2.431666361601642,1.6026042345917115,5.383459004655385,6.157449951658966,2
pheMp,12,1,2.430988077212588,1.7471981917290973,5.3741316834678505,6.11545463043316,2
ybeDp,10,1,2.4308997997641315,1.7041529606041033,5.363053314814293,6.1348840432872365,2
relBp,7,1,2.430847542947824,1.7305580371992841,5.4038508956884925,6.116456311000567,2
acrZp,15,2,2.4297032293779686,1.33192098366491,5.630973426736146,6.557221314042479,2
xylAp,25,1,2.4290207465415232,0.9085008776844598,5.911280220895014,6.937151191736926,1
tolCp3,35,2,2.428198430531408,1.0199275999923505,5.837710702894197,6.824315645872492,1
ybeDp,31,3,2.427918256970907,1.6691713754343596,5.365375809696121,6.179042141917394,2
sulAp,37,2,2.4274924704281,1.582417708402104,5.388068358859213,6.1824145164257995,2
tisBp,32,1,2.4272821460783613,1.44589084892217,5.451663577479179,6.358116317418736,2
sulAp,39,2,2.427038634200084,1.5534059443694883,5.373208045947493,6.186767928440844,2
yadL_yadM_yadC_yadK_predicted,29,2,2.426846099771192,1.142671114662525,5.80696312385706,6.822837687848698,2
aceBp,11,2,2.4265140777588434,1.366036232840791,5.567609656322713,6.504512306629623,2
tisBp,5,2,2.425369758992438,1.4706400750279325,5.437907613640248,6.2856068949181045,2
araCp,13,2,2.4251697531469705,1.1126403025426128,5.801478703170207,6.773437592617525,1
fldAp,22,3,2.4251449497910023,1.3516047616793634,5.44644030877731,6.494084919067646,2
galEp1,31,2,2.4251014729007294,1.3428991437856217,5.619922138463593,6.575141078939287,2
uofp,32,1,2.424921324993338,1.6940521646873827,5.541332611372933,6.277415137917762,2
ldrDp,4,3,2.4245664484759395,0.9587730219578294,5.759880918521553,6.848350541394577,1
fldAp,5,1,2.42453939143872,1.4764929682649015,5.498971119335191,6.359613551012482,2
mtnp,29,2,2.4244093881882303,1.479894644480118,5.405171412978413,6.309545311061736,2
tolCp2,31,3,2.424252071022973,1.3157409125650903,5.624666660042573,6.521972249923802,2
marRp,10,2,2.4234325821925844,1.793092080593537,5.267030738017827,5.929306275623722,2
marRp,2,1,2.4234244804381695,1.7823422404304499,5.214750912414956,5.931264526504621,2
marRp,6,2,2.4230156069789612,1.744115593247639,5.266570730637893,5.975063916281666,2
tisBp,40,3,2.4228039789710145,1.512772692954429,5.3696899786871235,6.203628748948615,2
tolCp3,34,2,2.4225776274880477,1.051603194595454,5.879387838391958,6.8349840558403,1
uofp,30,2,2.422327015937002,1.3921269610770977,5.645126535743726,6.517670435339385,2
icdC_predicted,15,3,2.4222875209547587,1.3736185213232568,5.706083750473121,6.562894268225843,2
galEp2,13,1,2.4218304780181423,1.4922581723112098,5.418789689331229,6.31347438203645,2
blrp,29,2,2.4209858057112426,1.6558179886290367,5.330110084272011,6.1342419974831675,2
tolCp2,4,2,2.4206584154622752,1.3326901768537143,5.574364762919139,6.50961287569274,2
ybeDp,13,3,2.4202851718004847,1.701126960862873,5.4242326186862195,6.149425479063856,2
tolCp2,11,1,2.420057691771498,1.3456116336462727,5.601733820892742,6.476668713670691,2
yahC_predicted,4,3,2.4199296557711154,1.1697661868509894,5.790901636595404,6.721963084466422,2
ykgRp,15,3,2.4197945664576266,1.2470752869559443,5.567744405093802,6.594630161838653,2
aceBp,39,2,2.419705603693376,1.4523191227668923,5.467686394286649,6.374537099716835,2
pheMp,33,2,2.4189256104217476,1.691439011280351,5.383988469403561,6.162984704889254,2
acrZp,34,2,2.4184571940781936,1.382669037388681,5.578240244031805,6.450876638864492,2
ykgRp,8,1,2.4182855934967726,1.3291730040314322,5.569251677946427,6.4762564582177315,2
ldrDp,14,2,2.417738292363819,0.9092443827211804,5.750149165747725,6.8935101225699835,1
galEp1,19,1,2.417606201475917,1.3273964812050776,5.557324852715885,6.554615881803601,2
marRp,40,1,2.4166463093416666,1.7809414184081935,5.250574982879168,5.949632773636404,2
furpa,29,1,2.4165355256137997,1.782289503618157,5.456136435666343,6.144357613939715,2
sulAp,18,1,2.4164477396634174,1.5680044613790374,5.402720165485622,6.17816396855954,2
tolCp4,11,1,2.4161024811965945,1.0770913057832978,5.870385747533756,6.786978858479229,1
hdeAp2,16,2,2.4160613662349824,1.2065462761399248,5.620043186094145,6.643446248467702,2
tolCp4,14,1,2.4159802404751165,0.913047006875914,5.850745868271862,6.893029261309013,1
yadL_yadM_yadC_yadK_predicted,29,1,2.415366352923103,1.1613383810582356,5.695079783104431,6.758490119562602,2
gyrAp,13,1,2.4151387450957706,1.4783080427372197,5.6601009980518535,6.446659101571046,2
sulAp,19,3,2.414406569843792,1.565529971762981,5.442972585947608,6.221502788101427,2
uofp,40,3,2.413606700667745,1.5869156534870954,5.590559932355198,6.326049879804584,2
tolCp2,10,1,2.413426190910804,1.3390073970443372,5.624696091217786,6.480484095379463,2
gyrAp,35,2,2.413036643473124,1.529378565232895,5.614086173502896,6.3794541346179825,2
blrp,13,2,2.4127666227307145,1.6413478953893488,5.392654317982185,6.123460400286381,2
ymfM_beeE_jayE_ymfL_ymfR_tfaP_ymfT_ymfN_ycfK_ymfQ_predicted,8,2,2.412547471255359,0.8836794068219891,5.870052772669242,6.935230547801446,1
relBp,32,2,2.4125226464513845,1.537805361168025,5.348780387804133,6.194871992768242,2
marRp,18,1,2.4123693481967705,1.765468814370133,5.272035619850483,5.9691375114721925,2
furpb,25,3,2.412123916432471,1.498116996439716,5.455416952602745,6.317812009845592,2
furpb,7,2,2.411426543003847,1.4166792011492026,5.562150090780488,6.427842265000829,2
ykgRp,14,3,2.4112870388339647,1.3212106741214515,5.541702684909616,6.533315483194244,2
ybaY_predicted,9,2,2.410574591510705,1.4348079412614256,5.526144381369575,6.460499298011862,2
tolCp4,13,3,2.4104025392483637,1.053063963790215,5.83637322192067,6.8348388847774935,1
furpa,36,1,2.4099516709466187,1.5699469236213384,5.543385362085152,6.344705382412208,2
ompFp,5,1,2.4098592666457814,1.4043259200879084,5.490546403010126,6.410903399213457,2
ftsKp1,14,1,2.409544730507489,1.3735477650084063,5.606349735730467,6.489558318150195,2
relBp,40,3,2.4092069117566313,1.5022604431880204,5.3113588788071615,6.190534083948792,2
acrZp,34,1,2.4091528092774612,1.3947504664199482,5.571370150264666,6.4394595682098625,2
pheMp,36,2,2.408686551781039,1.6645593678094062,5.351292487463329,6.1480558295073315,2
ldrDp,11,1,2.408266506942191,0.8433632038509156,5.665199752710738,6.908024138798147,1
gyrAp,2,2,2.408153949747324,1.3219136985568722,5.677657270798905,6.590518995047468,2
aceBp,39,1,2.4080059984819786,1.3399013382661218,5.559908628950016,6.514402902880208,2
sohAp,8,1,2.407025100849485,1.5341100359347224,5.481468171010907,6.302761156705945,2
pheMp,19,2,2.406929100591222,1.4998857411822653,5.532139033512789,6.378863752499391,2
sulAp,34,2,2.40685103067167,1.5291825914766826,5.366057953478812,6.205666923972803,2
tolCp2,3,2,2.4067371577710936,1.3306961715158183,5.63305580615219,6.506608831299003,2
yadN_predicted,23,2,2.4065905852540497,1.0848731799561864,5.874728541241275,6.839771743255328,1
furpa,29,2,2.406068051510911,1.7182987228087465,5.444757924883611,6.184863408560869,2
relBp,12,2,2.4057575323193565,1.500674152761678,5.372681913795127,6.260435854023842,2
marRp,36,2,2.405106386919454,1.7367254141853576,5.297553965259731,6.027480202128979,2
furpb,39,1,2.404754920821487,1.3861354913198765,5.712484043196884,6.487501120865607,2
pheMp,21,2,2.4038835023819036,1.6435294251615244,5.45944988627855,6.218886107963453,2
hdeAp2,38,1,2.4031943093682715,1.1066258206498045,5.831398882650028,6.798435353060704,2
ybeDp,41,2,2.402495588789502,1.6970678187691093,5.391997985284352,6.14729051343981,2
aceBp,29,2,2.4021499974275695,1.288956845704444,5.588641956953465,6.556759143023757,2
tolCp1,1,2,2.3993605003686462,1.2473245715985894,5.6903766527607935,6.574852099943174,2
fldAp,31,2,2.3984779367059152,1.4169525093247581,5.58026438789247,6.4610125025227285,2
yqjE_yqjK_yqjD_yqjC_predicted,35,1,2.3984733370264566,1.462312103767126,5.54255860235981,6.3976265753843675,2
ybeDp,40,1,2.398403244329456,1.6987859616175567,5.364380173323688,6.1480953253685335,2
pheMp,36,1,2.398298235210725,1.6155567504657475,5.389973469704666,6.203516173520532,2
acrZp,6,2,2.398260096441132,1.4217839296291475,5.6349005146973585,6.508469438497933,2
gyrAp,2,1,2.398245253039885,1.5991040094082396,5.632564355894644,6.3694878245088695,2
furpb,8,2,2.398081427518129,1.4652594348725563,5.514622940075325,6.389631938786466,2
hdeAp2,20,1,2.397176666749458,1.1978448934085808,5.756991546538592,6.713080610722226,2
fldAp,16,1,2.3970403015157267,1.5334473100696837,5.620664125944213,6.3484499172049045,2
acrZp,39,2,2.3961169369874904,1.1848688485930585,5.719156447494186,6.693961367732569,2
tmaR_predicted,23,2,2.3958472292895823,1.2547205362113358,5.586599118815933,6.617462326539617,2
ybeDp,28,2,2.395099999232488,1.6637626399367287,5.414063707440214,6.204269941817499,2
yacCp,34,1,2.394268693021492,1.614996494816759,5.412720841062978,6.1558475578498815,2
gyrAp,3,1,2.3933521274932827,1.518311358843069,5.526523275281454,6.376321383047077,2
pheMp,11,1,2.392910126958287,1.664841015660072,5.407304624015458,6.175676376376607,2
xylFp,21,2,2.3921455750800047,0.9130083860143158,5.9087214652570434,6.925765359557676,1
ihfAp4,38,1,2.3921362335764242,1.3380449363944735,5.578861787389004,6.5702578060086765,2
tolCp2,12,1,2.391860606890633,1.3528188483320778,5.56841554076062,6.498388966492012,2
ftsKp1,17,2,2.3913542886082575,1.42014388686396,5.503883880660457,6.414419988730847,2
xylAp,13,3,2.3910857084946353,0.9089958640375922,5.71195989460855,6.888677999811728,1
relBp,18,1,2.3907648119875575,1.5131321985415236,5.3681672438066474,6.216018574330867,2
tolCp2,2,1,2.3907036122883856,1.3501091151519686,5.637544321517492,6.483130838282693,2
fldAp,7,1,2.3903713087191236,1.8385325299201694,5.485706312011665,6.105897070961996,2
pheMp,6,1,2.3903180212869333,1.616146339891223,5.4546444506646115,6.25842469269405,2
sulAp,15,2,2.390212805027356,1.574351514342979,5.417675635451207,6.2058969295846875,2
recNp,25,3,2.389497060114139,1.5758562930229314,5.4718984005676194,6.235057943802162,2
marRp,3,2,2.3894907936028775,1.7105464983116383,5.340015676395305,6.049282235876158,2
elaBp,35,2,2.389238660059504,1.154233620930469,5.598651295856156,6.668140120353451,2
pheMp,19,3,2.3892048945655313,1.6102988823383133,5.476702761101967,6.267100804100868,2
gyrAp,9,1,2.389161545776075,1.644276331195627,5.535129974863658,6.219001351276268,2
uofp,36,2,2.3883270171677995,1.4684908503840355,5.518854353710571,6.382448633810814,2
relBp,38,3,2.3881737371281995,1.53415012096644,5.3780337253160235,6.2113524512737275,2
ompFp,35,1,2.3881552618613355,1.4641742058580236,5.4686757752259165,6.356878471898081,2
yqjE_yqjK_yqjD_yqjC_predicted,40,1,2.387961712390397,1.5120751092635116,5.516010859181809,6.395917674893404,2
ldrDp,38,3,2.3873162693770835,0.9178529146279113,5.409307650317643,6.810124718055533,1
tisBp,18,1,2.3869829880972673,1.4686719893137348,5.419773635121975,6.285790605798915,2
ybeDp,2,2,2.3864941239805737,1.6040120061977943,5.4618255168836045,6.279528056403343,2
acrZp,21,1,2.3860780237507706,1.2200067592337707,5.641207597454312,6.649351055765423,2
yqjE_yqjK_yqjD_yqjC_predicted,3,2,2.385945358644894,1.5111034015447107,5.706027986772958,6.459457671237111,2
dicCp,24,1,2.385617098828807,1.3976429442850113,5.447502542911785,6.449501587215808,2
ldrDp,39,2,2.38561487783165,0.8499652633240531,5.792016795928984,6.930836651729786,1
yqjE_yqjK_yqjD_yqjC_predicted,12,1,2.3850424019225165,1.5487518243982292,5.625240913540598,6.375540921831488,2
ompFp,28,1,2.3850073945395005,1.4059152355585385,5.509652918274387,6.421195651357394,2
ybeDp,40,3,2.3849841819212556,1.6769547629668808,5.428451141626235,6.180091825417532,2
yacH_predicted,16,2,2.3844071847778316,0.9062927358688886,5.7702784408407,6.880847203078147,1
tolCp4,39,2,2.383781651150236,1.0891861102310822,5.810811736825961,6.767535262720908,2
acrZp,3,2,2.3828888478401384,1.282180893978915,5.689170567073878,6.58281404410673,2
elaBp,16,1,2.3823754271425774,1.4623290056014664,5.659237596174934,6.487423198223701,2
tolCp1,1,1,2.382301492846609,1.3609112819507458,5.5820123888356346,6.432095050203029,2
tisBp,11,1,2.3821256297217652,1.4631475306683088,5.4529427476658245,6.28178688850669,2
yahC_predicted,10,1,2.381724457645811,1.0087732434961056,5.755270277499397,6.859480433888603,1
xylAp,4,3,2.3817078078185125,0.9687389423782261,5.680393118969489,6.82332260392721,1
ftsKp1,25,3,2.381218070792999,1.6750769655422686,5.355851403510496,6.144369918662328,2
yqjE_yqjK_yqjD_yqjC_predicted,25,3,2.3809931434984866,1.666418924882646,5.461774817802757,6.1787578337085165,2
marRp,34,1,2.380992890834188,1.7667024060550964,5.310245916242674,5.956626635233292,2
tolCp2,34,2,2.3806041775658686,1.302206269775058,5.614582938687638,6.534804472704343,2
tolCp4,25,3,2.37981161740268,0.9613888744570306,5.777233296880245,6.853592971888593,1
tolCp4,40,2,2.3796788197727308,1.1658742258271386,5.78361952254153,6.685980423846564,2
fldAp,25,3,2.3789696333064243,1.624632951563268,5.482003556937617,6.248016946404164,2
cpxRp2,29,1,2.378169384685797,1.1382399389418434,5.75642793180084,6.696803689047068,2
uofp,21,2,2.37815701693941,1.2874939808583827,5.660869760153619,6.591097876414336,2
uofp,40,2,2.378131758527039,1.5685318068651017,5.594003576170236,6.353895891831033,2
gyrAp,12,1,2.3769986540124504,1.5556847999251788,5.584764774934743,6.382434842202558,2
furpa,1,1,2.3767584754568984,1.615408375071644,5.525759545746572,6.277824696216696,2
tisBp,37,1,2.3766493756012212,1.4447010431082257,5.4743125871766765,6.331719650942707,2
tmaR_predicted,15,3,2.376419244385777,1.2976972221625154,5.658323705637508,6.549476540663475,2
furpb,15,3,2.374694032828377,1.4724015070200753,5.49275582579831,6.356066224818797,2
tisBp,10,1,2.374338474684578,1.4085577189322913,5.436651454777607,6.349835080970422,2
xylFp,11,2,2.3734776719052624,0.9620075982368538,5.938981022076481,6.914135268831638,1
ihfAp4,19,1,2.3734668160562515,1.2762636091412682,5.722331230252317,6.665309058872454,2
marRp,32,2,2.3732947659517865,1.7612510250606992,5.285962969111247,5.979986856680393,2
pheMp,9,2,2.3730169853835625,1.4077518444879014,5.5195537629161295,6.424612085548867,2
yahC_predicted,14,2,2.3730091982124724,1.1604739057296862,5.843519365470726,6.738081473344773,2
aceBp,30,2,2.372933174360975,1.2134235706715324,5.600886719359316,6.635728948888126,2
relBp,11,1,2.372876014794003,1.4754010062509948,5.382878009625374,6.306903263914858,2
marRp,21,1,2.3723118779868475,1.6804022660026503,5.347094000477451,6.070132677379273,2
elaBp,21,1,2.372255303484351,1.3194761283095815,5.623597683595928,6.485292315637357,2
aceBp,41,2,2.372205663681031,1.5107054065219854,5.435521969113984,6.3042636816309106,2
elaBp,23,1,2.3715143454272085,1.0620120897878076,5.657662882692138,6.762725896642444,1
marRp,1,2,2.3714398493569635,1.7344217802325421,5.319380732793108,5.9968985619009825,2
marRp,5,2,2.371401375250682,1.7228274551988072,5.338677366793435,6.040233767469569,2
galEp2,13,3,2.3713833292128976,1.525875983178836,5.368021617346543,6.251156702018856,2
tisBp,10,2,2.371312136677356,1.4905295302263566,5.430162371522634,6.246641397545164,2
yadN_predicted,19,3,2.369703938611164,0.8563982290953428,5.2824906330087815,6.850534988780526,1
yqjE_yqjK_yqjD_yqjC_predicted,24,2,2.3694313006274443,1.7750612962822232,5.4808671511645555,6.130799390294117,2
ybeDp,1,1,2.3691015284500745,1.6795859383166687,5.425677163540374,6.1523350982826415,2
yadE_predicted,36,2,2.3685217749900014,1.7433493059727252,5.47962850812951,6.174358536707919,2
furpb,14,3,2.3683899759631344,1.4720324564365908,5.509879631814195,6.35892398642522,2
pheMp,34,2,2.3682125298122823,1.6686609534720243,5.397096201061126,6.1720784555407775,2
pheMp,38,3,2.3678559728787434,1.6673151633449288,5.436625193188427,6.189337915224807,2
yadG_yadH_predicted,1,2,2.367556263423842,0.9043463671004026,5.787400661966384,6.90017286516367,1
cpxRp2,13,1,2.3674696810783353,0.9353238801691437,5.771849895998365,6.897633280254523,1
relBp,14,2,2.367425963079607,1.4969047914509055,5.3511962745310875,6.218400484969024,2
acrZp,10,2,2.367249781085699,1.3437009275058345,5.655742468329898,6.552941138878524,2
ybeDp,36,1,2.367087160747595,1.501875913301945,5.465789839872767,6.344311949055229,2
yqjE_yqjK_yqjD_yqjC_predicted,25,1,2.3670340709916835,1.5475520104855902,5.558412743833672,6.332783631027561,2
tisBp,36,2,2.366759176243541,1.543257825045452,5.367925661822769,6.2242032187416765,2
relBp,28,1,2.365151625422624,1.5102343626118704,5.414485373044776,6.245375589165224,2
tmaR_predicted,28,1,2.36506882111502,1.2340303334912022,5.685355357639984,6.668902336552041,2
yagB_insX_yagA_predicted,15,3,2.3648076691762596,1.349937995681173,5.6034277854547865,6.513666716316798,2
tisBp,32,2,2.3647753580479236,1.4742885937715366,5.419325136276631,6.259075856996926,2
acrZp,3,1,2.364528777846131,1.3262210160656567,5.675129358574768,6.562599468755896,2
fldAp,8,1,2.3644324333135454,1.7605900940313486,5.469051650871589,6.139679727400619,2
tisBp,33,1,2.3636098685409412,1.4781899072189162,5.427015408485142,6.246550741203937,2
kbpp4,23,1,2.3629164068163253,1.1154631977437643,5.693890431693513,6.7088347121808845,2
uofp,6,2,2.3627021920227125,1.5501957193810034,5.577520546231367,6.3085983771172565,2
acrZp,35,2,2.362572068035775,1.2726370995748786,5.687686761187731,6.60620454751213,2
galEp2,30,2,2.3625409552847585,1.3260277309305002,5.51635126467645,6.491090874181525,2
marRp,11,1,2.362521160074002,1.7520373727416383,5.333492000435223,5.976724493181546,2
marRp,18,2,2.3619994499578385,1.7380852211228308,5.318797826170574,5.996779290174794,2
elaBp,9,2,2.3613923558659007,1.0781405242232946,5.633618656101673,6.712728886893197,2
tolCp4,9,1,2.3607370146888647,1.0446916274413405,5.768146006345308,6.765136054362925,1
uacT_predicted,8,2,2.3591548040245485,0.9427415074954244,5.924442413140504,6.896256153066754,1
galEp2,31,1,2.3590587349914336,1.301291213988189,5.6869840242478205,6.605409408608808,2
galEp2,29,1,2.358928990384925,1.228502771968407,5.725821401700934,6.619608000011223,2
yagB_insX_yagA_predicted,25,3,2.3588562062831215,1.2095530863889814,5.757162895252183,6.698773424822672,2
ybeDp,6,1,2.358235491738833,1.6505714002298126,5.478987689680434,6.212984035061265,2
tisBp,36,1,2.3580546081881675,1.6362167707947417,5.460826868838868,6.271619578173501,2
uofp,10,2,2.356528470972314,1.5202391783895028,5.592907790124578,6.350584640930162,2
ybeDp,17,2,2.3564812665096992,1.6978933324205305,5.506736098238552,6.210866928032527,2
furpb,19,3,2.3561963889156754,1.4918429698157725,5.548645488879368,6.342978479962775,2
ybeDp,39,1,2.35586055331908,1.5615063994183014,5.4741023210454856,6.314455134587719,2
yahC_predicted,22,3,2.355639741635959,1.006152605596779,5.897508489923297,6.866291483721721,1
rdlDp,41,2,2.35524541881539,1.3767556097658846,5.536764414462787,6.47174165218755,2
uofp,3,1,2.3551826265161844,1.501456155792637,5.6853796817747515,6.435655614427417,2
ompFp,16,2,2.355092448555585,1.4242190359740887,5.477091537876257,6.407953589391989,2
yahC_predicted,40,2,2.3545227568471687,1.0481956014856928,5.717348601147446,6.796374313422572,1
ybeDp,3,1,2.3544453101671645,1.614555487928051,5.486440895439651,6.258517621257658,2
yacCp,41,1,2.3543422788181205,1.6315021718812202,5.398686679519153,6.137481229303303,2
furpa,12,1,2.353959412829663,1.5223221366622903,5.635102928177827,6.4063298758716805,2
tisBp,14,2,2.3539443570476815,1.4892031729926831,5.390016762269352,6.240948342282651,2
ybeDp,21,2,2.3535122140010283,1.6376617336423265,5.466813233966231,6.203663201936584,2
recNp,28,1,2.3532640187701865,1.4385805012082356,5.503280311218955,6.37594158668643,2
yahC_predicted,32,1,2.3530910012927153,1.0452161486721925,5.780333917537698,6.836495297514056,1
rspAp,23,1,2.3530683697466426,1.0720326650878045,5.801790200164196,6.784136215825479,2
sulAp,11,2,2.3526813589991296,1.5283437221732699,5.453233402988877,6.279120626468838,2
relBp,11,2,2.3524591591192676,1.472406351194975,5.448828789285347,6.3114376672156975,2
tolCp1,4,2,2.3523198523910547,1.2872099310097769,5.663720810500601,6.5587859838977325,2
aceBp,14,1,2.352085923040468,1.443937876109145,5.480071653772034,6.398723381675975,2
marRp,38,3,2.3518822834771935,1.7234874801090345,5.355242936252898,6.022936740479558,2
uofp,14,2,2.351186164693761,1.5274508795881354,5.604853067239384,6.343081687449528,2
xylAp,32,1,2.3511276003991792,0.8040405898425839,5.80631767684638,6.998661255794404,1
gyrAp,15,2,2.351099943036954,1.425039480949642,5.705046497079548,6.514533539011291,2
tolCp1,35,2,2.3509328898554114,1.2451859008348363,5.727227373907452,6.568399790498411,2
furpa,13,2,2.350910047379943,1.6691106283282973,5.549561839872084,6.221954556034365,2
fldAp,9,1,2.350870044271232,1.398322363447229,5.480811085308838,6.443244773310149,2
galEp2,20,1,2.349672725825458,1.3305896369137955,5.588816413419865,6.492398914122239,2
uofp,5,2,2.3492327947104585,1.5045838031181138,5.619995818863842,6.390909578346626,2
fldAp,31,1,2.3491431549843096,1.3388589090117273,5.508320521468816,6.477217276578663,2
tolCp1,32,1,2.34903842594453,1.248984537415572,5.6705169271318585,6.565578063627615,2
furpa,10,2,2.348796258033513,1.6643292873636177,5.550962423204113,6.261556879581223,2
tisBp,4,3,2.348600134481491,1.3493737616529364,5.4703074794148385,6.427026693516829,2
furpa,41,1,2.3483673630787996,1.5513086565621215,5.575398383894797,6.36529880005772,2
kbpp4,8,1,2.3479393158570545,1.8916323271968656,5.501940270070572,6.05790906332045,2
ybaY_predicted,23,1,2.3472328630983146,1.381625806369156,5.588048017238156,6.48438781649417,2
tolCp1,3,2,2.3470806318655058,1.3196121123065219,5.647424809753062,6.4902341832304025,2
furpa,7,2,2.3468600592408566,1.5547527496561726,5.60041544006396,6.333680829366369,2
relBp,2,2,2.3466596991615623,1.3460619693672435,5.472699777889592,6.447404803428823,2
relBp,3,1,2.3463840652932113,1.4470263505855054,5.413591277774078,6.318861524280538,2
kbpp4,7,2,2.3453005306289625,1.9249654318766056,5.4783641208365195,5.997029401967166,2
ldrDp,1,1,2.3447807806902126,0.9883173437346677,5.8168001109437455,6.845848839109964,1
tisBp,3,2,2.3444394464935607,1.4703088320665425,5.430737026378079,6.2645042120600225,2
galEp2,39,1,2.3441584034903786,1.4023937347815132,5.4531635790330055,6.383399301793221,2
yadE_predicted,15,3,2.3437769252597356,1.7849444348503745,5.4516287295379495,6.129256318801385,2
yacH_predicted,14,3,2.343734470261146,0.8580494163575985,5.597374981894771,6.867454662940319,1
ghoSp,35,2,2.3435951404692794,0.8859153806682173,5.886762702308975,6.966225853965356,1
relBp,41,1,2.3431576848577467,1.4424537688516157,5.409743737701429,6.278056728898579,2
tolCp4,12,1,2.3431058332491643,0.9683922553448119,5.805739560833361,6.868292975341026,1
tolCp2,23,2,2.342843493490462,1.4070864610524711,5.508550905960428,6.4142748713744195,2
tolCp2,23,1,2.3427994990210292,1.4067410841686643,5.4816896103282815,6.3997164258470525,2
ghoSp,32,2,2.3422040840371765,0.9015401624156526,5.880092042531112,6.921673445665471,1
furpa,37,1,2.341602132876237,1.5907914778983472,5.574361371844182,6.357213818506198,2
relBp,17,2,2.341465719779594,1.4169167078467877,5.527584115028739,6.3954844310842525,2
araCp,23,2,2.34135634357564,1.1916792621990522,5.6943247241362505,6.654813911273023,2
ybeDp,7,2,2.3409595598166297,1.5794559691806067,5.46981987462882,6.2622609422007915,2
ihfAp4,31,2,2.3408763173226004,1.2802723290073965,5.684072864730586,6.649327593724803,2
mglBp,14,3,2.3407037924646663,1.207590520311514,5.576137847677705,6.5155460506935015,2
yqjE_yqjK_yqjD_yqjC_predicted,5,1,2.3403799643407144,1.6054169478780471,5.5970855460935205,6.2964352209101495,2
acrZp,8,1,2.340317726268222,1.5192249226425165,5.58688603441556,6.358637066007353,2
marRp,13,3,2.339964284208623,1.6899585043422416,5.341569644351541,6.034732083613427,2
araBp,37,2,2.339397926961774,0.8763693734518612,5.919476827222436,6.948222165728493,1
acrZp,18,2,2.33930338087746,1.3362888101092718,5.685767728732866,6.543874883692375,2
uofp,16,2,2.3389272112454473,1.0126812346503562,5.683285100488531,6.806984018146399,1
furpb,38,1,2.338762427789954,1.4717667754658335,5.610028777943955,6.406675810916315,2
yadN_predicted,41,2,2.3377677335088634,1.0118057513784198,5.537481075337556,6.811925964530092,1
relBp,19,3,2.3370811007328363,1.4018827959313704,5.417166640520557,6.348895423317369,2
mtnp,5,2,2.3370036251761745,1.3377014990374803,5.552745098551236,6.4513127943242985,2
cpxRp2,12,2,2.3363943932959725,1.0348108686397017,5.8276576635198385,6.860870464046533,1
ybeDp,4,2,2.336109946418953,1.6218136746776843,5.456536450041398,6.232920228888305,2
ompRp4,7,2,2.335902348450309,1.711367083846791,5.527713616623009,6.200249363313252,2
tolCp1,40,2,2.3355345447304368,1.199122502437783,5.6562039156488,6.620515956087788,2
tolCp2,32,1,2.335480227005942,1.2921677070702087,5.649670622413391,6.5595255652115885,2
sulAp,31,1,2.335209843438497,1.4335525713756552,5.550668462300029,6.366074608284074,2
uofp,32,2,2.3349037804836987,1.5033482542744343,5.6635182782115105,6.389565562821319,2
hdeAp2,15,3,2.3349023177320083,1.1527501816581227,5.687347730130808,6.656746130939606,2
tolCp2,1,1,2.334149225923488,1.3177371336463088,5.619397965951144,6.49571181624837,2
acrZp,32,2,2.333514250195288,1.3149902126187512,5.659948430707464,6.550909000791451,2
blrp,21,2,2.3328372124151624,1.3713565399938386,5.536677343647823,6.458228736391735,2
relBp,39,2,2.3323997590208365,1.4298147166297412,5.415460240073656,6.331189706549524,2
tisBp,40,1,2.3323138376103096,1.4418777615094331,5.4843646306118,6.3069467423541905,2
furpa,6,2,2.3318980144970087,1.6393712496893975,5.560242465864915,6.29214447533762,2
galEp2,24,2,2.331023592741517,1.506686007546145,5.624023419235783,6.3538423845573915,2
tisBp,21,1,2.330983424001307,1.4196913634187223,5.4922519610266765,6.334388550160741,2
uofp,36,1,2.3309058450501445,1.4658411659904367,5.5000319118868735,6.39547864500417,2
ybeDp,33,2,2.3309052610879175,1.654804288332096,5.47075431953548,6.166824735192859,2
sulAp,20,2,2.3305560806191004,1.3307762030970096,5.597151631053828,6.5253879959470815,2
ghoSp,29,2,2.3302883950671083,0.8766066776632692,6.07047185826575,6.967304927556301,1
lacIp,41,2,2.330158105350391,1.2824751478986887,5.636433681080048,6.544811317490525,2
elaBp,13,2,2.32997350349963,0.8729248614827704,5.70579527180412,6.873074607209473,1
ybeDp,12,2,2.329608601819774,1.615597969429875,5.428997119271247,6.2462451070277085,2
relBp,41,2,2.329602757208376,1.5198335070666846,5.425406975087491,6.2114533952789905,2
xylAp,31,1,2.328740958284713,0.8855654378504468,5.797902796452388,6.895411413294396,1
sulAp,35,1,2.3285095190427514,1.4812896437648522,5.4512008063999815,6.298696599840783,2
yadN_predicted,21,2,2.3284685979759603,0.8917352710671939,5.3696786421117535,6.858978974710952,1
furpa,9,1,2.327212149965721,1.1577983821568605,5.845082052377812,6.71763713567551,2
relBp,4,3,2.3271980006263813,1.5253166637179039,5.391923155127818,6.189650217015496,2
acrZp,21,2,2.326475841041216,1.2346291099969617,5.62855752904307,6.588566429348395,2
gyrAp,40,2,2.326030313942539,1.4893543684452,5.576907991521894,6.428042097289637,2
aceBp,4,2,2.32600179712721,1.4294054087159078,5.57905314271796,6.436193949828535,2
furpa,5,2,2.325826298419141,1.6001545356323195,5.550409881115675,6.330703529254164,2
elaBp,14,2,2.3258062680967426,1.0878029283337056,5.694096646019716,6.735114153736471,2
pheMp,3,2,2.3253903881697475,1.6121119410875062,5.45098537604425,6.236589146578922,2
znuCp,36,2,2.324546958952631,1.3064114873917276,5.655769732519229,6.572935356417243,2
elaBp,12,2,2.3240006837124567,0.9263606410028811,5.842971594877883,6.915090776909688,1
mprAp,5,1,2.3239347135470716,1.278559271461399,5.565765010407788,6.521812401438664,2
yacH_predicted,8,2,2.323687870980229,0.9481195441517926,5.641926891125356,6.829898544408465,1
xylFp,31,3,2.323523758975095,0.8531081858932488,5.958325592504193,6.968099569128006,1
rcsBp2,18,1,2.3231511129881706,1.3609554495759255,5.549261117161742,6.466511392540951,2
acrZp,12,2,2.3230263257836827,1.232267897326967,5.732519629744504,6.660677381748879,2
ompFp,22,3,2.322675640635391,1.2973582611120036,5.776015166927559,6.617310687980457,2
relBp,1,2,2.322551938687618,1.436192797775083,5.456015525214297,6.337992618952416,2
mglBp,11,2,2.32252679497364,1.013738312503355,5.7991852192403,6.816432267698576,1
elaBp,17,2,2.3224511181655036,1.4286919260220106,5.625821529942737,6.450404928150228,2
tisBp,39,2,2.321941733175671,1.2523184485751482,5.620949389377179,6.549168195471966,2
relBp,13,2,2.3210105280292437,1.465050343756031,5.485356580041458,6.3256101877644095,2
ftsKp1,8,2,2.3202775455815883,1.6888254204906605,5.431849762152099,6.144596624313012,2
tisBp,38,3,2.320198253533497,1.447943710515331,5.468194458228902,6.310236500092729,2
acrZp,17,2,2.3201305386470166,1.2382171818910306,5.676072646841324,6.5286208169428885,2
relBp,32,1,2.320126114933569,1.4340218404726315,5.485447343666228,6.337071813017497,2
aceBp,13,3,2.3199087708879635,1.2962078704553057,5.593524169654497,6.565803314160215,2
cpxRp2,2,2,2.319807096867983,1.0120749874262012,5.863438455512812,6.873639640071082,1
relBp,40,1,2.319553112828623,1.4614909116950143,5.441817529097324,6.279589456691276,2
relBp,37,1,2.319429114630706,1.4905675953924158,5.417293997375468,6.252153561089536,2
elaBp,23,2,2.3191336754952494,1.1810506949294355,5.6727191192732285,6.649919097896044,2
rcsDp,15,3,2.3189517867038636,0.9162856881149095,5.9085908057630885,6.900940799118454,1
ihfAp4,4,1,2.318825207269968,1.2144036196031989,5.694381994716537,6.707822414560287,2
sulAp,22,2,2.318283618194373,1.3730562120321415,5.575441276510084,6.446667380960233,2
tolCp1,10,1,2.3182731351699184,1.3410262999046725,5.598424532334109,6.453954821833332,2
furpa,21,2,2.3181205313634217,1.6236675350452348,5.560373490374287,6.2987580306991,2
tmaR_predicted,33,1,2.317395345130768,1.1940312529547188,5.707176870350333,6.693953517063629,2
aceBp,34,2,2.3173565517437744,1.4441445110912468,5.523844323007139,6.393104146746321,2
aceBp,9,1,2.3172944712163788,1.200290608716886,5.688082035375965,6.614526783339163,2
ybeDp,8,1,2.316661782950074,1.565345964880655,5.407738097383418,6.208596084505606,2
hdeAp2,9,1,2.3165899214588586,0.8659244626418463,5.8680329948479715,6.975861805661106,1
tolCp1,9,1,2.3160787720156706,1.1804768482358536,5.767854192583924,6.660499408904791,2
ompRp4,36,2,2.315233668438224,1.4269380900919708,5.620834797566648,6.453961259885531,2
crpp3,29,1,2.3151115227729453,1.1345440834212335,5.595254593843935,6.635251998339546,2
yqjE_yqjK_yqjD_yqjC_predicted,31,1,2.315050474240157,1.6287755655462268,5.555873426953937,6.247860022522696,2
furpa,10,1,2.314412949156445,1.582108487277178,5.539688987212341,6.294222749027164,2
cpxRp2,16,1,2.3139337865715666,1.0431433289616285,5.711793816326057,6.8248259498680905,2
relBp,34,2,2.3138830647917255,1.4574717717954937,5.4497814367374025,6.262988923322343,2
acrZp,40,1,2.3138569864834926,1.3427349545268414,5.714679895305441,6.562362770700916,2
aceBp,17,2,2.3135378284626706,1.3765572895716267,5.496949900597215,6.423726628402724,2
tolCp4,17,2,2.31326402338114,0.8506683949794316,5.906829879735466,6.969296728334562,1
gyrAp,34,2,2.313055762760817,1.4980804992528254,5.593192577011294,6.4170999865422695,2
xylAp,15,3,2.312349592284692,0.9676053359768602,5.818347799533128,6.875735040072241,1
tolCp3,18,2,2.312291851761967,1.0223312334063115,5.887637053010428,6.82693775239145,1
aceBp,34,1,2.3115827355129355,1.4785237145062708,5.45962983270029,6.338909751920821,2
recNp,25,1,2.3114294996007985,1.4553322197382526,5.514355529663842,6.34630321229586,2
yacH_predicted,15,3,2.31137339784421,0.85403231682005,5.693735834645214,6.907274391946012,1
tisBp,15,3,2.3113012037790814,1.2415138159811887,5.683183714058693,6.559159921515498,2
ybeDp,34,2,2.3105494988576183,1.5796941828437676,5.4661903449600215,6.304357672503127,2
relBp,4,2,2.3105123880247853,1.3599243103804752,5.46766238481142,6.369166845056214,2
ghoSp,10,2,2.3102280763258305,0.9532338890225099,5.958955861947107,6.927056011182014,1
ygfM_xdhD_predicted,23,2,2.3101943087358556,0.8258929432928785,5.256679661498387,6.852802951007591,1
marRp,1,1,2.31011620310233,1.691450399342806,5.407727640174569,6.081883454281523,2
tisBp,12,2,2.3101097009651403,1.4311284598642753,5.5110140196962245,6.334124609299257,2
tolCp1,12,1,2.309833048369001,1.2117403251569563,5.743686607488447,6.585687763072197,2
acrZp,33,1,2.3096775702894146,1.207536350401657,5.6485792422363605,6.609809281168667,2
ybeDp,8,2,2.3093644064811043,1.5854930333185449,5.416435388237175,6.20464240850634,2
relBp,20,1,2.3093572072604927,1.4047031943745156,5.465409517815152,6.361535493525878,2
relBp,10,1,2.3092620822412484,1.482697773265634,5.462696712683616,6.27488838016837,2
yahC_predicted,36,1,2.309176964778825,0.9400771993682105,5.868054858228266,6.92007036072388,1
yahC_predicted,13,3,2.3086797226812994,1.0669073220513123,5.8428981381763005,6.802907151148078,2
galEp1,22,2,2.3086283625848427,1.383890951117792,5.717547862471893,6.557307324170155,2
blrp,10,2,2.3083224239363327,1.5164190198811418,5.4824086191887815,6.279713754508958,2
pheMp,11,2,2.308078057433333,1.615381325226582,5.514445078031388,6.2519849809865935,2
tolCp1,18,2,2.3079064929791957,1.3343354671212633,5.630013577117087,6.4678458716057605,2
kbpp4,7,1,2.3075881972999905,1.870638660581186,5.496072491811217,6.072873766049343,2
tolCp2,21,2,2.3073577071823848,1.4124960884911462,5.601544960863018,6.391427015729354,2
yacH_predicted,7,2,2.3070173415911364,0.8635503272767251,5.95050296509881,6.942275032250793,1
relBp,15,2,2.3066451779863435,1.5317056836440537,5.483378849848733,6.245674302340102,2
gyrAp,38,3,2.3064638140714178,1.3905348957947385,5.701193709287529,6.551223043304887,2
uofp,3,2,2.3063914622415966,1.374884375210141,5.699807972972744,6.511440778599569,2
furpa,40,3,2.3062701244507795,1.5687365004517442,5.521843766660677,6.309844815143238,2
blrp,18,1,2.3060587915577924,1.4792524582168878,5.508653923337787,6.33703118844786,2
furpa,31,1,2.3059871134286767,1.3886824876038888,5.5409227012730895,6.43332766059528,2
yqjE_yqjK_yqjD_yqjC_predicted,40,3,2.30581842446853,1.4883071417958984,5.586846845883153,6.401802017599561,2
tisBp,2,1,2.3056183373685064,1.438280569309006,5.46734586432852,6.289074028030014,2
tisBp,24,2,2.3056105042031025,1.422976199565065,5.504453688264224,6.397430811875399,2
relBp,36,2,2.3053058229908183,1.5599885321130094,5.459636474544502,6.234863749898832,2
tolCp2,35,1,2.3050224056125783,1.0891223343900431,5.764624040402008,6.723770226853647,2
fldAp,7,2,2.304965186636636,1.7674044478331323,5.493731629352097,6.137509842780003,2
fldAp,24,2,2.304801860434438,1.473824422224291,5.621283378196814,6.410444019883516,2
araCp,25,3,2.3047436457724775,1.104403003445268,5.705266888612406,6.729409298561334,2
ldrDp,19,3,2.304415144639514,0.9552433900621141,5.853176270126879,6.869317969810809,1
rdlDp,37,2,2.3043083353859632,1.3242280322995517,5.620292851055927,6.558200849622876,2
rdlDp,39,1,2.303973742633732,1.1702208605055586,5.834692739897193,6.7348069807098465,2
aceBp,23,1,2.3031719340537964,1.4214929021588512,5.530662636998165,6.395040716775539,2
tolCp3,9,2,2.3029555883980426,1.1455969173771456,5.848029146635113,6.689656346264959,2
tisBp,12,1,2.302949086678653,1.4579054287839641,5.451787520400409,6.268816678279926,2
marRp,4,3,2.302719967649011,1.6921870967391208,5.378519992600612,6.066567893620288,2
lacIp,40,1,2.302520947183463,1.1385721093556156,5.774849212864902,6.716080616803227,2
rdlDp,39,2,2.3023325337910143,1.2475451944295655,5.618125754098745,6.607046543553427,2
rcsBp1,37,2,2.301880491410125,0.9312434751139763,5.760654860915803,6.853934636552124,1
tisBp,15,2,2.3015045849988223,1.3146834922825401,5.636684080475951,6.49033299758406,2
fldAp,17,1,2.3011476320932838,1.3344739131414896,5.669627908407343,6.541592391274433,2
ldrDp,35,2,2.3008710270716652,0.8379714240986876,5.777626081218858,6.935567672142249,1
sohAp,8,2,2.300648897997944,1.5332055955997372,5.5373107810489195,6.33077565328254,2
tolCp1,23,2,2.3004982848983557,1.455355447584066,5.566236849361885,6.33402019455459,2
relBp,3,2,2.300334023111888,1.4814596995234162,5.4148648559801025,6.246839705690952,2
uofp,12,2,2.3002786181945605,1.3763135037886953,5.64608036986885,6.496261318608282,2
sulAp,39,1,2.3002006113953763,1.3898357641626407,5.5380531983186945,6.401703261611354,2
tmaR_predicted,10,1,2.2993587449107533,1.187856652196002,5.701676162005066,6.689188133320815,2
galEp2,5,1,2.298793459186983,1.3227575315620306,5.633164850027611,6.557044509820411,2
znuCp,40,3,2.298618677691033,1.2033084771443632,5.586804201498713,6.618213658612454,2
acrZp,40,2,2.2983563827171847,1.2978771821860016,5.693346045029704,6.609188446167465,2
furpa,15,3,2.2979011477724027,1.6743634240840848,5.588795050394864,6.248574507569203,2
marRp,15,2,2.297139119802927,1.5619246139376353,5.540755880636027,6.250227834456138,2
uofp,34,1,2.2968213695726516,1.4729777586602444,5.655934786526254,6.416966780057301,2
mglBp,41,1,2.296762726876969,0.9856955346242651,5.9449200763410275,6.823836404529859,1
acrZp,41,1,2.2967170140590523,1.344680370548753,5.67311134479109,6.496990692994422,2
elaBp,11,2,2.2965069375242257,1.1246834653099143,5.736791393727785,6.7280922204775315,2
yqjE_yqjK_yqjD_yqjC_predicted,2,2,2.2961345651783143,1.3639972955825168,5.677562375050888,6.58316597025922,2
yacCp,41,2,2.2955560034638194,1.5664436856829678,5.485747647445047,6.242795267832958,2
relBp,16,1,2.2948565144924946,1.3752768100184756,5.6342254926577695,6.469647816587283,2
araCp,23,1,2.294060666000077,1.1173708845753898,5.779694647947085,6.723489369480223,2
yadN_predicted,11,2,2.2939609620042782,0.8692337942872216,5.3876975670639915,6.863618869092367,1
aceBp,23,2,2.2938386752040434,1.3474087888778457,5.541257365313726,6.446600554221984,2
pheMp,31,1,2.2935235540754744,1.6025192485677056,5.535156414172069,6.277395802431137,2
blrp,40,3,2.293478167662584,1.481811927637128,5.526547625324218,6.310727695062187,2
tolCp2,11,2,2.293070276120972,1.2393616816367459,5.61530177873072,6.572711955149089,2
tolCp2,25,3,2.292745522553053,1.1128868454296308,5.772050682390123,6.702088323904203,2
acrZp,40,3,2.2924790726385917,1.3342336833709143,5.738371027906277,6.566405881681897,2
galEp2,17,2,2.2924051600082493,1.4630952633334493,5.757402178111937,6.465121078958254,2
furpa,21,1,2.29231959444188,1.5119659670405707,5.623421936091222,6.385294178571309,2
yqjE_yqjK_yqjD_yqjC_predicted,7,1,2.2920088729803307,1.8014447574938797,5.478769460938251,6.072137942088562,2
tolCp2,9,1,2.291877653481894,1.2778585778396505,5.657400434352069,6.553384151563025,2
tolCp2,15,3,2.2915990956922614,1.2118686411210626,5.853119412356733,6.701700495389166,2
pheMp,37,1,2.2914680618671017,1.6318562082064123,5.458419846024427,6.193362776842324,2
tmaR_predicted,22,3,2.290990698757608,1.051304056254787,5.804764899213501,6.809540596484506,2
yqjE_yqjK_yqjD_yqjC_predicted,40,2,2.290915927949754,1.5142203916547332,5.641048986074976,6.4075777493100095,2
tisBp,13,2,2.2908428450663485,1.5036387225384182,5.4512376899031985,6.2019513918267855,2
tolCp4,7,2,2.290802469080862,0.9596668495771831,5.79748506266895,6.834719822185898,1
tisBp,1,2,2.290100604773302,1.4265936348946915,5.5320063887390925,6.331132678966812,2
znuCp,37,2,2.289233004372887,1.127189000266745,5.583126394290122,6.656016665330005,2
tolCp1,36,2,2.289109903376076,1.5123014116852755,5.552356410039565,6.3383748202943995,2
acrZp,1,2,2.288906681439683,1.2690258283301263,5.681222753002405,6.5806788232218665,2
ompRp4,36,1,2.2885179913300058,1.3106296706402634,5.731966374221298,6.597002630015515,2
furpa,37,2,2.288158666425094,1.5643780423530553,5.590720309509526,6.359546277832445,2
furpa,33,1,2.2881068601330146,1.5674235906762866,5.5948705718588805,6.3499979634061825,2
araBp,36,1,2.2879628820380837,0.8760282974232976,5.993257928604124,6.959725521140808,1
rdlDp,36,1,2.2878438927521514,1.2634011177787083,5.673722960976729,6.592774331434349,2
acrZp,14,2,2.2872719644062602,1.3037593447308935,5.725948650033941,6.576273393387906,2
acrZp,9,2,2.286587495651855,1.415956875060765,5.638850071010285,6.402126805893152,2
yacCp,23,2,2.286169819809362,1.6425764941978822,5.46881856088328,6.14271529591656,2
yacCp,12,1,2.286016567650126,1.4920281796687613,5.4986389290942315,6.316144605261424,2
furpa,18,2,2.2855212054326923,1.5706555880692015,5.561004494565304,6.362392630320237,2
tolCp2,21,1,2.285091144188146,1.2266720135791962,5.68730758148684,6.6113900132608965,2
furpa,11,2,2.2847898030593723,1.542807602985003,5.6735856679235965,6.387093379309603,2
yqjE_yqjK_yqjD_yqjC_predicted,23,1,2.2846136079250767,1.4602068960714099,5.6409193967947955,6.423507974015484,2
blrp,5,2,2.2838519204751764,1.4663874308388805,5.527300789409056,6.363518086433994,2
mglBp,7,2,2.2831875638928847,1.3895419879398663,5.483936182375967,6.289851979609525,2
ldrDp,29,1,2.2829884858130867,0.8367781214426031,5.405070947467594,6.868792700366344,1
acrZp,28,2,2.2829728249613788,1.346584775169989,5.624053786059342,6.533707339429547,2
pheMp,23,1,2.282964574699136,1.4476955907747295,5.585690712228768,6.386495997596802,2
yadI_predicted,36,2,2.2827183129636683,0.7350969554959644,5.886156943500065,7.046056735759386,0
sulAp,17,2,2.2826274551126997,1.4803609433261216,5.572436646159531,6.315866669873512,2
tisBp,40,2,2.2825538167142057,1.4558141641831193,5.4961884857550025,6.286310725610438,2
acrZp,2,2,2.2809157913317124,1.2810965688417177,5.696381277911627,6.581121491534794,2
yacCp,23,1,2.280193938116667,1.6693181390145573,5.441669287291666,6.129465174616214,2
elaBp,18,2,2.2800966377363507,1.0633778769943738,5.673509846573612,6.751517855487602,2
tisBp,11,2,2.279823089535577,1.3517008461355415,5.544191591225957,6.415064744383603,2
marRp,32,1,2.2791101880328615,1.6698393419679818,5.43625522926653,6.122625167688101,2
tisBp,3,1,2.2790054812118687,1.3844409904467843,5.514779404180483,6.376038338227879,2
hdeAp2,24,2,2.27897361194786,1.0155833477476885,5.8769459111617,6.808146421434549,2
rdlDp,15,2,2.2788789081399523,1.236272198031029,5.723380307335146,6.628900703001862,2
furpa,25,3,2.2784772602479784,1.6337673507330932,5.693719234556358,6.316804197760277,2
ybeDp,13,1,2.278461138828085,1.5300935914024518,5.511612711507476,6.330457935838073,2
relBp,34,1,2.2781478650832616,1.4435249914588477,5.455167830963232,6.271623691656136,2
ompFp,15,1,2.277989038813922,1.1328343472062297,5.772668075565738,6.71140618205585,2
blrp,37,2,2.277863064884722,1.453523352711755,5.518105408976641,6.371086102475449,2
araCp,41,2,2.277696901328968,1.1075448832567216,5.737560206390168,6.728645647267822,2
rcsBp1,9,1,2.277593748029055,0.8195369327882001,5.861645804843251,6.983511297354363,1
ldrDp,36,2,2.277075666108337,0.7808670643815806,5.900209789644642,7.014787164818248,1
gyrAp,6,2,2.277043035044138,1.3927300082286949,5.708454100667671,6.537095385687699,2
galEp3,9,1,2.2770248811702527,0.8692566290721976,5.890732313561424,6.929111795050428,1
galEp2,19,2,2.2765526098883004,1.2494912058150291,5.700941924194002,6.616627007657832,2
ybeDp,35,1,2.2762181717614243,1.4929342732253599,5.525823522699446,6.366173828576306,2
araBp,19,3,2.27604502380019,0.8408232214133712,5.773613818170333,6.933227130918614,1
ompRp4,7,1,2.2752353159195,1.5205376202598768,5.661533398832049,6.387733598520673,2
yadN_predicted,6,1,2.2750499879018014,0.8468978387795765,5.343257469719802,6.836318192261976,1
hdeAp2,14,3,2.2745269612701438,1.094465277865299,5.733524167585459,6.678744706953819,2
elaBp,31,3,2.274168763445874,0.995882485613054,5.818823916828597,6.8163944348368,1
araBp,33,1,2.2741227490703895,0.9254742752919133,5.962668618516764,6.967743442874641,1
rcsBp2,29,2,2.27399091096647,1.502623441026946,5.537405897015364,6.352257820578872,2
lppp2,36,1,2.2738205427449407,0.9177065472126723,6.020784338969795,6.9362000826981856,1
marRp,39,2,2.2736913550518323,1.6474498311478754,5.444376736118912,6.125701476062872,2
yagB_insX_yagA_predicted,7,2,2.273595599622572,1.1991406553317865,5.522493469028792,6.610093148609005,2
ghoSp,29,1,2.2732174001133925,0.7796716524761707,5.955490769928576,7.01268540969418,1
yqjE_yqjK_yqjD_yqjC_predicted,23,2,2.273060088944474,1.4548049213955359,5.593733179721413,6.400622972006674,2
tolCp4,8,1,2.27255216423178,0.9699294735246865,5.739140609979396,6.821324262752737,1
gatYp,7,1,2.2717248814035225,1.4805244424510882,5.448286560957003,6.18881050325151,2
acrZp,37,1,2.27148699051958,1.2728888018990783,5.756474780523302,6.61565047496477,2
relBp,23,1,2.271168134306407,1.4272091432602765,5.4377010557721155,6.294754817698466,2
tabA_predicted,7,2,2.2710174141043264,0.7785914554508557,5.951172006738242,7.041192916094623,1
hdeAp2,5,1,2.2705221132597906,1.1472031236908884,5.839275574689784,6.748790425298909,2
blrp,40,1,2.270442416379466,1.5016265231518586,5.50256957005646,6.291360786040384,2
elaBp,40,3,2.270061472998181,1.0541429013423544,5.630057602327637,6.732397746155386,2
mglBp,36,1,2.2692419586789216,0.8073327628627247,5.836968704652521,6.988087713487516,1
znuCp,18,2,2.2688987183781077,1.121011039645438,5.7004880079796605,6.69623549418598,2
blrp,35,2,2.2686917618750853,1.4645909660618222,5.55473584019906,6.3608611856185355,2
tmaR_predicted,37,1,2.2685402929160623,1.1391290346737637,5.6776818967055345,6.709325534373269,2
sohAp,28,1,2.2681315357598364,1.6704840413520907,5.650940403661659,6.302418074413648,2
blrp,36,2,2.267617280259714,1.3598263104971673,5.662711554053596,6.507210521219923,2
cpxRp2,17,2,2.267576656301089,0.838627019296073,5.965904748996107,6.966533887455081,1
rdlDp,11,2,2.2672767154527045,1.181271828631665,5.643492497507072,6.6799440036508795,2
mtnp,9,2,2.2667991968829293,1.4443848250838347,5.486861080759913,6.332711690025158,2
tisBp,4,2,2.2664386833425367,1.3031647231302357,5.608939310353618,6.476535218774642,2
furpa,2,1,2.266225604618615,1.5438120960234265,5.602552784102619,6.372344868915981,2
tolCp4,28,1,2.265614034141868,1.0751488575639256,5.81680523399873,6.748982837654865,2
ghoSp,5,2,2.265516626704423,0.8964874792476346,6.03503890091323,6.952321126505408,1
xylFp,10,2,2.2649465399799293,0.8511191889644772,5.9958328186068,6.963698819310076,1
ftsKp1,25,1,2.2649293917074624,1.5036766401291732,5.493244536520541,6.312284165527617,2
marRp,37,1,2.26394563177434,1.6703395947117743,5.4059833189252195,6.068369822066271,2
pheMp,30,2,2.263899781702615,1.5440611376229183,5.549719408677015,6.314836317145157,2
rcsDp,7,2,2.2637027505072584,1.028570807515842,5.856607430326195,6.818933149215425,2
znuCp,40,1,2.2636997192377666,1.1532163456568854,5.6206714354965825,6.646430879923227,2
relBp,30,2,2.2634910253850054,1.4237494769417702,5.536929873481158,6.345718363281754,2
uofp,8,2,2.2632327292958596,0.96968509681588,5.65422404202942,6.790678638452673,1
blrp,5,1,2.2625637981910427,1.2807688629918028,5.711370200418416,6.6074195234621715,2
mglBp,11,1,2.2616803367107683,0.9540822427324213,5.929695191505925,6.860376189581375,1
ybeDp,41,1,2.2616158258990553,1.5842921564863401,5.508554874179188,6.257393475070517,2
uofp,28,1,2.261538582756303,1.496015911156532,5.633174420068954,6.370976538385616,2
acrZp,37,2,2.261093706091137,1.226175917478297,5.721367529874048,6.630025347924134,2
furpa,8,2,2.2608812011947133,1.4600549103441904,5.6581826056182285,6.424952662292242,2
yadG_yadH_predicted,10,2,2.2605527537169166,0.6989144790575721,5.759687545795924,7.034711792477607,0
ecnBp,8,1,2.260198846753732,1.6947897461903645,5.5663119134462296,6.215955461820101,2
uofp,2,2,2.2598011657098236,1.5566508526570841,5.597811521544899,6.361143123207448,2
xylFp,18,1,2.259240947216888,0.8225482342347451,5.979984490189786,6.993522959136978,1
furpa,7,1,2.2585230197712804,1.4727831258711759,5.6638747848956,6.426828388401454,2
acrZp,18,1,2.256627448942697,1.2897508598768501,5.733496456416054,6.592410705001137,2
tisBp,31,3,2.2563011032699927,1.426269296811837,5.488843504179906,6.327088369843717,2
elaBp,11,1,2.2560458465679334,1.1530449233999633,5.718856151301359,6.648821391987086,2
uofp,7,2,2.255823187635514,0.967747708443592,5.735444150464316,6.82190238483727,1
dicCp,20,2,2.255785195190792,1.2796027267129626,5.682631657884411,6.559990648226318,2
yqjE_yqjK_yqjD_yqjC_predicted,31,3,2.255710129086201,1.4066044420025448,5.659880947563673,6.493093392235496,2
yqjE_yqjK_yqjD_yqjC_predicted,41,1,2.2556668418767263,1.3906588613868267,5.667574164492075,6.4962469949992085,2
tmaR_predicted,23,1,2.2554310760872553,1.15481190196152,5.665870357500989,6.680453830964,2
araCp,21,2,2.2547500783856855,1.1601643103268957,5.697710635342244,6.690598350378685,2
furpb,17,1,2.254749933551753,1.185793050525456,5.60688978343759,6.64179584102712,2
blrp,3,2,2.2546621697399787,1.487105678232291,5.556545621500145,6.340405980827715,2
yahL_predicted,38,3,2.2543373716085577,0.8004120942824338,5.92522627696381,6.981408948022782,1
furpb,31,2,2.2539924969900627,1.1069615242682451,5.742833572377719,6.740345230432586,2
ldrDp,28,1,2.253885043518365,0.8679801338818605,5.946289021556874,6.974163301136576,1
uofp,37,2,2.2537308725473895,1.452044527589476,5.675047354605896,6.418223460543039,2
xylFp,34,2,2.25350504239989,0.8850446211023958,5.924832276518254,6.966351424978258,1
elaBp,34,2,2.2531750101967485,1.169481784579894,5.753241475291944,6.663785919509337,2
tolCp4,38,1,2.2528263453761785,1.0293457949806293,5.826037303680393,6.7746720419609865,2
relBp,6,1,2.252510901929091,1.3552862479816774,5.55608805642963,6.405344176087427,2
rcsBp1,14,2,2.2523704250860854,0.8686352068949005,5.7573016206809875,6.905017559197204,1
yqjE_yqjK_yqjD_yqjC_predicted,32,1,2.2523539681218807,1.5068474470993742,5.662459488704065,6.41033132719012,2
furpa,17,2,2.2519549950799846,1.4941428732571997,5.632266524696055,6.385042174523678,2
araBp,10,1,2.25178222567452,0.8046447836112784,5.944992160875323,7.0181158852476475,1
pheMp,1,1,2.2517082527871604,1.5857761496855804,5.469294146338553,6.239094788329644,2
xylFp,40,3,2.251707075155488,0.8221226704158072,5.9418563367266355,6.978231185836929,1
rdlDp,10,2,2.251661793482721,1.27649305815448,5.629166816829826,6.577056487415339,2
tolCp1,37,1,2.2515043773348973,1.3107168069103996,5.683014832478339,6.518405931509005,2
cpxRp2,1,2,2.2514238127519457,0.8879371789457332,6.008559305435172,6.950568542831498,1
ybaY_predicted,16,2,2.2512629296498674,1.425035151139528,5.579276736227711,6.435454802650247,2
xylFp,32,2,2.2511979875178443,0.7698141335246549,5.962482781808758,7.008579782644052,1
rcsBp1,17,2,2.2510533303909264,0.790215809179845,5.710983618079741,6.954291577532374,1
lacIp,10,2,2.250300183517451,1.0925812930376522,5.634301584467734,6.695449407725095,2
furpa,34,2,2.250257583797238,1.5338302134883828,5.586533171507609,6.35457993028036,2
marRp,39,1,2.249612205558746,1.5006766650218664,5.581134626360855,6.312320680090695,2
yadE_predicted,36,1,2.2496112616937842,1.6108742615379652,5.592854710831887,6.3225481882593435,2
tolCp2,7,2,2.2487818153530474,1.2605568468636947,5.791441692271338,6.598018269247033,2
yahC_predicted,7,2,2.2484443285132345,0.8858906605863188,5.925173743092305,6.908957462718031,1
tolCp1,14,3,2.2482981985196977,1.2651915578733366,5.777448978305564,6.676943211568411,2
pheMp,34,1,2.247817771659285,1.5867312370061413,5.472618589783403,6.240498692971812,2
araCp,17,2,2.2473793902435575,1.072400557606185,5.7666261548788045,6.806013066459447,2
yadN_predicted,37,2,2.2471440519954595,0.8358388178457156,5.415276689029667,6.877387116622986,1
tolCp1,33,1,2.2469114331277424,1.3123845277407693,5.63738122237866,6.496538439389097,2
relBp,6,2,2.246887669823546,1.3886568985986136,5.526198640657028,6.361622555373755,2
cpxRp2,40,2,2.2468617313457266,1.0006433583135204,5.849889924242595,6.873280139148141,2
furpa,36,2,2.2465144563489043,1.504071353987727,5.622360505483048,6.378194472490488,2
xdhAp1,21,2,2.2463849337592676,0.8035537732697867,5.42636805188865,6.893691966306752,1
furpa,33,2,2.24636269440119,1.5430968153454327,5.642809286169696,6.374266119237854,2
marRp,35,1,2.2455986505806305,1.60943195660933,5.470225118834794,6.193549916938613,2
tolCp3,41,1,2.2453590964970815,1.0183325334586684,5.882706664587269,6.8164448379119085,2
lacIp,4,3,2.2450481845785695,1.1251727336553041,5.925042020292126,6.7862559471336406,2
pheMp,5,1,2.2444207253645954,1.5288665617603299,5.605377312220406,6.371862637888347,2
xdhAp1,23,1,2.2432753429681984,0.7812510762603978,5.4763294556351845,6.915544830373712,1
yacCp,5,1,2.2431662052270154,1.2837785430848747,5.689508122203204,6.588493755214468,2
dicCp,19,1,2.242295244954079,1.251274020754805,5.675195025682206,6.635757174121549,2
relBp,23,2,2.241656404298028,1.4358983737113358,5.432393073754796,6.263817768913986,2
xdhAp1,18,1,2.2416461430856103,0.8137249339136872,5.426607106826236,6.885137088516326,1
xylAp,3,1,2.241295611175916,0.799558483413724,5.761258660344262,6.95135977054928,1
ftsKp1,7,1,2.24123148512391,1.5940296250207686,5.576034397343381,6.319865606937896,2
sulAp,14,1,2.2407472467139553,1.4830238902939872,5.584077472472755,6.341646347376576,2
rdlDp,18,1,2.2406113148584144,1.2178626976082412,5.6194934285044695,6.620751362472699,2
tisBp,1,1,2.2400127630436444,1.3494267441189367,5.537253691577331,6.424028086757982,2
relBp,1,1,2.239966724939243,1.473993815095954,5.52992614948716,6.2923619036043,2
xylAp,17,2,2.239757369812765,0.8935976114046409,5.821490011538565,6.893751326133067,1
furpa,40,2,2.2396214867462136,1.5583265969120945,5.62273429924185,6.355184485863466,2
yadL_yadM_yadC_yadK_predicted,23,1,2.2389922913783664,1.269542002925069,5.730318449504123,6.6798168403440155,2
mhpRp2,22,3,2.2387717890590855,0.8276409483908795,5.3796275705783865,6.843671040971833,1
araBp,6,1,2.2387431092851395,0.7471157996138806,5.9916179372860086,7.030193098255273,0
rdlDp,31,1,2.2383706482594388,1.0742750314735443,5.75833895195866,6.773447837232502,2
rcsBp2,15,3,2.23773561369549,1.4717981803807112,5.537703243424998,6.311782529545479,2
rcsBp2,37,2,2.2376413741160515,1.3425597631778186,5.683569504144104,6.537386705401312,2
znuCp,41,2,2.2375515418538834,1.1785725322214327,5.5840974347078784,6.616691883290397,2
ldrDp,41,1,2.237350434183612,0.7623402641378765,5.8158335008582025,7.011378171268241,1
ftsKp1,24,2,2.2373388316380836,1.3309446916002199,5.677700301294492,6.514122615494568,2
tisBp,17,2,2.2373047137699817,1.2011109560369586,5.676884473071177,6.593356419387829,2
TSS_6311_regulondb,29,2,2.2372645251838823,1.1404964280531185,5.911059769575233,6.851087866497082,2
yadN_predicted,18,2,2.2363082819901723,0.9008245564032248,5.488796820506332,6.857459328010453,1
tolCp4,28,2,2.2359789988586525,0.8423039852993185,5.8490604236149135,6.953613522586888,1
marRp,10,1,2.2358246107623,1.621725998229626,5.477847022922367,6.136200572600707,2
yacH_predicted,11,2,2.235427838067573,0.9096364801605191,5.7368997130678405,6.8618216648107815,1
acrZp,19,3,2.2349172494820144,1.2007185896686021,5.887581965204366,6.712726624551836,2
uofp,35,2,2.2340211422312457,1.4023005735641338,5.721150580232571,6.448833310664733,2
ghoSp,15,3,2.233337251558152,0.8239519586148899,5.88742714718337,6.9651472300379815,1
tisBp,35,1,2.233227182413064,1.348355322958976,5.559647899551312,6.415154307344296,2
yacCp,40,3,2.2330651691223724,1.4863731549246397,5.518943355624279,6.319950603219709,2
xylAp,20,2,2.2330368742795055,0.9186673197418908,5.841650766305698,6.927025881636315,1
fldAp,38,1,2.232482598589046,1.3295040419105293,5.550030601973809,6.514957885825455,2
kbpp4,21,2,2.232369675388398,1.5138513926062478,5.493784753540519,6.338374698304463,2
xylAp,14,3,2.231470633642103,0.8830684243073551,5.868254928795466,6.9254634375836,1
mtnp,13,2,2.2313852143600252,1.400643364304242,5.581749650314936,6.4070646059549405,2
znuCp,41,1,2.2305754726338107,1.2411741791405642,5.586896232399643,6.548142239792857,2
uofp,11,1,2.2301087580004015,1.2395139507698423,5.774060582536356,6.613634479670925,2
rcsBp1,32,2,2.2299346671163343,0.8405300587914513,5.72098567124921,6.9265852291149725,1
znuCp,14,2,2.2295174319068787,1.1770532665972748,5.630645808717474,6.650690639990975,2
xdhAp1,41,2,2.2289701794203722,0.789872796185274,5.428875524460594,6.899339212482604,1
furpa,40,1,2.228703516159385,1.523554303561481,5.623702824837945,6.372112451461453,2
kbpp4,25,3,2.2286350046630456,1.5090950902529727,5.67058610036283,6.404553831434111,2
tisBp,23,1,2.2285221073206762,1.4468223800600581,5.532666609171524,6.30188318491215,2
tolCp3,28,1,2.228111936033531,0.945383168768454,5.947898848294854,6.8843499282008125,1
marRp,9,1,2.228003874258394,1.6299786163440015,5.527069534812782,6.189876320518235,2
tisBp,6,1,2.227769553765325,1.3072455746513776,5.662377133475721,6.493871214456316,2
acrZp,30,2,2.227394186791171,1.2619983418285055,5.772749172367089,6.638434920088926,2
marRp,21,2,2.2265893327355992,1.6527856600115864,5.400936661319356,6.075925248091841,2
tolCp1,38,3,2.2263593999187266,1.2474701393049628,5.780364167358373,6.572983369841613,2
ybeDp,34,1,2.226150356325762,1.5621181545088503,5.538131369053081,6.296749756115254,2
blrp,33,1,2.2257040062852047,1.378883231855111,5.560923644970498,6.4026897965042355,2
rcsBp2,9,2,2.2255712050363083,1.472166432506851,5.587538416569267,6.302733525068525,2
tolCp1,13,3,2.225234005202194,1.1699581064066455,5.739251236817248,6.6121505773241465,2
tisBp,16,2,2.224694950562593,1.2920029659342693,5.60133729522923,6.524523493882274,2
gyrAp,1,1,2.22460886273552,1.2958160538484802,5.725152904849158,6.566422347860509,2
furpa,18,1,2.224211550988443,1.586875346226004,5.609067067756976,6.311133357718592,2
blrp,4,2,2.2231258301918526,1.387076527251911,5.641844385889815,6.478902773389938,2
furpa,35,2,2.223118430085088,1.511138769885648,5.629352215287106,6.40863157665401,2
blrp,4,3,2.221893421714321,1.4632651765651556,5.59671787061684,6.369551089961807,2
mtnp,23,1,2.2217781515533193,1.3946534203492278,5.556346116434987,6.397493415898211,2
mtnp,12,1,2.2213462548432514,1.1491376271522298,5.7269999238564875,6.660068098572461,2
yahC_predicted,21,2,2.221189533611492,1.0425115166861136,5.894939474765835,6.824383733461469,2
yahC_predicted,5,2,2.2206678602835295,1.0560447502865005,5.884539467942009,6.828382569251562,2
ecnBp,8,2,2.220428684388883,1.676070315997107,5.607424788984076,6.262747264779216,2
araBp,12,1,2.220338275611086,0.7831998899869052,5.9275283148699485,7.001757603049267,1
cpxRp2,13,2,2.2200190332529055,0.8516503625888324,5.7325098442017275,6.886796769965022,1
tmaR_predicted,1,1,2.220003054920133,1.0875720027401894,5.733743374353049,6.752832410320988,2
lacIp,40,3,2.2198358224554906,1.2526177181268552,5.689619767024557,6.567523029486583,2
ompRp4,15,2,2.219592175756199,1.4471169645780946,5.7091359920864,6.4808062646441,2
relBp,13,3,2.2195794429888425,1.3691286162211944,5.543899992138887,6.39640017356292,2
aceBp,6,1,2.2193332856339967,1.356058918335701,5.623992899175008,6.5038413075509585,2
uofp,41,1,2.2192820581359327,1.4920150325285162,5.679205920235095,6.383744271862901,2
elaBp,34,1,2.2184729482748797,1.2412027746012704,5.684587037549452,6.582011817925409,2
ygfS_ygfT_predicted,33,2,2.218212884006728,0.8074677769859088,5.9594154383813205,6.994266950078105,1
blrp,14,2,2.218171430234889,1.402917528258071,5.607127150890659,6.429564389877469,2
tolCp1,12,2,2.217733642075418,1.141386849781798,5.7778502654878,6.654366138645818,2
aceBp,36,2,2.2175515497990212,1.352538134026865,5.603124352672651,6.438942194921006,2
tolCp1,31,3,2.2171076151929276,1.2128991218739475,5.787719407270453,6.595887404712206,2
xylFp,14,2,2.2169364051137554,0.823190742543544,6.030693485808998,6.997575517755582,1
yqjE_yqjK_yqjD_yqjC_predicted,14,1,2.216800221320001,1.4236628758608196,5.749140360162565,6.52437887959697,2
rcsBp2,35,2,2.2161778373380185,1.3119306501488068,5.621992391769306,6.5103565035829565,2
tolCp4,1,1,2.2160143822765486,0.8996425265230762,5.863199675632574,6.913502843534722,1
tisBp,33,2,2.2159973807053923,1.455212320645649,5.539147957693575,6.26544325947509,2
blrp,38,3,2.2157906995503462,1.4337470691105525,5.48893921907157,6.3461272269022295,2
tolCp3,2,1,2.215291990212673,0.9593561996170906,5.808514176924023,6.837116313952105,1
tmaR_predicted,19,2,2.215237422808701,1.112357972894352,5.708993165299591,6.7149305876512155,2
elaBp,8,2,2.2147502882658205,1.5688018145186648,5.57295796329914,6.2393390806554425,2
uofp,14,3,2.214388655117012,0.9314578280786784,5.99393508813527,6.9004915251940036,1
marRp,17,1,2.214266826963493,1.4327188052538544,5.618657577945255,6.371962339874124,2
yadG_yadH_predicted,41,2,2.2138169749317105,0.7504826441739867,5.903486451574864,7.023940422387747,1
xylFp,19,3,2.21366218514912,0.7699408817217233,5.900160593031532,6.991673971318362,1
araCp,15,2,2.2136478618928455,1.0865128713246017,5.713859552063445,6.712189205200978,2
acrZp,19,2,2.213566213533839,1.2482636281799537,5.767394285514049,6.6524652107899005,2
uofp,18,2,2.213386991146114,1.454408103551956,5.661339263040723,6.416259618305791,2
acrZp,12,1,2.2133614213250676,1.2429205504262777,5.790837174355637,6.6365538590903,2
recNp,28,2,2.2132501804918174,1.3816959599315395,5.607548618904024,6.411383083174893,2
ompRp3,14,3,2.213018765239716,1.480065794499676,5.5575069872604015,6.457651499352838,2
pheMp,10,1,2.2127265949917962,1.5831732938983871,5.509209593995567,6.252498876642355,2
relBp,2,1,2.212690536241176,1.4088471492114942,5.512850849984972,6.338729876248442,2
elaBp,37,1,2.2122498087866633,0.95144439663802,5.717695733765792,6.828813895182119,1
yadN_predicted,14,2,2.2121316892715863,0.8911968972864357,5.518074065858888,6.862664652727269,1
znuCp,31,1,2.2118153719860034,1.1458493603290174,5.733324002729331,6.658189789429201,2
rcsBp2,40,3,2.211101748487048,1.2938523502488906,5.668556846670203,6.541429620976655,2
blrp,6,2,2.210923110272573,1.4384845846546446,5.578580015118268,6.370804162193887,2
relBp,13,1,2.2108115014252983,1.3471311883886559,5.535606824307013,6.396740503691889,2
rspAp,23,2,2.2101285017338657,0.8705029597039232,5.834293922826495,6.914759953360681,1
acrZp,4,3,2.2100649873424136,1.2631982407199749,5.770426102289465,6.613153717095581,2
ompFp,4,1,2.209907460023691,1.2836943718900666,5.7028544294204,6.577492501979991,2
gyrAp,12,2,2.2094006932953603,1.3523500792451886,5.8793574769660895,6.624650257191495,2
tolCp3,4,3,2.20929147627629,0.9932910414365923,5.926507093912987,6.823141863869694,2
mprAp,2,1,2.2085848525505214,1.2703280329385456,5.51887346648004,6.479431140883307,2
pheMp,39,2,2.20851355171003,1.52443215967417,5.530161804298904,6.316038368109836,2
blrp,1,2,2.2080641590616916,1.4463300851191176,5.545444589600627,6.374669874076524,2
tolCp2,28,1,2.2080437318452093,1.190907234141319,5.697985474889677,6.633625515126678,2
ygfS_ygfT_predicted,18,1,2.2078528208077444,0.837216268812072,5.886743053084523,6.951993189599224,1
tolCp4,1,2,2.2076940891591597,0.846944193995249,5.831029595892495,6.927596010445347,1
recNp,29,1,2.206048091095954,1.3305712005217674,5.618388589762777,6.488185818181022,2
furpa,32,2,2.205777379068293,1.4841418570017249,5.614836560545359,6.403208355255208,2
ompRp3,8,2,2.2057496107052956,1.485307185691729,5.648257519671972,6.435328231462961,2
relBp,25,2,2.2057217881562563,1.1760723545269445,5.713611663064023,6.674083942500289,2
pheMp,32,1,2.2055279254117677,1.5653602308568548,5.533569404831216,6.295490920313582,2
uofp,15,3,2.205521135912744,0.9282110685720889,6.000607069368474,6.9075219456347465,1
uacT_predicted,8,1,2.2051693809059287,0.8838622354818897,6.013739424585882,6.9413271669072945,1
tolCp1,39,2,2.204914355628866,1.31793798053289,5.746269862713709,6.528530389256009,2
rcsBp1,19,3,2.2047365479692296,0.9104105941005712,6.023099887950105,6.905846485446072,1
relBp,35,1,2.204667306399258,1.4109060252294021,5.587087900392914,6.389744109157708,2
furpa,11,1,2.204544912895838,1.4480866328201012,5.678046194265661,6.449949839115387,2
rcsBp1,33,2,2.2045051500926705,0.9485638226293861,5.751404197419516,6.864344644697867,1
rcsBp1,4,2,2.2044202859111772,0.8890961384053505,5.76940229998628,6.888989154053942,1
furpb,6,1,2.2042627223947258,1.3906520729374081,5.644412919967346,6.46114964531,2
araBp,13,1,2.2042190836611755,0.8233932163983531,5.893690514763973,6.971889599905911,1
ftsKp1,8,1,2.2041899079390395,1.5726929016072673,5.540892916227429,6.262889125649,2
yagB_insX_yagA_predicted,14,3,2.2041812086760912,1.2733448209397398,5.678707310263048,6.565287871035712,2
gatYp,13,3,2.2041527958963774,1.4730746269946222,5.569112439785288,6.283835936069027,2
ygfM_xdhD_predicted,41,2,2.203827815584391,0.8281802554472744,5.436516937640339,6.864158072950083,1
furpa,2,2,2.203818794178376,1.5525125987157014,5.612406496205907,6.336146665147812,2
yadN_predicted,32,2,2.203727397427621,0.8647999907055379,5.500757946690614,6.856514920297531,1
ldrDp,30,2,2.203149891095268,0.8099121138700507,5.566088901186657,6.9278070460908765,1
yacCp,18,2,2.202801958352073,1.4498858150835008,5.527353409145249,6.382729920753818,2
tolCp1,31,1,2.2027283790961505,1.2108417161543688,5.7759173415871725,6.613627488364394,2
xylFp,23,1,2.2023065929853747,0.7579678911901708,5.981705099450728,7.02153482304503,1
ompFp,31,2,2.2018749090923215,1.198336789104952,5.733505050462896,6.672974697105962,2
yacCp,40,1,2.20133966267669,1.4532211627061564,5.519677345373495,6.324892232865301,2
blrp,18,2,2.2005711460154083,1.4436310303539872,5.612378495258515,6.386287659547408,2
znuCp,15,3,2.200562554901281,1.085935132599638,5.912099391749376,6.814082909104444,2
elaBp,25,1,2.200459601868628,1.128736022789231,5.75844313565903,6.660229039724026,2
aceBp,13,1,2.200145772325182,1.2781085624970143,5.730693675836295,6.592093605424831,2
aceBp,31,1,2.199701769709883,1.2759856802515555,5.650512017203086,6.564272901059246,2
tisBp,2,2,2.199626567405815,1.2962185232328507,5.60841670266036,6.470392858614037,2
tolCp4,21,2,2.19934919469165,0.9963301545747295,5.843748791295538,6.79437808035878,2
yadN_predicted,3,2,2.1992437383189896,0.9815958716248446,5.617308748616172,6.831783987406084,2
rdlDp,37,1,2.1988014576984947,1.2827932799240298,5.714848248867336,6.581612332608756,2
ftsKp1,16,1,2.1987172161466977,1.3031627128983276,5.599867857017314,6.500342376409023,2
pheMp,23,2,2.1980828111113033,1.231137718316202,5.70759365278153,6.599486331756685,2
xdhAp1,16,2,2.1978770547026274,0.7884667515228757,5.459531672335592,6.907613292115222,1
rcsBp1,3,1,2.197597040977724,0.964783581690267,5.884187532714723,6.851084220409902,2
xdhAp1,36,2,2.197537974729834,0.8185492723913341,5.479190659435458,6.874991754260472,1
aceBp,19,3,2.1975267903188693,1.2698502494012183,5.624998826574577,6.560031780404635,2
mtnp,38,3,2.19741778396422,1.1178088763605836,5.636957324325962,6.689046331782375,2
rcsBp2,34,2,2.1969400225808653,1.2834882730895936,5.665601723842493,6.555665368077198,2
uacT_predicted,7,1,2.196641019608263,0.8807737464725679,5.806941488887581,6.910469755717015,1
pheMp,13,3,2.1966389396710766,1.5179279517672313,5.587515686469111,6.3427059784007565,2
galEp1,24,1,2.1963675287334716,1.226028403810707,5.752877913049788,6.59524123743034,2
rdlDp,21,1,2.196071306990103,1.187673490739842,5.732012499463251,6.679026158904859,2
xylAp,30,2,2.1960569798651592,0.9376357496906554,5.767942199152785,6.844718004262898,1
blrp,31,3,2.1957001709980384,1.412352047629877,5.619162988017515,6.422134483066577,2
tolCp2,5,2,2.1955002905090453,1.3064516503894266,5.694027463455791,6.493579672023981,2
furpa,1,2,2.195203794825852,1.5517360809751537,5.692882137438765,6.37011778393191,2
acrZp,1,1,2.1950793528677943,1.2452621414442788,5.805278275717997,6.635567280765354,2
galEp2,38,1,2.1948637905005923,1.2520318007020288,5.722826285604476,6.603445879975399,2
tolCp1,39,1,2.1946575776836506,1.168279267493197,5.756636694206572,6.635146454030122,2
tolCp4,6,1,2.1939808365711304,0.9477646913060002,5.905405849675743,6.863216276029716,1
yadN_predicted,18,1,2.19359445940778,0.8199418303957913,5.49283621666518,6.897170902107783,1
ssnAp,37,1,2.193546806510875,0.8083444864655588,5.919933044769621,6.95546787581303,1
ghoSp,13,2,2.1934572911242727,0.83806979100601,6.019541602303381,6.982221727818219,1
yadN_predicted,31,3,2.193377115553255,0.829424743162508,5.490672276394128,6.8857714374146735,1
xdhAp1,9,2,2.193054607650558,0.7834991587469534,5.58116936961311,6.8976884345637295,1
sulAp,24,2,2.1929530086853495,1.2530737796583558,5.7763995801248305,6.601975286038556,2
lppp2,13,3,2.192851602512213,0.860007476730546,5.802823549616207,6.89797762555361,1
crpp3,7,1,2.192814927913268,0.9476950220025628,5.960495958147339,6.907253019916365,1
rcsBp2,33,2,2.192769769200858,1.156476367578034,5.71247598761806,6.682741437623571,2
tolCp1,11,1,2.1923402029248384,1.1711642760094192,5.723593451181577,6.629143178487645,2
mtnp,37,2,2.191765654844381,1.229461486594021,5.650890377745562,6.5343825241241955,2
ymfM_beeE_jayE_ymfL_ymfR_tfaP_ymfT_ymfN_ycfK_ymfQ_predicted,23,2,2.1914936056874064,0.8163164913716919,5.87003688546458,6.965710121234085,1
znuCp,29,2,2.191432985831256,1.3138758204450975,5.672274698344358,6.5598585603531365,2
tolCp3,31,1,2.191317360342042,0.9157756738696402,5.984903981491586,6.921678293222707,1
rdlDp,34,2,2.1912337726357407,1.2757894474871878,5.727507060522162,6.59558075143169,2
xylFp,6,2,2.1911659964640524,0.813165915191609,5.908535404039653,6.960240342246943,1
mprAp,15,3,2.191090450963021,0.9718907880391412,5.818840192975566,6.879479629720517,2
furpa,12,2,2.191073442805535,1.4846957327401664,5.652807844387844,6.422671916469455,2
tolCp3,18,1,2.190819855067361,0.9618053287763569,5.88401075788868,6.854847621871167,2
znuCp,39,1,2.190817114868126,1.189078469409458,5.749943112587444,6.709740791493661,2
sohAp,29,2,2.190701869288774,1.7092458076645984,5.66764464843129,6.295178753634413,2
yqjE_yqjK_yqjD_yqjC_predicted,39,1,2.1901889715589404,1.3461072649718449,5.782367737936238,6.552772841370992,2
rcsBp2,2,1,2.1895511233296987,1.2153840238954043,5.706804477503363,6.6455990286235895,2
xylAp,13,1,2.1895041560108037,0.805420992591116,5.9169115771080545,6.966678287830053,1
ftsKp1,7,2,2.189318883041654,1.5963009150158507,5.562980991548442,6.237172327267901,2
sohAp,15,2,2.18893874186912,1.5133560836151791,5.721267904585751,6.4895808127478745,2
yadN_predicted,39,2,2.1882526780503944,0.7963085946650925,5.447716531434747,6.908434054012395,1
rcsBp2,18,2,2.1881140086138027,1.2904030043193997,5.6977681405360645,6.55729145924654,2
hdeAp2,22,3,2.1880660110430608,1.1607324526623215,5.872618476710265,6.745864281159232,2
yagB_insX_yagA_predicted,11,2,2.1879071826800676,1.0751162546331912,5.764090832693056,6.764878439202143,2
uofp,4,3,2.1877067156167107,1.4456093532714143,5.7041048761649,6.438580493272504,2
yqjE_yqjK_yqjD_yqjC_predicted,9,2,2.187101799432644,1.498664778141917,5.665788116109123,6.364884725195056,2
lppp2,21,1,2.187065447905394,0.9556884053191919,6.02121122614092,6.914190464226289,2
cpxRp2,15,2,2.1870205388353283,0.8481513699381551,5.920233573714471,6.95637067926814,1
marRp,17,2,2.1857841222381964,1.4868687809905954,5.612290894367373,6.341667869356396,2
rcsBp1,32,1,2.185517444297971,0.8759785276405422,5.866949061075062,6.910812271040807,1
tisBp,23,2,2.185502496071307,1.4715301762216786,5.558289232102988,6.2688233786721,2
pheMp,28,1,2.1851846212133013,1.448020534037541,5.63036523361631,6.427866486699875,2
rcsBp1,11,1,2.1850329756153846,0.8578476625121997,5.826470172404072,6.8988777651926405,1
ybeDp,13,2,2.1849577766531,1.4511412546187457,5.534726591165163,6.385251433986378,2
yqjE_yqjK_yqjD_yqjC_predicted,2,1,2.1840702414000432,1.3947351455638888,5.7653685011043425,6.520334877891322,2
acrZp,33,2,2.183721405655535,1.1823341197463337,5.751206616105007,6.66363564014143,2
elaBp,7,2,2.183581826701139,1.6119606010820655,5.582382647670325,6.197487685532389,2
xdhAp1,37,1,2.1834798092393495,0.8075627895673663,5.502069497856799,6.885272657946441,1
hdeAp2,19,2,2.18318227606429,1.0529772154045114,5.851541363359193,6.783329887702601,2
lppp2,37,2,2.182955616253859,0.8385386062020788,5.878923613128096,6.968613490612922,1
tolCp1,2,1,2.18282168306833,1.1973583632616356,5.674213259563977,6.599337862805108,2
yadN_predicted,11,1,2.1827543347478406,0.8375480380779434,5.495602307844687,6.891971932567247,1
lppp2,25,3,2.1817277692040324,0.9328861060861656,5.98765239488121,6.944718102426566,1
furpa,38,3,2.1813473651777313,1.534500063818842,5.603267945178597,6.379297326529657,2
yadG_yadH_predicted,9,2,2.1813256610206984,0.9126163980048899,5.948876418514644,6.934569633543665,1
rcsBp2,12,1,2.1812314622195075,1.2089526792740701,5.673352303437811,6.618736645925102,2
rcsBp1,4,3,2.1809878324879857,0.8276525500153812,5.744353538766736,6.933688330285217,1
recNp,29,2,2.180740061203238,1.2595687550315264,5.613328727922937,6.544977289580981,2
yacH_predicted,18,1,2.1806992012569437,0.8911054675715625,5.798654824247556,6.889591406242264,1
aceBp,38,1,2.180594008934995,1.2312680331276942,5.6676813580415,6.6103931460039105,2
xdhAp1,18,2,2.180120004359566,0.7756940105928781,5.4625841982941346,6.91544228327051,1
tolCp2,39,2,2.1795327258497177,1.3682282081876542,5.681892097774235,6.455231466373099,2
sulAp,30,2,2.1790583753131703,1.4239132262853231,5.611977376727242,6.354674238857585,2
yadL_yadM_yadC_yadK_predicted,9,2,2.179042855728892,1.313860081159478,5.900704165689342,6.7149076316494085,2
xdhAp1,36,1,2.1786109430607357,0.7651381264129736,5.484990304767611,6.94360877803549,1
kbpp4,9,2,2.1776685472898722,1.0246830224519166,5.795336342153911,6.781326145396146,2
recNp,13,2,2.1773011781389373,1.2190776088613673,5.662931925737752,6.569435317030717,2
rcsBp1,13,2,2.1771217099635893,0.8517722693406151,5.835235248988838,6.924253425210028,1
rcsBp2,10,2,2.1766220231184943,1.291057278845385,5.682562974738939,6.591802659135814,2
rcsDp,8,1,2.176488763809177,0.9917575531552287,5.914050756395753,6.859722262471033,2
tolCp1,36,1,2.1764517152983833,1.4326832386730868,5.632352596383274,6.39014872313955,2
rcsBp2,7,2,2.1758413679258686,1.4313218608879765,5.628260253155364,6.341889770059627,2
relBp,28,2,2.175609359085592,1.3953263330959493,5.565931281413376,6.3764980277927314,2
rcsBp2,12,2,2.1753025357540783,1.178844400640769,5.780304287864105,6.6871911844084435,2
ssnAp,23,1,2.174960530706606,0.849553377575386,5.893576607492714,6.9627801008322985,1
lacIp,29,2,2.17455085568014,1.3950426167451062,5.653578106320598,6.488006225992639,2
xdhAp1,10,2,2.174246259601922,0.7818105076405405,5.49991772046348,6.909573659574411,1
lpp,14,3,2.174204728500091,1.321370876485338,5.775830051301373,6.636929379232375,2
tolCp3,32,2,2.1740487869387493,1.03703491770355,5.921415785074668,6.82841774090633,2
ybeDp,9,2,2.173890854035183,1.4298811164846756,5.569962301533369,6.401322420290314,2
rcsBp2,21,1,2.1737190511374695,1.3205779160193731,5.7028184922940595,6.579686374157692,2
yqjE_yqjK_yqjD_yqjC_predicted,38,3,2.1734188777264007,1.4146780892597637,5.746699042561283,6.526455694289656,2
acrBp,8,1,2.1728108128745247,0.9806618615816222,5.729122183374486,6.86796095078699,2
pheMp,14,1,2.1727099829863437,1.5525029451305816,5.575760944781404,6.354354771583653,2
acrZp,31,3,2.172306144185265,1.254731588708889,5.763422860986378,6.628639343299589,2
xdhAp1,23,2,2.172278015582747,0.7524227128595605,5.555226603581568,6.933389392412318,1
elaBp,8,1,2.172137571408317,1.4368511394290442,5.65362690728851,6.3841013335473615,2
ftsKp1,30,1,2.1704963110333475,1.243642093191688,5.69568723468022,6.583599125050978,2
tolCp2,29,2,2.1703070020559165,1.244808259859952,5.626127150286433,6.551668807427983,2
kbpp4,33,2,2.1702740069177824,1.0923878113941117,5.726527457249906,6.715407669665735,2
sohAp,2,1,2.169934742948013,1.5159452196426237,5.734917963040244,6.451865329991135,2
marRp,30,2,2.16874453424252,1.6369711961095084,5.464591039605702,6.07456768131734,2
gyrAp,39,2,2.1687122036330577,1.3639308429435306,5.823391573662542,6.534792703561619,2
acrZp,14,3,2.1686487587752543,1.4215691853280288,5.719307952327603,6.544111079574391,2
araCp,34,1,2.1683315046511886,1.0675493289784435,5.7930417579637306,6.765996427969426,2
gatYp,39,2,2.168189653490201,1.4750609705166497,5.590955332340304,6.291550926381481,2
blrp,32,2,2.16805515810228,1.390757861252509,5.591697869592085,6.407776971413774,2
pheMp,20,1,2.167542560206754,1.4385454847171282,5.643041871124847,6.414153838010536,2
elaBp,25,3,2.1674129518637946,1.2355954145402328,5.741749395832874,6.560068054861071,2
rcsBp1,12,1,2.167127626271222,0.8474106303741905,5.90573143951152,6.930575576492389,1
xylAp,8,2,2.1667509923999306,0.8581506695116117,5.855783189824342,6.898154792155813,1
tisBp,19,3,2.166678263441065,1.2492419910858614,5.707483523879185,6.567235777954579,2
tfaE_stfE_predicted,41,2,2.16598804262175,0.8827181866136186,5.806839830450907,6.926204580195785,1
rcsBp1,10,2,2.1652405812953597,0.8657839999248507,5.911702379334768,6.9110221440114765,1
xylAp,35,1,2.165201516685565,0.7303091042625971,5.917649857406298,7.040994166932869,0
fldAp,24,1,2.165034879107855,1.0441395885205476,5.813996452587217,6.760383695720656,2
ompRp4,21,2,2.164309538620988,1.4335469188706085,5.671618209167954,6.431619579744087,2
xdhAp1,37,2,2.1635640342238616,0.7417723533653541,5.487798138189877,6.950416461503853,0
sohAp,33,2,2.163299980139725,1.4436174682857421,5.65785230511719,6.4886626821379565,2
uofp,20,1,2.1632439344005103,1.220133595044617,5.809354162955007,6.673457542385783,2
sulAp,22,3,2.1632167080155984,1.3094878207214409,5.660509881566445,6.492092118246666,2
znuCp,18,1,2.1628929247241158,1.0857636296516175,5.720644006382649,6.718343231260458,2
uofp,9,1,2.1627293469488773,1.551526803762134,5.723366060868423,6.403885817564345,2
yqjE_yqjK_yqjD_yqjC_predicted,17,1,2.162285165646756,1.3560881562191927,5.684818508803236,6.497218341445424,2
rdlDp,40,3,2.161985927672345,1.2774902714971852,5.680391533578856,6.580803083497643,2
sohAp,29,1,2.161624153325395,1.6368126761319608,5.657484781997606,6.36040032039422,2
lppp2,32,1,2.1614625993060694,0.8319582566068148,5.877979640039618,6.967907394500179,1
xdhAp1,14,3,2.161433746305311,0.7882554179656378,5.581364942605292,6.915214238095109,1
mhpRp1,32,2,2.160996744182637,0.8484615343763677,5.938020928422512,6.936837628055931,1
tolCp1,23,1,2.160747842315301,1.3521667077850572,5.699625467062944,6.45614703574825,2
ygfKp,13,3,2.160133160529491,0.7922521863513562,5.75363200349381,6.981095460708563,1
crpp2,5,2,2.1597669139979985,1.3478529469664264,5.668838095271068,6.544176392169686,2
lppp2,21,2,2.1595209997089944,0.9274131495254071,5.946218747395442,6.921147738253522,1
xdhAp1,32,2,2.1590260509500445,0.8426440212569073,5.48821175984626,6.860561128416636,1
znuCp,22,3,2.158903165908786,1.0740777452134453,5.698966499659489,6.7590891856293425,2
xdhAp1,29,2,2.158892969177505,0.785827947485796,5.538728244378763,6.893520979337705,1
furpb,7,1,2.158821811735741,1.270480339552861,5.659485521157872,6.549003936687079,2
furpa,14,2,2.158253597403764,1.477027313388055,5.642778900919638,6.406446052960579,2
gatYp,25,3,2.157958415166748,0.9001226760224735,5.860797180489245,6.897980019866485,1
rcsBp2,40,1,2.1579566127613155,1.324478361451913,5.631483276251231,6.529575380570534,2
yacCp,10,2,2.157610329259477,1.4017686340900712,5.555511297968124,6.399913780359078,2
yacCp,36,2,2.1574832386164884,1.5962925057760249,5.630769250633641,6.295879244115859,2
furpa,15,2,2.157312791486961,1.557850322510316,5.722404811949317,6.402575772230402,2
rdlDp,32,2,2.1572619826779933,1.2637726148095787,5.717127085069636,6.589053851997134,2
mprAp,29,2,2.1571319776965034,1.285054720088578,5.532187604250638,6.4857183149262125,2
rcsBp1,37,1,2.1565210543904447,0.803337045062777,5.820892415578805,6.95770235692411,1
rcsBp2,21,2,2.1562919991645124,1.320707990227644,5.682111319278567,6.551873615931957,2
tolCp1,21,1,2.156043688581144,1.2872856454908825,5.715059932974065,6.550261843420438,2
araCp,34,2,2.155884330015356,1.0841063692683404,5.783072468912973,6.755803501767739,2
relBp,38,1,2.155855686214409,1.148124564819652,5.666500690710475,6.668741084263673,2
blrp,3,1,2.155605669773879,1.323564753469186,5.599976969236097,6.4761585838505304,2
ftsKp1,38,1,2.1553950669255424,1.3050707186378778,5.676311942010084,6.538335301027022,2
xdhAp1,15,2,2.1551071517970697,0.7982209852393861,5.496651731653684,6.901712975161883,1
rcsDp,14,3,2.1549866949208263,0.825192158835215,5.943953610834942,6.952908503392946,1
xylAp,4,2,2.154898142367998,0.7738773124840286,5.856443811187392,6.986554754304352,1
tolCp3,33,1,2.1545321625500717,1.0401865121758969,6.0033501550746,6.841963527275025,2
tolCp1,3,1,2.1545251215627284,1.1829781116705238,5.84836069670288,6.641035904370588,2
rcsBp2,4,3,2.1542623918920203,1.2361111178873228,5.790058988018339,6.62758584175309,2
elaBp,37,2,2.1538940266011197,0.957274264204093,5.787507053784987,6.825055352465135,2
hdeAp2,30,1,2.1537399276370857,0.9032164892393104,5.849511456612182,6.885341909174311,1
rdlDp,11,1,2.1536836982515615,1.19752367656213,5.744945096627177,6.691322143210753,2
elaBp,40,2,2.153652527182385,0.965866149760012,5.867149690406597,6.846338998840345,2
yadN_predicted,12,1,2.1535284990340564,0.803566147429319,5.606728179754937,6.95848750507051,1
tolCp3,40,3,2.1528781873750438,0.9665803457151138,5.9591901768825,6.864325513697723,2
tolCp2,36,2,2.1525756354068624,1.2640880334145423,5.712265366319675,6.5412686076593225,2
araBp,1,1,2.1524729811194936,0.7785467084535969,5.945109088526594,7.018534048320014,1
yahC_predicted,8,2,2.152471886240845,0.8200548686291433,5.914247933211929,6.942823048861683,1
acrZp,32,1,2.15189579694759,1.122443062651636,5.776021650439654,6.716758512013804,2
xylFp,18,2,2.1518439324852254,0.7831710573905816,5.973867139886755,7.010888203652948,1
furpa,14,3,2.151759256588156,1.5675530023796582,5.695061044683982,6.334130105190657,2
marRp,33,1,2.1516842080843133,1.549254649423876,5.492371858880174,6.172129775625791,2
rcsBp2,8,1,2.1515736377873136,1.475750654734808,5.614533193806274,6.356385618527417,2
rdlDp,40,1,2.1515164273447827,1.2211462532563164,5.714345423613699,6.649911952169786,2
ygeW_predicted,23,2,2.151205081276543,0.7959007913025246,5.819874935341183,6.947016319454574,1
lppp2,11,1,2.1511590916625085,0.8644648163080715,5.912414021282274,6.957574574346152,1
ecnBp,21,2,2.1507597281758697,1.3545960559298331,5.655509502307857,6.48206230050023,2
aceBp,17,1,2.1506472744664067,1.2268291413418502,5.733531015959849,6.665711720424611,2
xylFp,37,2,2.150562958346664,0.7833577973050033,6.034452339331655,7.018016492459246,1
yjbJ_predicted,16,2,2.150556569235683,1.2493706393040156,5.85335332210514,6.68387262877332,2
furpa,35,1,2.1504912525906263,1.4411118380655246,5.767715098376503,6.50595676357416,2
xdhAp1,1,1,2.15020488420635,0.7857350848175644,5.521497939499046,6.926858718094214,1
tisBp,8,2,2.1498371094357087,1.0577424810040235,5.75451162360665,6.688205871337992,2
ompRp4,25,3,2.1494616729480787,1.4443986013195254,5.657679101904764,6.4425946988489375,2
yahC_predicted,1,1,2.149057255765355,0.9441340036090372,5.89249616708271,6.899263543598078,2
kbpp4,15,2,2.1489418872426014,1.432191409146586,5.610962313553899,6.4278254281066705,2
furpa,3,1,2.1485143364058548,1.4735101196700586,5.710351630855159,6.441827099306978,2
mhpRp2,13,1,2.1481240524804615,0.7688199644907115,5.521787128808462,6.905672984177265,1
yadN_predicted,23,1,2.147984498050289,0.9511712076030149,5.935224097165505,6.907191116138086,2
yqjE_yqjK_yqjD_yqjC_predicted,12,2,2.1470944635691507,1.3982162394095052,5.741277208930004,6.518703112199571,2
yadN_predicted,41,1,2.147050800484253,0.9213882709375665,5.779001019182172,6.895010956082505,1
elaBp,12,1,2.146913246964486,0.9361955854947784,5.909289269787079,6.857763924989792,2
marRp,6,1,2.1468296861168237,1.539106496073373,5.58174331455306,6.264033960711414,2
tmaR_predicted,9,1,2.146468754001265,1.0569078739430908,5.845743753396385,6.811395173458692,2
pheMp,13,1,2.145872027221568,1.5896971812348608,5.591250014846884,6.266203336170134,2
recNp,33,2,2.1457915899733666,1.1591051016337035,5.765654710591713,6.6661015937356645,2
rcsBp2,8,2,2.144893916257449,1.452636226266662,5.6736118760350625,6.364999432949475,2
ftsKp2,13,2,2.1448227888299076,0.9405948514472228,5.921542272643104,6.86720187220099,2
ybaY_predicted,14,3,2.1448194372993408,1.5201677258440056,5.612463553991336,6.340454419502265,2
acrZp,6,1,2.1446532019609266,1.312086339484437,5.7760161944638115,6.599356407342828,2
yadL_yadM_yadC_yadK_predicted,13,2,2.144435959645759,0.9619401348657792,5.939579086634005,6.907032654516694,2
tolCp1,20,1,2.144302014786111,1.235607566404431,5.804826503665013,6.611831989046294,2
xdhAp1,34,1,2.1441855308936346,0.7887689317928875,5.491466610534678,6.924851851820586,1
acrZp,10,1,2.14411526982009,1.24125643444082,5.844565788167226,6.634866667445461,2
tmaR_predicted,34,1,2.1440701673567175,1.0572178295481407,5.803582441587286,6.7775900988182975,2
rcsBp2,25,3,2.1440389991483424,1.3997541732889485,5.68165858020198,6.423895919939153,2
sulAp,17,1,2.1439392677293467,1.3092946769032066,5.634392119309993,6.480548048214162,2
xdhAp1,40,3,2.143402146102309,0.7889614387004916,5.529359998040483,6.926170185880009,1
yahC_predicted,2,1,2.143388874394027,0.8723128172539105,5.893966477736003,6.9576086485872555,1
ygfKp,15,3,2.143145188284515,0.7947570829857791,5.925256903789656,6.994281770747925,1
mprAp,17,2,2.1428621952636444,1.1662928387986944,5.699626069901685,6.644502519746762,2
rcsBp1,18,2,2.1417201449237506,0.8909829105832422,5.85670225881157,6.88677681787525,1
uofp,31,3,2.140968224908607,1.4048594206407494,5.74688866416939,6.448432008427812,2
furpa,13,1,2.140905432227732,1.4534649069885845,5.69828340605377,6.442727403567788,2
znuCp,9,1,2.140578396154855,1.4864804802903482,5.674586448291462,6.404671170815378,2
ftsKp1,19,2,2.140461318902418,1.2582068843728744,5.6497871051952515,6.566522080537515,2
tolCp3,13,2,2.140176732343178,0.8921660471658523,5.931355750133808,6.906451447104027,1
lppp2,40,2,2.1399694432093836,0.8771231049739988,5.846129632531269,6.905072314651598,1
tisBp,9,2,2.139667511929522,1.5001208274330613,5.56013429165898,6.253571797233601,2
kbpp4,16,1,2.1395630188987913,1.521773881484477,5.727814442128718,6.434452946760123,2
rcsBp1,31,3,2.139431892281707,0.8098923570530182,5.890215854717187,6.962163614925433,1
tolCp4,6,2,2.1391251390025072,0.8076231986645939,5.9549277388269015,6.978018067370323,1
rcsBp2,14,2,2.138848550114242,1.3055382261955584,5.6946759663193856,6.520914998814671,2
tmaR_predicted,38,3,2.1388129569849395,1.1323028893479474,5.725078868280638,6.707130257491778,2
rcsBp2,23,1,2.1387945022573844,1.3847519444156808,5.664772776573666,6.415405014741273,2
tisBp,38,1,2.1386653695210707,1.333616441760472,5.634039586830415,6.465655557516753,2
tolCp2,29,1,2.138291508615854,1.2908321820053388,5.574789814682071,6.475023315067619,2
mprAp,4,2,2.138129719338111,1.1773303162232107,5.6171669036157645,6.575963235880379,2
marRp,31,1,2.137882670552258,1.6167968892107092,5.5943577350271925,6.187559426306977,2
ybaY_predicted,21,1,2.1378743087506504,1.356988489409844,5.649397376016237,6.538073154647089,2
xdhAp1,29,1,2.1375966512856244,0.7415723145164508,5.572207399514477,6.966037932227351,0
sulAp,19,2,2.1375309921415897,1.4178127768446318,5.655724463889588,6.429469121386342,2
yacCp,2,1,2.1373642040282776,1.3354097617649623,5.683804805402865,6.521394044300498,2
xdhAp1,10,1,2.137050307201621,0.7514470553174454,5.5086978797516455,6.940928275510171,1
kbpp4,41,2,2.1367465928468947,1.3271412382419214,5.62003041097766,6.495303610341896,2
uofp,23,2,2.136590943274027,1.426761963930721,5.7462808115763355,6.483261343370611,2
tolCp1,25,3,2.136004022956276,1.2562109722474464,5.712661624902518,6.617771112665851,2
ecnBp,15,2,2.1358617689424486,1.2765079511364805,5.780939519077412,6.558717411279221,2
ompRp3,7,2,2.1352945870298057,1.4930495879993877,5.632272032893219,6.395744586634846,2
ghoSp,31,3,2.135287507831255,0.8643932233783534,6.01740678863009,6.955631894800366,1
xdhAp1,15,3,2.135009411634284,0.776084573345141,5.61076715047216,6.926818466549055,1
elaBp,29,1,2.134639049685238,0.8174308029570879,5.804155419955381,6.952825628599421,1
ybeDp,4,1,2.1344595047386004,1.3538619582448594,5.730239637562342,6.534090141192956,2
yacH_predicted,10,2,2.1339077840856273,0.8181235129350499,5.806495231486621,6.944151737807579,1
acrZp,11,1,2.133091023956561,1.1560960513962368,5.834169970676459,6.716235660786504,2
znuCp,37,1,2.132909480245004,1.105691105292863,5.684993586217446,6.686310134927843,2
yahL_predicted,30,2,2.1328692725882132,0.7733396225516044,5.936455336482286,7.02764363554096,1
aceBp,5,1,2.132061151035307,1.282968821428126,5.6859802770981025,6.569383091299525,2
yadN_predicted,6,2,2.1315352081959014,0.8691183351542097,5.567855891230222,6.882379574940543,1
relBp,5,1,2.1314672468245712,1.3087989916238705,5.688221704428054,6.5008454835655405,2
acrAp,9,2,2.13071501548562,1.2231054158084202,5.7426557503770965,6.589091159652332,2
ldrDp,5,2,2.1303243723088845,0.6480156592089603,5.8470562431275654,7.075212369677043,0
uofp,37,1,2.1298663718356865,1.3599323178037401,5.725994483776775,6.475570232686603,2
rcsBp2,28,1,2.129697756809108,1.3828889845094583,5.765072410633781,6.529095682940598,2
rcsBp2,38,3,2.1295766134494514,1.3368873004438655,5.678515562899156,6.532277182469288,2
marRp,4,2,2.129333741663124,1.5495988137411167,5.601663820801536,6.236330974662248,2
sohAp,7,2,2.129223969989961,1.4845257833425571,5.622703117547942,6.354184518871868,2
marRp,20,1,2.1291635713261217,1.5430562122591767,5.580963082553952,6.263325636238119,2
ygeW_predicted,23,1,2.128894178057847,0.7651300736518427,5.900999843017882,7.004948789532848,1
galSp,41,1,2.128755641394785,0.7320430597868096,5.839801571948049,7.01564829385396,0
tolCp1,29,1,2.1285403035613686,1.1747939968326555,5.724383444980185,6.6235177869392245,2
xylFp,33,1,2.1284627318195124,0.8503083686160233,5.972707258212543,6.928570928015493,1
marRp,31,2,2.1282086679355916,1.1685943174159952,5.8636066361034755,6.654574504242956,2
yadN_predicted,10,1,2.127822097988409,0.8089302758582007,5.685109248279348,6.929503649903334,1
acrZp,9,1,2.1276263216069013,1.1581067549518962,5.735224384868949,6.627147145726009,2
rcsBp1,40,1,2.127347163531888,0.8438680293905052,5.870383664726919,6.9161058405177345,1
uofp,8,1,2.126950443085706,1.02054161191069,5.746898693332282,6.780938098329095,2
ihfAp4,22,2,2.1263150642805124,1.0851011703611635,5.94844107945787,6.819994584694729,2
aceBp,20,1,2.1261795267848993,1.204249960973125,5.7106457549733545,6.66737062390477,2
cpxRp2,32,1,2.125711442738239,0.8514278927025588,5.984967421365271,6.96748851051198,1
rcsBp1,18,1,2.125614523551335,0.8056944870411973,5.864536000562522,6.958506119920376,1
znuCp,3,1,2.1252340611513483,1.0660150172776472,5.735923887902439,6.769489924407621,2
ybaY_predicted,24,2,2.1249917314911504,1.3058507811303366,5.73256978944611,6.545830552075579,2
rcsBp1,29,2,2.124684257699047,0.8300695690848009,5.923056164027656,6.9514369033603325,1
mtnp,14,2,2.1246348861918043,1.2860121413368972,5.651191710606009,6.524541424946836,2
furpa,13,3,2.1242859817569846,1.3464099550240052,5.7689696342072825,6.5740990960125485,2
tmaR_predicted,12,2,2.124193436140836,0.986946008997787,5.812485762001664,6.794147529341864,2
acrAp,29,2,2.1241114595930304,1.3478174426612706,5.572905303525232,6.459605027008718,2
rcsBp2,6,2,2.1239411619159965,1.3274699732591069,5.7101484876870785,6.5058879872969495,2
blrp,14,3,2.1236796553674764,0.8181466795169275,5.861534072208563,6.940812498982757,1
ybaY_predicted,29,2,2.1233904575578357,0.8822915867805396,5.94019230513767,6.902569523956375,1
araCp,14,2,2.1231384161758338,1.0743045554301525,5.780252209961349,6.753113568421338,2
yahC_predicted,11,1,2.123017762155321,0.9731582700269827,5.812178284078441,6.855756358720849,2
furpb,30,1,2.1228119416310536,1.174061669889293,5.705484364937597,6.653388453718216,2
uofp,1,2,2.1227892271222553,1.3761927452034552,5.726963250368951,6.51042913762431,2
ssnAp,7,2,2.122756625585032,1.0214296621766616,5.915102956912541,6.855502705301394,2
xylAp,40,2,2.1225079752113962,0.8054009568869438,5.959700114312433,6.983846381078863,1
rdlDp,18,2,2.12250712927057,1.240412220598712,5.728456247705102,6.6251551712914125,2
yacH_predicted,4,2,2.122506998508651,0.736375884328233,5.836119647383881,7.005748786911259,0
znuCp,10,2,2.1220130711729923,1.0687148077380946,5.725659866434999,6.700314115301913,2
rcsBp1,40,3,2.1209092805936307,0.8273792405832606,5.864019414539572,6.939771302046641,1
yagB_insX_yagA_predicted,7,1,2.1208811137398373,1.1196029550616162,5.739319118984476,6.717732165295979,2
sohAp,10,2,2.1206312012634188,1.5552183657889374,5.717777456774825,6.41881294316588,2
ompRp4,8,2,2.120352112355293,1.4938256458185923,5.692120263818205,6.382732262655788,2
ybaY_predicted,15,2,2.119601901586237,1.2792101979236286,5.739903571938855,6.585515807127741,2
rcsBp2,15,2,2.1190243388233445,1.292474461172574,5.716599043794219,6.531269243659333,2
uofp,9,2,2.1188934493289695,1.5429462434818457,5.728839719384402,6.346193528289887,2
yadN_predicted,30,2,2.1181923891636742,0.8063747449045803,5.532181438185727,6.906779013094437,1
lppp2,11,2,2.1180452119966606,0.8904941757922392,6.036948350640483,6.948207473500864,1
tolCp1,29,2,2.117837314054544,1.1912705185369241,5.705809701560938,6.579153196364733,2
ihfAp4,20,2,2.1174736744436706,1.1004490643911005,5.7785288285365795,6.734613852603038,2
furpb,22,3,2.1165917869573763,1.1243306622216582,5.893348144146552,6.719147917876342,2
blrp,12,2,2.1163312778461667,1.3607216790948096,5.5607915305129385,6.416020632699686,2
yahL_predicted,29,2,2.115861197884265,0.8101801835396234,5.971268049089188,6.9496308192962015,1
rcsBp2,37,1,2.115669502306346,1.3160364049743078,5.655061730585681,6.533242589905037,2
znuCp,34,2,2.115420520311892,1.0685696432389025,5.7446597084163225,6.73329674306921,2
elaBp,13,3,2.1153063064001576,0.7192474866284544,5.7323115024749995,6.998919645854771,0
znuCp,35,1,2.115140191301696,1.024392004064387,5.779037700116875,6.7732826031972,2
mglBp,39,2,2.11486004980862,1.3942532493918232,5.6135039551280945,6.328907608510608,2
ygeX_predicted,23,1,2.1135890391689336,0.8715449827589414,5.6594085408981165,6.918980843411208,1
rcsBp2,19,3,2.1133149721936757,1.2644778601549016,5.6645616265371785,6.6436717245292325,2
recNp,9,2,2.112874000886539,1.036780535102601,5.8229265487991295,6.730323361919126,2
ybeDp,24,2,2.112521470251661,1.3359604124992468,5.670263423499836,6.517612640996511,2
znuCp,6,2,2.112176621756628,1.040342650237232,5.796498766596752,6.769905193836417,2
furpa,6,1,2.112163654768829,1.4625674661233166,5.760711165189882,6.452210666393296,2
yadG_yadH_predicted,41,1,2.1120171611527296,0.779929351664136,5.921139549441884,7.012064033226272,1
ldrDp,4,2,2.1119962192077497,0.7572192636907167,5.842726055040929,6.999608650925606,1
rcsBp1,28,1,2.1116292056833452,0.8046728166008154,5.821115621345609,6.9658243666794855,1
rdlDp,35,2,2.1114488715179163,1.1806853091363028,5.7230687127517195,6.66133570416313,2
rdlDp,41,1,2.1109882472203134,1.1966795495255502,5.7428560687638015,6.664001959564239,2
furpa,30,1,2.110686670459983,1.3389715081139462,5.784651102269777,6.590560221444996,2
gyrAp,10,1,2.110493608457172,1.2157066282941513,5.862758899429949,6.666960757420928,2
ecnBp,13,3,2.1102866065800145,0.7673500612535082,5.815392056421373,6.988725989401619,1
tolCp1,30,2,2.1102777762738127,1.2878636854466725,5.714594825256555,6.544077587027083,2
tolCp3,11,1,2.110122298779945,0.9513590951978506,5.860828785503999,6.826433709083319,2
znuCp,2,2,2.110028122677385,1.062301348202965,5.784194770030848,6.7461592733689795,2
cpxRp2,39,2,2.1093671480080776,0.8278117643256431,6.030518502806514,6.982572173706725,1
mtnp,31,3,2.1093062657495305,1.2540186894610903,5.679183666433888,6.541817938934864,2
yadN_predicted,1,2,2.10928368083248,0.7836290070335524,5.587610275426534,6.933613073389958,1
tisBp,20,1,2.108551972441342,1.137040696013308,5.677887407842832,6.657403960954156,2
tmaR_predicted,35,2,2.108349144429388,1.0012222570903755,5.8690501876928,6.8060159650944705,2
xdhAp1,34,2,2.108186510029279,0.704278625447405,5.525899603570232,7.0018461558833085,0
yacH_predicted,40,3,2.1081678910503827,0.7385598319546156,5.931667990965899,7.0021449081355875,0
blrp,13,3,2.107800717634243,1.2271764344431557,5.659493151464041,6.544177762767582,2
xdhAp1,25,3,2.1075661941409094,0.7941698791166923,5.640153205457949,6.920142484653426,1
yqjE_yqjK_yqjD_yqjC_predicted,38,1,2.107422774712519,1.2271594279990359,5.916248625434591,6.658137150397112,2
ybaY_predicted,41,2,2.107153007579634,1.2664506200555525,5.758888799742264,6.637478972078341,2
tolCp2,15,2,2.1071401265911525,1.2404021043023055,5.668304925506975,6.533363786040074,2
rcsBp2,41,2,2.1067885154115147,1.3838230091227774,5.709066283148356,6.457206640802646,2
rcsBp2,29,1,2.106384281315303,1.3164357028087383,5.7426056855614815,6.521449629461819,2
mglBp,4,3,2.1063231753882734,1.4141636023893296,5.597797191228962,6.293201639179905,2
mhpRp2,19,2,2.10607337898839,0.7893315120590526,5.610561264579596,6.889679445189251,1
blrp,8,2,2.106020140946309,0.7107303661080298,5.853406680145216,7.020191850269802,0
yagB_insX_yagA_predicted,13,2,2.1059664660650372,0.8952613374131522,5.942413396924534,6.9055956369041205,2
ecnBp,9,2,2.1059132505639573,0.8321784219394972,5.581821871161944,6.8513607051352485,1
tolCp2,30,2,2.1057589736445834,1.3379411725353745,5.761499678977277,6.477080211657471,2
crpp3,36,2,2.105637256317618,1.1726417799600217,5.816458420279852,6.604507080821122,2
ssnAp,29,1,2.105451223746309,0.7585271755062017,5.9388496353699765,6.989945987275632,1
crpp3,13,3,2.105122410532942,1.240653848684246,5.783776537280433,6.5606603576846005,2
mprAp,29,1,2.1048096257923077,1.283358188102653,5.566862314378721,6.489241477938117,2
rcsBp2,13,3,2.1040376837782957,1.1276737328206907,5.782780817491879,6.658742624332062,2
furpa,4,3,2.103024573049687,1.4778086691357342,5.667834514363279,6.4335237439915725,2
znuCp,34,1,2.102310359500062,1.3014565450495512,5.67057195840707,6.516724918169765,2
blrp,19,3,2.102292645687213,1.3139900380511094,5.6755130548791675,6.481181939256463,2
yahC_predicted,3,2,2.102157699223051,0.9669887867820746,5.8636987401638905,6.861759435062896,2
ompFp,16,1,2.1021553488243288,1.1744122640025645,5.779586519211455,6.66816248382737,2
acrZp,7,2,2.10192903538139,1.381734895223221,5.769279133912018,6.56698633554393,2
tolCp1,8,1,2.1014024258812163,1.2474895315080394,5.663527538769917,6.622534941240485,2
yadN_predicted,36,2,2.101374832765311,0.921638549925829,5.80069245570315,6.893481145613224,2
acrAp,13,2,2.101346206251269,1.3643544297178005,5.732571641486192,6.492669540191032,2
tolCp3,3,1,2.1011898547608463,0.8737634677036491,5.901535699201421,6.927983864453172,1
lacIp,1,2,2.101114296596796,1.1305918347097248,5.817787101498252,6.720412942269723,2
yacH_predicted,28,1,2.1010355737041513,0.7729587951687794,5.806632872725739,6.95376491584001,1
rcsBp1,11,2,2.1008499646015375,0.8047647510588992,5.910271559847435,6.960844482703264,1
tolCp3,31,3,2.1007248785585277,0.9043925004445068,5.956847662240314,6.910023050068624,2
xylFp,5,2,2.1005637080067614,0.7264302400129725,5.90753890795094,7.019300281890641,0
tolCp3,13,3,2.0998036294122557,0.8371291819291756,5.9504064865145345,6.936116069748295,1
gyrAp,31,3,2.0996051539016705,1.2417301669403034,5.822456698414979,6.645962001039223,2
sulAp,6,1,2.099366991404542,1.421196600232453,5.689870042027547,6.370116573263357,2
sohAp,25,3,2.099319870723367,1.5587060257945644,5.722091607774187,6.39198624209987,2
rcsBp2,5,2,2.098937967108213,1.2728659606255097,5.768073196961792,6.648113941644913,2
yagB_insX_yagA_predicted,36,2,2.0989203647872188,0.9591507675476969,5.811514897918567,6.819468434348627,2
elaBp,19,3,2.0979451622703635,0.7182578622953728,5.741475257203014,6.987241484948506,0
tolCp2,13,2,2.0978395446150455,1.1527965798195523,5.80221918879676,6.624071685289551,2
kbpp4,40,3,2.0978278404999102,1.0535345386665358,5.742612859582192,6.744454111186604,2
sohAp,17,2,2.097806115269241,1.2825505174919944,5.821830496040538,6.627392042056954,2
mglBp,39,1,2.097791849248312,1.3965552206781597,5.604747820262753,6.327181801109939,2
tolCp4,22,3,2.097603038775364,0.7379688868405322,5.967505137334072,7.030869857708284,0
galEp2,22,2,2.097602336963646,1.0851900520387718,6.006214791720477,6.800408958765173,2
araCp,41,1,2.097493639671914,1.0125919255562714,5.850401441188076,6.810992981334072,2
furpb,24,2,2.0973909608026533,1.2907574353043318,5.738148580100305,6.550279517069506,2
pheMp,35,1,2.097217062826978,1.4436223109597144,5.663095361346206,6.396454359414523,2
tolCp2,13,3,2.096789540874473,1.186553375994142,5.837983263885336,6.620652459888054,2
ygiW_predicted,29,2,2.0963732917673434,0.8672585414165153,5.751472386810957,6.935531943343115,1
ybeDp,5,1,2.095945800844709,1.4130243860688314,5.69272130454518,6.45595239397876,2
yacCp,13,2,2.0955887244195317,1.3039720189184951,5.71189414384496,6.485958976222161,2
furpa,28,1,2.095095952602467,1.4718160459994212,5.683265227104323,6.414567627785407,2
xylFp,9,2,2.094869732426564,0.7168155437106598,6.037800262835453,7.058276397396331,0
tolCp1,25,1,2.0948326123819507,1.0873610027777536,5.836160154810207,6.766596485666798,2
rcsBp2,40,2,2.0945769556219567,1.1580813135848316,5.827216509021815,6.691995176179195,2
furpa,5,1,2.0941508105286166,1.116181810860158,5.858737481960763,6.709760111469031,2
dinQp,1,2,2.0940699279337256,1.3360045974041104,5.739634234051911,6.538193774681175,2
yacCp,18,1,2.0937650655138476,1.3933419690569826,5.708559653368553,6.46196031559567,2
lpp,23,2,2.093642934362628,1.2905617654462198,5.711967164799502,6.571877704634,2
mprAp,36,2,2.093640571385841,1.174697419988924,5.551372965550594,6.580520537144962,2
uofp,39,2,2.093375715239496,1.403344300263826,5.7501705766271884,6.443799404721113,2
ybaY_predicted,23,2,2.09335834813394,1.403430708544094,5.724561331507087,6.479343778766175,2
mglBp,7,1,2.093259466273712,1.1818043189815064,5.701496259992347,6.526931274298474,2
fldAp,30,1,2.0931542101077922,1.223958243711757,5.726797812509562,6.618627429684536,2
yahC_predicted,2,2,2.0919288644496974,0.8643735209708143,5.995272210747374,6.956915963240016,1
gyrAp,11,1,2.0918932857858734,1.1889182029728722,5.845093791585158,6.719165386809983,2
rdlDp,12,1,2.0914924969276574,1.1419499398195605,5.786363744673032,6.72597160535761,2
elaBp,10,1,2.091424309479981,0.9612665613377444,5.829852106126132,6.825846485188324,2
tolCp4,19,2,2.0913350551642607,0.7735951799427792,5.948538770201767,6.9809385254529435,1
gatYp,39,1,2.0912028286068853,1.3982863020433416,5.63586431155692,6.350973136216825,2
relBp,19,2,2.0910928692049806,1.2770433211453371,5.651642489850235,6.494772362805185,2
acrAp,23,1,2.091083116182525,1.1902481713337403,5.766647237002725,6.597019623744995,2
yacH_predicted,4,3,2.0909594978737234,0.7953318000485785,6.000436691687463,6.961833255457276,1
ybeDp,23,1,2.090669766886356,1.367454787347794,5.652470516817828,6.475087454024658,2
rcsBp1,5,2,2.0902925069214415,0.8463756556535439,5.938320842440888,6.963948229725908,1
xdhAp1,21,1,2.08952008289067,0.7278251847452216,5.578078726362193,6.982796114704021,0
dgoRp,9,2,2.0893999064333717,0.9460197464039243,5.835769150072336,6.885406648218515,2
ldrDp,6,1,2.089120323503422,0.7420565898561956,5.974626952620655,7.013033331893973,0
sohAp,36,1,2.089016908804249,1.3163071864837466,5.739834144407788,6.591373638743765,2
acrZp,16,2,2.0888869947406823,1.1930110896192918,5.783063129806468,6.680247544435058,2
xylAp,15,2,2.088692590308279,0.848519329855643,5.8265691248727345,6.904345090180929,1
znuCp,31,3,2.0886596178849013,1.0582422271584218,5.816899099205509,6.7658109069287615,2
rcsBp1,21,2,2.088421801307625,0.805697556863198,5.900576516721378,6.944580157856258,1
tmaR_predicted,33,2,2.088414843683351,1.0552981750892696,5.829164936090973,6.786751303087646,2
yahC_predicted,15,3,2.0881416188293103,0.7458189959511903,5.913354726895652,6.9972102782979615,0
elaBp,4,3,2.0875924920596103,0.9448346380111521,5.758319707455879,6.788426563228072,2
mhpRp1,18,2,2.0875378503624864,0.7762863261640893,5.979200822276592,6.998212073032343,1
yadN_predicted,19,2,2.087349916254415,0.7457502791328374,5.618208779024739,6.951814790513108,0
xdhAp1,14,2,2.087286995286402,0.7392553505121308,5.607013406922473,6.960728586059767,0
ftsKp2,14,3,2.087166101873784,0.6903237611628656,5.623841650192165,6.997050109661233,0
crpp3,10,2,2.0870251746546855,1.3656987769732758,5.676194349415837,6.371629678459572,2
mglBp,4,2,2.0866172457044847,1.3678441888828918,5.611627384512854,6.334871399331078,2
rcsBp2,23,2,2.08582956632609,1.4003627289844647,5.731975907165502,6.39379271634097,2
yacCp,40,2,2.085826629395714,1.3314032620664942,5.660647436377043,6.4779889354766444,2
galEp3,8,1,2.0857667526897212,0.9164676405491305,5.742219314699797,6.83246660420454,2
uofp,25,3,2.0857488034963403,1.1144530234036258,5.7766582252129455,6.678783134231199,2
ecnBp,23,1,2.085660386873072,0.8247648066591398,5.641596390343645,6.872597630025714,1
yqjE_yqjK_yqjD_yqjC_predicted,3,1,2.0853968869062984,1.283205438622541,5.771866329151248,6.615769391969537,2
rdlDp,14,2,2.0851865503474993,1.226663544074684,5.708031685444235,6.631719539954922,2
cusCp,30,2,2.0846667214884076,1.151534690105096,5.645176498477446,6.616843687795579,2
rcsBp1,41,2,2.0846154017282608,0.8492018684195723,5.867269186678898,6.924271601800245,1
tolCp1,28,2,2.083469944456068,1.1117519140633958,5.753044085539305,6.662729733929359,2
xylFp,40,1,2.0833702748261325,0.7567866481332618,6.017245058089472,7.034153657416813,1
sohAp,15,3,2.082730644287361,1.3868734151564355,5.71190129451756,6.500165061012608,2
xdhAp1,11,1,2.0825075883966453,0.6873000679588349,5.578384175348143,7.00301202011998,0
lppp2,18,2,2.0824903775418244,0.8578731793132172,5.957268644411655,6.954544398163378,1
pheMp,17,2,2.082476152325777,1.4437012375115796,5.657803257079616,6.371856385711702,2
blrp,6,1,2.082366047252082,1.2292797595315599,5.670046582370286,6.58298919898537,2
TSS_18061_regulondb,41,2,2.0823445582253552,0.8438010624314934,5.900010462415738,6.93856205016983,1
relBp,9,2,2.0823353108986558,1.347843234170148,5.573417826529788,6.360882569116548,2
crpp3,4,3,2.0822621531872696,1.2076673809940692,5.860398085678909,6.575710836614292,2
mhpRp1,25,3,2.0818607025858014,0.8260141173019023,5.786917908427979,6.9103737257848685,1
relBp,16,2,2.0815053897210163,1.3029876155723745,5.627359045634936,6.49261900314393,2
uofp,41,2,2.081376358784389,1.3304850203889456,5.7535006599486875,6.513674756123823,2
ompRp3,8,1,2.0810412717328997,1.4168587182949592,5.74324597796376,6.481941568552406,2
mhpRp2,19,3,2.0803970055341257,0.7633856683872847,5.627744683481329,6.900121647863936,1
tisBp,22,3,2.0803919258723162,1.2432651753655866,5.673513849328252,6.526509320885713,2
galEp2,14,1,2.0801612422281752,1.1641376885212202,5.862454401101055,6.712597655045332,2
araCp,37,2,2.079621625770716,1.075577538084541,5.815948457388819,6.753892698502679,2
yadN_predicted,40,3,2.0796002126836877,0.8291955736512838,5.64107823612035,6.920800933854439,1
kbpp4,10,2,2.079570486902845,1.127335985469698,5.699591840835673,6.661668381077062,2
kbpp4,40,1,2.0788018742798515,1.0590901456033475,5.7306633545326005,6.725573673445982,2
yadL_yadM_yadC_yadK_predicted,7,1,2.0783162689790107,0.9042380900697108,5.634249167142663,6.851562110529008,2
tisBp,13,1,2.078316110840161,1.2212769406814687,5.6727271773872525,6.5397962391560265,2
rdlDp,21,2,2.078066509856468,1.1805681463703328,5.775851966054091,6.685050058212667,2
tisBp,31,1,2.0780048708973666,1.4003976296499332,5.53923976603174,6.317896810868213,2
yadN_predicted,40,1,2.0776522495197316,0.8288261505642691,5.6752379409101,6.928159577460467,1
relBp,14,1,2.0771293864082265,1.1839037118757294,5.8856034729509155,6.648662042252731,2
icdC_predicted,7,1,2.077085711652716,0.8498558309111965,6.054865566506676,6.9975024703846564,1
ldrDp,1,2,2.076965879599765,0.7272773161221276,5.849704252296301,6.986323738562033,0
blrp,12,1,2.0767882159713205,1.3937701295028004,5.667446105147521,6.437631220480466,2
yadN_predicted,15,2,2.0766125264413606,0.7789315309955663,5.740389285729844,6.964850940925644,1
yqjE_yqjK_yqjD_yqjC_predicted,29,2,2.076542565359293,1.1363507888750513,5.865464739846814,6.750854113420308,2
yahL_predicted,1,2,2.076307647679811,0.7432774862792928,5.885605595127991,6.977388777602031,0
marRp,14,1,2.076104897297131,1.4810003325561394,5.68652201177748,6.3480989846369855,2
araCp,9,1,2.0756198178785503,0.9479731146423027,5.925341356671224,6.8812435131311815,2
lppp2,12,2,2.0753270526075385,0.7877236399208919,5.938071127591559,6.99039914458952,1
yacCp,9,2,2.075263064379718,1.5652281358397129,5.639089775323054,6.249662116011589,2
aceBp,20,2,2.0750439946676327,1.119771789941432,5.900595114334298,6.696707524608175,2
ybaY_predicted,29,1,2.0749632543860717,0.8999328303087517,6.005264292941192,6.897426165442669,2
gatZp,35,2,2.074924216207305,0.6860076637327569,6.007170455126474,7.080300673130353,0
ghoSp,18,1,2.074590597422209,0.7770821853720123,6.0474374471838255,6.999459593861669,1
acrAp,29,1,2.07442615474848,1.3039347339838365,5.694376269737145,6.523003259099225,2
yqjE_yqjK_yqjD_yqjC_predicted,5,2,2.0742644979752374,1.1632784214171956,5.859084008578301,6.712158785870788,2
xylFp,11,1,2.0739908156223317,0.7728909777507335,6.070629130193063,7.001041617015037,1
aceBp,29,1,2.0739580666152646,1.2610376488420594,5.790866507694171,6.594945802175462,2
znuCp,40,2,2.0736546951459207,1.1101478398686409,5.821375393769557,6.711685756817943,2
araCp,28,1,2.0735866678793706,1.1702672116562471,5.675462071607042,6.6198368348118315,2
ygfKp,4,3,2.073453137898046,0.6924017795065467,5.738467679249805,7.040923485362737,0
rcsBp1,34,1,2.0730565351170296,0.7979325052977833,5.941868409901435,6.976243193158513,1
yagB_insX_yagA_predicted,9,2,2.072991754268567,0.9826211893195836,5.937364292737038,6.853233728459765,2
ssnAp,28,1,2.072676694840369,0.8315912202450927,6.05957354290175,6.985006465753217,1
ecnBp,29,1,2.0723062723993033,0.6861699112418587,5.956894597178485,7.056574715253669,0
lppp2,40,1,2.0722517524562454,0.803265694083644,5.8872371776274335,6.969097754024302,1
acrZp,20,1,2.072224859670849,1.0942554708152914,5.859431369579867,6.739490650804278,2
ompRp4,18,1,2.071978032552279,1.1644580535376474,5.772434323831808,6.651969100569252,2
marRp,4,1,2.071576088838047,1.3885886129817513,5.814259067385807,6.496081027324776,2
lppp2,18,1,2.0706215025954666,0.8303216740632734,5.982546521530082,6.973031963785555,1
uofp,13,3,2.0700075844592463,1.1323773286495429,5.8660122850736895,6.684317855617399,2
ftsKp2,29,2,2.069303489545889,1.0025871411556009,6.003755403262097,6.828242451311872,2
rcsBp2,11,1,2.0692959563000586,1.2127537001585016,5.764451910070398,6.669974708721313,2
kbpp4,34,1,2.0691309842481345,1.294002705848417,5.7212394447965345,6.546911368513578,2
znuCp,33,1,2.0689831704470025,1.0281413418291654,5.77435057103568,6.799232830261239,2
tolCp2,28,2,2.0687802531277923,1.0675872823494021,5.811339751424914,6.73927595237278,2
acrZp,35,1,2.0678602011080023,1.170457880839112,5.842154752146243,6.6846117692460165,2
ygfKp,14,3,2.067533195122411,0.8010010831646746,6.030660485005,7.01217601988188,1
ldrDp,34,1,2.0675229941691553,0.7891113054167268,6.006733609476056,6.995363463505894,1
tisBp,19,2,2.0670907783427674,1.1875347968721193,5.780417736390378,6.644148355815494,2
TSS_1414_storz_regulondb,33,2,2.067084354835518,0.9086640463302307,5.863113071873425,6.860560873475125,2
mglBp,16,1,2.0668988851070385,0.8223416932738487,6.042165233607667,6.966246886377605,1
tmaR_predicted,41,2,2.0664250443149332,1.0033876533096096,5.815454641994156,6.786035724945474,2
tolCp3,10,2,2.066388175750899,0.9732076136821735,5.936581636973564,6.839120106591638,2
sohAp,35,1,2.0661729695324866,1.418659227910305,5.824884616881604,6.577263405437762,2
blrp,23,1,2.0659623795800077,1.3226110817003813,5.648064735931702,6.4475583965421475,2
relBp,39,1,2.065781746214334,1.2296838939238084,5.722815515038764,6.592443232026084,2
sohAp,14,2,2.0656004808316877,1.5733641453928617,5.758708606008907,6.412153067846599,2
yadL_yadM_yadC_yadK_predicted,41,2,2.065587084598885,0.9171882108850818,5.815768874072942,6.878139988474151,2
aceBp,19,2,2.0654480583620183,1.1781322079787357,5.785583818375098,6.643589668549681,2
crpp3,12,1,2.065394059624411,1.2638906132925327,5.749660416758209,6.518409476735543,2
aceBp,25,1,2.065367241767647,0.803333881376387,5.945692045183616,6.941772299283686,1
dinQp,8,2,2.065340952730866,1.0686262164839475,5.81705776520569,6.720918599335811,2
sohAp,5,2,2.0652879297578384,1.4361292279898337,5.846902485400033,6.560019640365274,2
marRp,5,1,2.064986233317552,1.3119370533813692,5.628485334227911,6.499928983539796,2
rcsBp1,35,2,2.064775360322155,0.8725361911886871,5.81911271419395,6.897795549050058,2
sohAp,21,2,2.06467850157679,1.488388711936445,5.78195666464017,6.493592516351726,2
araCp,16,1,2.0646006809131205,0.9620957162643259,5.853503543735332,6.822351041319232,2
elaBp,14,1,2.0643154875152185,1.0048694709406967,5.85706147156051,6.785297554026874,2
xylAp,7,2,2.063532906147868,0.7949430927198586,5.93705040577216,6.95226305512279,1
acrZp,8,2,2.063430635148523,1.4028617035438793,5.75141504623239,6.5053586879121905,2
rdlDp,1,2,2.063241296003953,1.1606057090047732,5.808602569763856,6.737388501814759,2
gyrAp,6,1,2.0628676402174952,1.2075916908049928,5.797897682623264,6.698161391537174,2
tisBp,13,3,2.0624719741971096,1.168848305508161,5.723064393562968,6.592589625640834,2
tolCp1,15,3,2.062295536179887,1.0870801507493904,5.940574008522832,6.804072327227554,2
sohAp,37,2,2.062252470751677,1.5273263875444565,5.776984627262149,6.457423566057794,2
acrZp,4,2,2.062185325343316,1.1796500195722224,5.817300529202985,6.65240577174871,2
znuCp,15,2,2.062042498112128,1.200005201691929,5.8298627274747865,6.682376088120462,2
araCp,21,1,2.0617826305766833,1.0354691690997733,5.763926372773091,6.766757448994182,2
mprAp,11,2,2.0617509517967174,1.1258506379416302,5.675520485575585,6.621729324925763,2
yadN_predicted,4,3,2.061548852002267,0.7979575176931079,5.621039929010868,6.950905999369423,1
yadL_yadM_yadC_yadK_predicted,7,2,2.060602064213045,0.8523191561313465,5.6209147693924635,6.88132361748565,1
ygfKp,8,1,2.0605850183514347,0.775784931745451,6.065458210273743,7.002296769122474,1
aceBp,25,3,2.0600348110937308,1.069602308019442,5.884402559568965,6.723960423616597,2
tisBp,39,1,2.0597642608448576,1.1118490289053755,5.78247919125789,6.687050543848109,2
sohAp,32,2,2.059402914685538,1.4908471568831596,5.757462231916106,6.462511016345188,2
acrZp,5,1,2.0593802972547186,1.003654076748653,5.887517789289804,6.788516601712954,2
yacCp,29,2,2.058833480539181,1.4043951899696914,5.66681797836935,6.400607262714631,2
rcsBp1,21,1,2.0585383694770996,0.8544637291406426,5.906968966547167,6.9147745236301805,1
mhpRp2,37,1,2.0584634914560653,0.769141005329525,5.615974894254919,6.900292507868288,1
tmaR_predicted,3,2,2.058151872935486,0.9085065857548371,5.807431335844013,6.858999832890209,2
acrAp,41,2,2.0579314870633096,1.1527610632196952,5.8335521457002,6.653197350019554,2
yadN_predicted,34,1,2.0578220409857986,0.9308829565033326,5.843370585801713,6.902304848342494,2
tisBp,7,2,2.0578051477921426,0.960553813403759,5.95069473152085,6.818479787391812,2
mtnp,6,1,2.057624289098408,1.2659088415053863,5.788777243299821,6.620003620890547,2
furpb,24,1,2.0573142727183957,0.9958917499518892,5.875516777594358,6.8658680360565025,2
xylAp,3,2,2.0572211403308605,0.7847372433228793,6.0313207398121245,6.981083286656865,1
hdeAp2,15,2,2.057086326906195,1.0027077775000732,5.838224527682476,6.825753950636368,2
elaBp,28,1,2.0570736518413333,1.1001571575529536,5.868623053290861,6.690749721856143,2
yadN_predicted,7,2,2.0570071185149374,0.7133559136726747,5.684493300823799,7.024346883443839,0
tolCp2,25,1,2.0569032348822622,0.9953254576614138,5.802688029391193,6.772009414271459,2
galEp2,4,1,2.056603464458403,1.252495379500117,5.7267833547106015,6.549384508053407,2
blrp,33,2,2.056441166683872,1.3740368153206781,5.650027478578221,6.452674424726876,2
uofp,6,1,2.0562040937631436,1.340770649068002,5.708596819918415,6.4961163424522335,2
xdhAp1,40,1,2.056197428303619,0.7933091028147098,5.58495796420809,6.924670591152323,1
dicCp,25,2,2.0561435799844063,1.2961142898901032,5.78990221616208,6.54342996994118,2
ompRp4,29,2,2.0561109116746916,1.3072629721560618,5.769683206883627,6.559596574738677,2
xylFp,6,1,2.055206108018234,0.6575146936677546,5.980988413699466,7.083273090232391,0
ybeDp,31,2,2.0547425473809957,1.2312201307854045,5.805589951164768,6.674514770847301,2
ecnBp,13,1,2.054421788576257,0.7822232388384194,5.887959526507259,6.981865670195086,1
mtnp,41,2,2.054296302761082,1.1815879817244017,5.699096075227444,6.601317000590617,2
furpb,19,2,2.0542663994092827,1.2535705023945134,5.7266849166674865,6.588267332573988,2
ldrDp,3,1,2.054087773196626,0.669929851451301,6.021157103408765,7.083304215497049,0
mhpRp1,40,1,2.0538742301449457,0.8876570623933364,5.90055544534973,6.9346992907797,2
mtnp,2,1,2.0536439080998123,1.1958712102064701,5.705816898687738,6.605446417335391,2
cpxRp2,15,3,2.053535889497867,0.8060094755068741,6.066194092596737,7.0094461850631395,1
tisBp,30,2,2.053304347729172,1.2337566035317618,5.732694394646561,6.528859868898881,2
mglBp,4,1,2.0522372582464854,1.3611122483423512,5.667932148108774,6.360809028494749,2
yacH_predicted,18,2,2.0519480581870306,0.8166425100223722,5.925647157508873,6.931973954725381,1
sulAp,16,2,2.0513218432331977,1.3623890859974872,5.707085282195678,6.475749434344658,2
dinQp,29,2,2.05112323179859,1.4872709460297386,5.722916227025585,6.342137685631466,2
ghoSp,14,2,2.050673102330122,0.6943768069019929,6.077380907939272,7.075846808687602,0
tolCp4,7,1,2.0500805797702735,0.844894229704742,5.953967762540853,6.919902577483962,1
yadN_predicted,12,2,2.0498231267057716,0.7709893747748656,5.662832586063808,6.967017282992511,1
mtnp,40,3,2.0498044315857205,1.1560878764053886,5.770565810084328,6.661252906889651,2
tmaR_predicted,41,1,2.049702871863341,0.9889813155477577,5.848722621028611,6.777729657935131,2
sohAp,3,2,2.0496418115907176,1.4348803940062642,5.794005945344328,6.521138782392679,2
dinQp,8,1,2.049394020711683,1.280989254327135,5.862299892825227,6.574691472217438,2
yacCp,4,3,2.049343584004744,1.3228506182247346,5.741593877243037,6.53067766608402,2
acrZp,22,3,2.0490002111131833,1.1228663106346088,5.833917783617207,6.752476462981577,2
ykgRp,7,1,2.048586002753342,1.177675726423992,5.773991572661849,6.598839690963908,2
yacCp,12,2,2.048156822258017,1.1933862018367778,5.851142378182619,6.645610250349375,2
yadE_predicted,34,1,2.048122356805781,1.2227113120920012,5.924856884604619,6.6385805292638915,2
crpp3,23,1,2.048095989028748,1.4976500535056758,5.5623027767006565,6.234018647651117,2
ssnAp,13,2,2.0479320039344495,0.7004224383471964,5.9416117881412145,7.052378077672941,0
kbpp4,41,1,2.047794163072637,1.0350024245388867,5.816110928140791,6.771199635936853,2
tisBp,7,1,2.0476111304060605,0.968873631273376,5.839825219521719,6.814823427424632,2
furpa,19,3,2.0475697066357155,1.376773207345049,5.796096597461767,6.543039086548092,2
tmaR_predicted,18,1,2.047315383626083,0.9698816765627529,5.8398748162278125,6.821100800356605,2
yqjE_yqjK_yqjD_yqjC_predicted,30,2,2.047173693381834,1.2076264989536778,5.784854151759282,6.690405077084275,2
yadN_predicted,1,1,2.046698672539099,0.7613010563818394,5.756016740311753,6.9843484612059985,1
yadN_predicted,29,2,2.046652866131991,0.8877628568414415,5.856696619336887,6.923730890293559,2
tmaR_predicted,39,1,2.0463357530575745,0.9556381349583973,5.838719693039212,6.85499142277341,2
rdlDp,5,2,2.045799270893078,1.1490612235914508,5.772186819092953,6.701142273255411,2
mtnp,21,1,2.045756473531169,1.0628432252593414,5.782330840649721,6.725438410631046,2
xdhAp1,17,2,2.045652628933388,0.759593399729468,5.61468963853321,6.943508683761705,1
mhpRp1,12,1,2.045609986637825,0.6856754187962788,5.9730026321581295,7.05224182959992,0
tolCp1,11,2,2.0453919774713216,1.1854549665805112,5.836193639435429,6.650080920495075,2
ldrDp,21,1,2.0453254986925913,0.9715257105583023,6.090756057513597,6.8701631633066675,2
ybaY_predicted,7,1,2.044856772966173,1.3073213204143572,5.912459074117928,6.63457369695358,2
yjbJ_predicted,7,2,2.0447564793061583,1.54822765599981,5.738427332287344,6.336658127152235,2
uofp,33,2,2.0447324348069422,1.0452449159642065,5.937403638308678,6.761216162075669,2
mhpRp2,36,1,2.0443693899210764,1.1672928795987056,5.840270983358295,6.72093196373797,2
ymfM_beeE_jayE_ymfL_ymfR_tfaP_ymfT_ymfN_ycfK_ymfQ_predicted,16,2,2.0441941465425812,0.7263316177912071,6.087988766521411,7.058653446750326,0
ybaY_predicted,15,3,2.043522579022282,1.4474726324460447,5.762183080706268,6.4285833268365735,2
dgoRp,14,2,2.0434994540357674,0.9745855441581487,5.860537976755412,6.840122419179778,2
ybeDp,25,2,2.043347660259933,1.4409427735781164,5.72022336619991,6.3749769073459905,2
yahC_predicted,11,2,2.0431592927291184,0.9061875110495489,5.9191144265160265,6.905092275181463,2
tolCp2,6,1,2.0430800893513728,1.24136164245494,5.861603497169389,6.611555958938466,2
lppp2,14,2,2.0429708511848457,0.8467721841043185,6.035411549606396,6.9642376074681716,1
lpp,23,1,2.0429002848493676,1.214828796698518,5.727200033871323,6.6030814819269965,2
rcsBp2,41,1,2.0428322242161214,1.2723828643229842,5.722420671832441,6.517864889484839,2
yadN_predicted,38,3,2.0425166383465316,0.738810668604063,5.643680082998568,6.9656131023362295,0
crpp3,11,1,2.0424717557837777,1.172599137928894,5.788693950703815,6.623396607041564,2
yadE_predicted,9,1,2.0419779084508836,0.8841696433665854,5.897192307597827,6.920578125488296,2
fldAp,25,1,2.0416671898824563,1.3952206619164569,5.743097043974752,6.451753299696582,2
tolCp1,6,2,2.041071773165063,1.2395642166249117,5.785612198177532,6.556742925174772,2
mprAp,36,1,2.040932587149863,1.1460822607055352,5.581532851875924,6.600513583681215,2
yadE_predicted,34,2,2.040764947975101,1.2529411076580936,5.729910623818661,6.563494076004028,2
tmaR_predicted,4,2,2.0406614183390817,0.8982658864886932,5.818088454303885,6.86962986745571,2
ldrDp,2,1,2.0403432709524583,0.854210970332594,5.918417941472308,6.927624667931867,2
mtnp,35,2,2.040267182293842,1.1362325350190512,5.755468115315005,6.669314327471891,2
tmaR_predicted,25,2,2.040035593700583,0.944124476733402,6.004980973103581,6.897786640826201,2
araCp,29,2,2.039431320618888,0.9478443005149816,5.940979373648672,6.874285716576696,2
araCp,29,1,2.039297637733191,0.9637001580464686,5.905788488282113,6.8693580404044425,2
lacIp,3,2,2.0388116852439286,0.9214218509161719,5.9931661367096645,6.937338577578653,2
recNp,33,1,2.0383728435536903,1.096479743075857,5.769270596357856,6.683838118165378,2
yacCp,34,2,2.038308969761574,1.3534083255458509,5.745152057897787,6.495697232046384,2
sulAp,38,1,2.0378595996391575,1.34741581824645,5.723216361032293,6.476130350902368,2
tolCp1,7,2,2.0377699008402916,1.2677386578772354,5.809475584357641,6.681478336421028,2
mtnp,36,2,2.0375238471778814,1.1752882017170156,5.732818001069719,6.647847571427841,2
gatYp,15,3,2.0371524020954834,1.3651260749723804,5.642379817036668,6.314778861037983,2
ompRp2,15,2,2.0369713429362872,0.849218864826683,5.869089967598227,6.918904098049953,2
hyuA_predicted,7,1,2.0369595618917473,0.7292895908396793,5.915783475667224,7.017310323702981,0
lppp2,40,3,2.0368989138421796,0.8118193509486321,5.894164174091628,6.948385784176634,1
mglBp,34,2,2.0366355055694965,0.8332772856169643,6.021899214137124,6.940374091569003,1
znuCp,32,1,2.0362713188281254,0.9542149398363928,5.882651540852432,6.811795303104477,2
uofp,28,2,2.036094886244794,1.2615054550296696,5.859859792423221,6.616226717741227,2
marRp,33,2,2.0359021270255804,1.4608450010311396,5.615951211417489,6.2780786011482554,2
xdhAp2,18,1,2.035772180223517,0.7555293341754228,5.756817851172758,6.959739774495972,1
rdlDp,34,1,2.0351936531099377,1.1413913307075074,5.776509734592826,6.691109530828101,2
mtnp,19,3,2.0351088198619127,1.2274160208243374,5.760070292359476,6.623897610757142,2
xdhAp1,4,2,2.035045293636137,0.820060072707632,5.672070919906492,6.911252650728119,1
crpp3,41,2,2.034944154693366,1.3978080118473168,5.6359870214984165,6.367197166509428,2
rcsBp2,9,1,2.0346964640765917,1.1707194229150917,5.886609539070167,6.739983661001675,2
kbpp4,14,2,2.034610251701499,1.1221378430516638,5.707888997184213,6.656402094112115,2
ybaY_predicted,21,2,2.034321128239315,1.2914560440139762,5.751643279792317,6.555399982202925,2
mprAp,3,1,2.0341943939476104,1.2524263458427052,5.710582689578315,6.50696523318676,2
furpa,32,1,2.0339156013554858,1.3417376747642933,5.82943502523846,6.55617266150724,2
lppp2,4,3,2.033806441273064,0.8704689645746762,5.982285090366583,6.945230254746985,2
rcsBp2,11,2,2.0336627050887333,1.1167463500343504,5.813039639025886,6.7442287400747825,2
lacIp,8,1,2.033127073423594,0.9538517492023147,5.90532084615951,6.832844020227583,2
yacCp,36,1,2.032928573782133,1.4463302066478094,5.749079091695033,6.422184844638389,2
sohAp,31,3,2.0328489387084554,1.4520301579388184,5.7649739195796235,6.494420340407734,2
crpp3,23,2,2.032670492859177,1.4471674209040175,5.640050676621994,6.3087269051150034,2
ykgRp,39,2,2.032585016953352,1.1264219030707723,5.800057864632194,6.651172674952939,2
ftsKp1,31,2,2.032168696663759,1.1263221611659504,5.829656630565351,6.710073355653172,2
rdlDp,33,1,2.0319445217315164,1.1183807240363561,5.8081312547075425,6.746664059277453,2
kbpp4,40,2,2.03102356039653,1.0317199336045477,5.79805918721787,6.762352074872644,2
crpp3,9,2,2.0307956206429623,1.3839136989769973,5.6260628502493635,6.348888907508993,2
mprAp,8,1,2.0305730573989096,1.1950036200635668,5.839362570556602,6.6000887648437585,2
rcsBp1,15,2,2.030236300417323,0.7298996859668749,5.970369985254603,7.011986457454848,0
yacCp,21,2,2.0296072006444397,1.3549109998753257,5.667695561055993,6.447555691532948,2
mhpRp2,10,1,2.0294243260084595,0.7728173151547862,5.612915256814276,6.9193565525540865,1
yadE_predicted,21,2,2.0290997397746993,1.3892066102265483,5.813021056361171,6.511791455426863,2
mglBp,8,2,2.0286193226045044,1.216895583404655,5.697446021484486,6.476530220462538,2
ygfKp,39,2,2.0281202881907783,0.7562665730440905,5.897842005080495,6.995746528122648,1
yahL_predicted,36,2,2.0276981897874586,0.7131607320703751,6.001836987512103,7.036724191396022,0
crpp3,40,3,2.0268817540856867,1.3070704671530773,5.747177858747115,6.461660740441499,2
sohAp,14,3,2.026865756036808,1.3631480965613576,5.750666930855919,6.540611905086331,2
znuCp,36,1,2.0265274313466497,1.2591926227604406,5.893159278559311,6.660288515863869,2
tolCp1,5,2,2.0264058851243925,1.132967201525087,5.893582272674565,6.674342087939133,2
rdlDp,32,1,2.0263900886372435,1.1940244071493464,5.788879445843081,6.665005697185727,2
yadN_predicted,37,1,2.0260489337173584,0.7796308636195026,5.672606299395385,6.95910926550572,1
mprAp,21,1,2.025789074735268,1.1770159808678915,5.748190342578496,6.576286026284929,2
mprAp,18,1,2.025731084257956,0.9821509590161945,5.523271152674843,6.7272251967886545,2
yacH_predicted,37,2,2.0256700641330143,0.7250864586763884,5.837471429385178,7.008581954080036,0
xdhAp1,35,2,2.0255258814699713,0.7530177126821754,5.647778065754039,6.955280895993798,1
ecnBp,32,2,2.0253332677425258,0.8779805409645629,5.830522005606442,6.87987670111276,2
mprAp,40,3,2.0252816500681763,0.9522509149873873,5.5457041172958474,6.756847439786574,2
tisBp,31,2,2.0251245537684603,1.1124159321433191,5.820825152408251,6.6693481470337534,2
tnaCp,39,2,2.0250228026623853,1.0595704316554204,5.740558297360676,6.695290833645543,2
tfaE_stfE_predicted,29,2,2.024866685184584,0.9200706637223844,5.862713761120579,6.8890014329092555,2
rdlDp,31,3,2.0247731528852255,1.1341201952991875,5.7689715381854825,6.721638577699602,2
mhpRp2,38,3,2.0244598862883607,0.7353272647263138,5.649556988414053,6.940841358919215,0
furpa,25,1,2.0242527188625092,1.3791766914941408,5.920727008905329,6.531111323458816,2
tolCp3,40,1,2.0232671735474774,0.8668945982726285,6.029483791643125,6.938513803410368,2
mprAp,31,3,2.0228446913648694,1.019358030955425,5.528825162423871,6.694092934644432,2
ftsKp2,13,1,2.022799171881271,0.7632473654775053,5.938971115488247,6.977504291030146,1
yqjE_yqjK_yqjD_yqjC_predicted,6,2,2.0227051613880893,1.1090779690837447,5.853064142411057,6.749174730414708,2
mprAp,13,1,2.0221381259507605,1.212933396387667,5.63917788402379,6.514857246247907,2
mprAp,40,1,2.02197983206408,0.9560861934287026,5.551823651371285,6.758193968774262,2
furpa,3,2,2.021712275338374,1.3909132440994956,5.761520219148393,6.510993030005426,2
dinQp,35,1,2.0213643820142226,1.1667150353283373,5.8323347500225164,6.623110083823736,2
rcsBp1,6,1,2.0212066281273535,0.7822998977070407,5.941653573912049,6.966771140493826,1
sohAp,18,2,2.0211662600273046,1.5097373384986443,5.7698617459551915,6.464918238608757,2
yahC_predicted,14,3,2.0210728408811054,0.7191300716578487,6.036221072642012,7.01756763428583,0
ybaY_predicted,34,1,2.0210492655529255,1.1953414467323096,5.708658818173875,6.659155544239859,2
tolCp3,6,2,2.0210236368892773,0.9045098080413069,5.927414953377604,6.858216529717284,2
crpp2,8,1,2.0203630619525947,0.9896425878183617,5.804659204775798,6.7989637846093585,2
yadN_predicted,10,2,2.0200732624995728,0.8319249411567003,5.732394773404554,6.919798715937386,1
araCp,18,2,2.019654771295416,1.0548502203006056,5.851811192884567,6.766978388003455,2
rcsBp2,19,2,2.0195597940039622,1.1770589263598161,5.763223318933804,6.693999097390382,2
znuCp,35,2,2.0194411349698993,1.0346420506989473,5.823720693285178,6.779505673829903,2
dinQp,23,2,2.019426388903532,1.366434697788894,5.7645386730565935,6.43889216052523,2
xdhAp1,41,1,2.0190214013911545,0.725160328361827,5.630932439157622,6.9601587411949515,0
mprAp,10,1,2.018911758897822,1.1859358397409296,5.702058261461797,6.577401857530469,2
yadG_yadH_predicted,40,1,2.018589301014453,0.6671303524173416,6.01731386099393,7.069609484964225,0
blrp,36,1,2.018179224040101,1.0661216399811382,5.838696947537008,6.763966920405224,2
furpa,17,1,2.0180132873808447,1.2311703578873632,5.859786966776785,6.661498850588499,2
kbpp4,4,3,2.0179549273471142,1.339330799902973,5.7110177112191085,6.5275797179141914,2
tisBp,16,1,2.0178768218453924,1.1470248358359543,5.761810125356925,6.6439755381589185,2
tolCp1,19,3,2.017609545872465,1.1899963113603125,5.827410274669554,6.646932347697213,2
rcsBp1,6,2,2.0175953387791754,0.7905036084080184,5.923143254955231,6.975913854603446,1
gatYp,4,3,2.0174959339752854,1.3659912231269966,5.7070665626261565,6.392569856842253,2
tolCp3,23,2,2.0173659181395527,1.0643971758006963,5.973098660663272,6.757915500267845,2
mhpRp2,1,1,2.017231149191399,0.7664874772489794,5.645634257362319,6.908749354202021,1
kbpp4,13,3,2.017068175046571,0.873093709711543,5.894021200826321,6.894295686376321,2
sohAp,13,2,2.0170096206673334,1.3887143601771186,5.7640439596755355,6.545231671357724,2
yadG_yadH_predicted,35,2,2.016954193234886,0.7449062662397384,5.960650300127253,7.034528071036449,0
znuCp,10,1,2.0167204564957517,1.149941180310417,5.79998434432772,6.660561219444341,2
ssnAp,18,1,2.0164298665126323,0.7966695690917404,6.0115493853549,6.987203901480633,1
yadG_yadH_predicted,34,1,2.0163903678737927,0.8624748656018272,6.026943090438833,6.923204466166979,2
crpp2,38,3,2.016334064659741,1.2443473239656597,5.8050454756878,6.634854733828226,2
tolCp2,36,1,2.0158727396403835,1.166756841805439,5.808700257057156,6.648737421764087,2
TSS_4655_regulondb,29,2,2.0157939052427274,0.7629321032319764,6.004869830982105,7.006604496720216,1
rcsBp2,32,2,2.0150563390236482,1.1540439417033346,5.817527381674863,6.686660780309247,2
yjbJ_predicted,21,2,2.014961414435984,1.3984382265326059,5.859185341842455,6.547134886285617,2
araCp,35,2,2.014806593822406,1.0181935991972548,5.866076306953162,6.790671338983522,2
rdlDp,33,2,2.0147817922180367,1.1486709959794656,5.834455154679072,6.680647721569125,2
xylFp,33,2,2.014775996121948,0.8096644691368928,5.950662820862208,6.962771194339898,1
tmaR_predicted,32,1,2.014472016546007,0.989815148084579,5.912307845792309,6.7921375340084325,2
mhpRp1,9,1,2.0139340885948496,0.7914349114167905,6.124320939651027,7.00851550114136,1
marRp,30,1,2.0139145856296277,1.3698681620568265,5.682201603992192,6.42155609550869,2
sohAp,11,1,2.0138045238978752,1.3802167929970468,5.847672569638092,6.573834946109518,2
lacIp,29,1,2.013802889251718,1.1314289371573223,5.898899087062217,6.721912300953175,2
yacCp,5,2,2.0137574301365584,1.2179859300019797,5.815446128282781,6.619831134080954,2
ftsKp2,18,1,2.0135430668199947,0.9315476699147502,5.947851264680616,6.8651895075234375,2
lppp2,10,1,2.012861440403824,0.7560805117056079,6.085847182713133,7.036730920817253,1
crpp2,40,2,2.012781601071522,1.3555707655325167,5.736089321351333,6.491878032271013,2
crpp3,20,1,2.012057379095012,0.9004648861420812,5.8609520760352085,6.878482016443529,2
rcsDp,36,1,2.011541267558711,1.0794713011899684,5.840715046809759,6.807478229244556,2
ybeDp,23,2,2.0112504687884143,1.3498720571192309,5.716146212096087,6.492378234953163,2
crpp3,14,3,2.011198527964233,0.9261689546226592,5.913708645484011,6.898024083187414,2
elaBp,38,3,2.0110896145911124,0.8210751371020741,5.904289400009982,6.911835053320878,1
rcsBp2,1,1,2.0110125977612427,1.1172996814193987,5.831354784969598,6.700907876625224,2
fldAp,22,2,2.0107201161962234,1.2031823864733493,5.755182711489223,6.653565453745967,2
uofp,4,2,2.0103624024159634,1.1515838518282784,5.863239149161312,6.68805170635582,2
ihfAp4,15,1,2.0101631630242056,0.8191517039024464,5.855099441311513,6.94279169260361,1
ecnBp,7,2,2.009951527946721,1.4710377686639717,5.754016472838956,6.435918407516786,2
ghoSp,3,1,2.009938935044887,0.7590239877043451,6.0444632162855,7.005181794026288,1
lppp2,6,2,2.0095221881320064,0.7922272491948151,5.976420284151072,6.9862175270511635,1
tolCp1,6,1,2.0094205075491085,1.0396298116293212,5.860343793437826,6.7506903188159075,2
blrp,40,2,2.009301813733212,1.330780090924982,5.732763421187702,6.512798077751476,2
mtnp,32,2,2.007956804293756,1.078229271885561,5.779631818735588,6.703628559232146,2
blrp,34,2,2.007922009341494,1.2727444361600877,5.733002194406397,6.54481708131612,2
lpp,36,1,2.0075700963020187,1.2291333229611554,5.823526796065692,6.668276856770204,2
mhpRp2,4,3,2.0074209279045703,0.7555872131286377,5.601373082999381,6.907320106272705,1
ygeW_predicted,9,2,2.0072722853272236,0.7476896914961443,5.846003649671861,6.98838011682923,0
tolCp2,22,3,2.0071609393386236,0.8887866233662395,5.909784746712523,6.915343974839096,2
lppp2,12,1,2.006920798257996,0.8174430071664016,5.955605404298602,6.949873888329453,1
mprAp,38,3,2.0061277443529124,1.1991684417933364,5.665345897967237,6.5570943149811125,2
mtnp,11,1,2.0060312659399933,0.9982242394005988,5.7577365614614,6.767674266180052,2
yadE_predicted,15,2,2.006000173239225,1.4482051547417047,5.777538959651565,6.432451168464587,2
mtnp,40,2,2.005996152154413,1.1094685461723026,5.803269503221502,6.70262074005743,2
ghoSp,18,2,2.005856378301299,0.797452487248233,6.197052600928053,7.0358263021878304,1
uacT_predicted,19,3,2.005814765139994,0.7179445189810918,6.0590349866119535,7.030657317402156,0
yahC_predicted,13,1,2.0056005008997433,0.933063691744463,5.904926399495919,6.899633560125908,2
aceBp,4,1,2.005577262836204,0.9028727166609326,5.820350754428448,6.869096891480094,2
ygfKp,30,2,2.0047306423355296,0.8404871755197426,6.0282796406801715,6.956099607028105,2
mprAp,32,2,2.004542946749715,0.9815112307784087,5.568678534996791,6.73637796679097,2
acrBp,7,2,2.0044366667439317,0.9676132446172275,5.927479769964062,6.892651476317449,2
yagB_insX_yagA_predicted,2,1,2.004410994821906,0.932153950954942,5.835931156295752,6.869046538213372,2
znuCp,12,2,2.0043212533032353,1.0036849172409843,5.816261721676823,6.761608820961586,2
znuCp,13,2,2.0041213728081027,1.0862148690529156,5.847386576878639,6.71260517720269,2
mhpRp2,39,2,2.0037880014455522,0.7538707381294784,5.633976904322248,6.90834539184067,1
gatYp,14,3,2.0036927326589633,1.357456987175668,5.652856399378493,6.327443081523988,2
znuCp,32,2,2.003516782510434,0.994386816678307,5.8133644628173595,6.779595902425152,2
kbpp4,32,2,2.0034689331757396,1.0957125541305863,5.717214523423808,6.691430682340533,2
lpp,15,3,2.002777266095153,1.2014123020277117,5.9058951735042005,6.734336363881941,2
mhpRp1,40,3,2.002546792449362,0.901741275878288,5.983203790735295,6.899033094019925,2
yadN_predicted,31,1,2.002125561713323,0.7555083625860699,5.801642056635435,6.968307812000821,1
rcsBp1,2,2,2.0017140340720796,0.8129811784066195,5.924257077657117,6.948221625760198,1
mtnp,15,3,2.001397659889957,0.9105360229561349,5.852793481396235,6.855080670388374,2
crpp3,32,2,2.0011471912514707,1.2813730171092488,5.7397760052115245,6.472507446819422,2
yadE_predicted,41,2,2.000797935764715,1.3882399671226422,5.80476496553468,6.499571809111443,2
furpb,4,1,2.0006540178739334,0.9749348669889606,5.909765118402243,6.850640996937196,2
gatYp,19,2,2.000235294501126,1.36675159621268,5.798616282254006,6.450846469694566,2
acrAp,1,2,2.000147244565118,0.9446824265330466,5.922237164751852,6.860813478521148,2
xylFp,37,1,2.0001154388412665,0.6912661046972024,6.078260554856218,7.079485630715077,0
hdeAp2,14,1,2.00006570177328,1.0234635615408771,5.888863367708651,6.805948095239481,2
araCp,12,2,1.9999319695936326,0.9872468920584002,5.913360396389723,6.822767543343206,2
znuCp,1,2,1.9996832319816107,1.0652900983333544,5.790058041425173,6.749825308165526,2
aceBp,8,1,1.9992456588932008,0.9023995962113751,5.9352684352772105,6.849154843302985,2
lppp2,15,3,1.9990971904908656,0.6901178940029951,5.907192070099793,7.037596039572696,0
araCp,5,1,1.9990764483841783,0.9113872203748891,5.961447823763132,6.8985597882194645,2
aceBp,36,1,1.998557796622077,1.2254911699144677,5.75315697036717,6.58699723300163,2
uacT_predicted,4,3,1.9982056654722515,0.7587783716098676,5.840725704445193,6.96062890876488,1
tolCp3,39,2,1.9978280609471046,0.883607841818866,6.0272871193914215,6.938480864611126,2
tolCp3,40,2,1.9976416720376953,0.8571508739427428,6.047297230335273,6.934771334586224,2
hyuA_predicted,7,2,1.9973969164405876,0.7180612002500608,5.688180308658624,6.963025660184332,0
araCp,14,3,1.997366594957567,1.0459990135510586,5.861813487344761,6.749888840054823,2
yahC_predicted,8,1,1.997335060304852,0.7947839661308512,5.985437430084184,6.9857774743921395,1
mtnp,11,2,1.997325300244926,1.0705311634000705,5.7940914840224345,6.705649067308995,2
sulAp,30,1,1.9973003616377303,1.2945195295895022,5.781811013878965,6.506266081935034,2
tmaR_predicted,34,2,1.9971436491253058,0.9154163701360868,5.889858623174419,6.85520432721522,2
tolCp3,21,2,1.9971336852183825,0.9409935937615682,5.947070033695284,6.858522665620171,2
rcsBp1,1,2,1.9970101492095007,0.777026241805215,5.942788315575877,6.9740419175108475,1
sohAp,41,2,1.9966498315337717,1.4963147011264046,5.804062183128984,6.475908683845947,2
tolCp3,10,1,1.9965955415544705,0.8385229404741489,6.051998333710635,6.947184672408928,2
mtnp,18,2,1.9965883078953413,1.0981628061815993,5.796874530052968,6.658416426351425,2
ghoSp,1,2,1.99643909564383,0.8610819927640503,6.066491432239799,6.955928206709457,2
blrp,37,1,1.995677753346744,1.1780302043780186,5.7286783290618635,6.599366371398168,2
blrp,32,1,1.995508284566331,1.337806195417228,5.723934109229293,6.472683266274162,2
sohAp,4,3,1.9951943561814534,1.3971094472549423,5.857817347606185,6.56155244554844,2
hyuA_predicted,8,1,1.9950919947019465,0.6301968167990516,5.773776890357251,7.066706905044676,0
lppp2,41,2,1.9950807264522736,0.8404972238384845,6.091013082771651,6.976380539206719,2
tmaR_predicted,1,2,1.9949835771172013,0.9793777164465335,5.862655753028568,6.788554820549562,2
rcsBp1,3,2,1.993701162701404,0.835829526892528,5.872816789036118,6.927030421308514,2
yahL_predicted,18,2,1.9935710007454357,0.8404055485911277,5.991181328695762,6.933769650473738,2
mhpRp2,41,2,1.9930667433362554,0.755862329221889,5.670068763432462,6.922481569869054,1
araCp,18,1,1.9923373188008249,0.9863003036257801,5.863471133331878,6.823400675586818,2
tisBp,8,1,1.991934575716621,0.983038253650059,5.830747012891344,6.7616884318602555,2
ygeX_predicted,16,1,1.9910920097574627,0.7304831660451326,5.9522636828068,6.998291347725737,0
acrZp,11,2,1.9907981798028014,1.0145264457435865,5.985763878666586,6.830521610984708,2
znuCp,38,3,1.990761289306954,1.2039701486688212,5.80582661467293,6.637566805134577,2
yadN_predicted,2,1,1.9897199423274834,0.8200178920607927,5.733253659746262,6.913989442916845,2
mtnp,40,1,1.989437660819513,1.131074421384742,5.719102204210807,6.653596095606729,2
ghoSp,9,2,1.989178929750456,0.7146615269996939,6.012567412695942,7.055313122698175,0
tmaR_predicted,18,2,1.989170333209567,0.9628084234586366,5.895796662721645,6.812808150658531,2
znuCp,28,1,1.9885247490247002,0.9596109282888545,5.810993904482924,6.843916773267985,2
yacCp,32,2,1.9884215488778594,1.3578400389010028,5.7831678199605205,6.4789912932389715,2
yacH_predicted,21,1,1.9883596785332225,0.8161217509243195,5.94133226725914,6.923608447789055,2
ompRp4,10,2,1.9882549451078826,1.0973803391477583,5.846723630849505,6.708956772455901,2
xylAp,5,1,1.9880853653162542,0.7502988468613164,5.974418526594624,7.02452332693794,1
ygiW_predicted,8,2,1.9880221963490374,1.3327806204975643,5.794914099576011,6.565346560451969,2
lacIp,32,1,1.9877322066461398,0.7204648238070492,5.964961511100721,7.016825258603557,0
crpp3,35,2,1.9871854283987627,1.3348782038565017,5.76223736021689,6.430817225326036,2
tfaE_stfE_predicted,29,1,1.987085664467698,0.7577593790767848,5.842469311369816,6.9696608773415925,1
yadE_predicted,16,2,1.9870528801823224,1.438729801540667,5.8014698860395555,6.475031335095792,2
tolCp4,36,1,1.9870478572867492,0.9077197703681888,6.006273664038865,6.862610081038884,2
sohAp,37,1,1.986847441518571,1.4320526533404296,5.7997123585665324,6.520191072566618,2
znuCp,13,3,1.986749350100531,0.9149214000627428,5.875811938543802,6.8554895681883306,2
yqjE_yqjK_yqjD_yqjC_predicted,4,1,1.9864717210859704,1.2249765535993755,5.874883998473709,6.645115880537125,2
rcsBp1,34,2,1.9861223783983861,0.8039085281321304,5.9152901071944,6.9715922002735065,1
tmaR_predicted,17,2,1.9859940118083237,0.8339709092539853,5.866245003893297,6.924444298635,2
tmaR_predicted,29,1,1.985992734031827,0.9279289816947066,5.804462954941904,6.825587110307828,2
ygeX_predicted,10,2,1.9857718905982478,0.6979670177056212,5.9449102836210175,7.039638182656235,0
cpxRp2,25,3,1.985559283940249,0.7256612575250392,5.97573642631186,7.022816502981474,0
rcsDp,35,2,1.9852778285144086,1.050824085922771,5.8741452375426215,6.808166830959235,2
rcsBp2,30,2,1.9849032816865848,1.1070876940426602,5.76986149984055,6.705592993454728,2
mglBp,13,3,1.9847332133197049,1.3265496202525464,5.6990158673162075,6.373858805309769,2
cpxRp2,19,3,1.9843471959037913,0.8135642220115215,5.925189535440946,6.925322023418918,2
ldrDp,25,1,1.984091080711417,0.7731820348947879,5.842127323348262,6.942726179594535,1
rcsBp1,8,1,1.9839260156304568,1.2212472574960476,5.855384951681531,6.66742734576905,2
blrp,39,2,1.9839221958565056,1.2609643611872379,5.809732403516018,6.584746287009924,2
ghoSp,28,1,1.9834457917578678,0.7872407158911753,5.95041973765337,6.966193720256612,1
acrZp,38,1,1.9833779217237923,1.0730336631303583,5.854150117425803,6.747790577268571,2
crpp3,33,1,1.9831388743809049,1.282497004880248,5.768271224256443,6.543877538454743,2
acrAp,1,1,1.9828802020469838,1.0192429021175669,5.814564003099151,6.741595648834382,2
aceBp,30,1,1.9824855937776071,1.1681682723127367,5.749082493253823,6.6484527480618025,2
kbpp4,17,2,1.9824740872687294,1.4155174773616692,5.7282046193614145,6.494984196272567,2
recNp,31,1,1.9822961827117314,1.1388710227310357,5.825433135193752,6.6672206853433,2
crpp3,18,1,1.9822099373091024,1.2857196586483837,5.763901157173931,6.474073700759565,2
lacIp,18,1,1.9815957267220146,1.0997699353310462,5.851021653823866,6.722495404942512,2
yahL_predicted,41,2,1.9812791769824776,0.7406005963870649,5.995147536635459,7.001420022475093,0
TSS_18061_regulondb,13,3,1.9811851062553627,0.7268209654245452,6.015572817168951,7.035590760881103,0
yahL_predicted,32,2,1.9810814636307146,0.842820002731331,5.9123968863669045,6.918775804285778,2
ldrDp,13,3,1.9810209065204245,0.7272224777207544,5.846724977233803,6.998839191128997,0
rcsBp2,34,1,1.9807059642525073,1.195223508623501,5.853327175826045,6.585534227019368,2
tmaR_predicted,13,3,1.9806723523017282,0.9448428844491626,5.932600654514069,6.85533388182896,2
mglBp,14,2,1.9805252786560983,0.9547764665629576,6.0030502003936395,6.805073461078308,2
aceBp,22,3,1.9800695422784573,1.1344573483806872,5.832412704546411,6.674419017668072,2
kbpp4,37,1,1.9800402391503524,1.0276828586628994,5.837500511940625,6.778786877978803,2
yjbJ_predicted,8,2,1.9798766483208954,1.3876240345936055,5.786337719417472,6.454267812426701,2
mtnp,23,2,1.979571007442947,1.2506285114228766,5.72587951172429,6.498347735773322,2
yahL_predicted,29,1,1.9794216153719517,0.7107347480275137,6.018426983770058,7.020697056083355,0
ygfS_ygfT_predicted,11,2,1.9793468136731696,0.6977844120009217,6.008373867519227,7.016606312336026,0
dinQp,25,1,1.9787003005753268,0.9611321683320191,5.847237389874398,6.866509781907991,2
yadG_yadH_predicted,37,1,1.9785722449873249,0.6318133051540146,5.965623052592876,7.091669994812458,0
yacCp,33,1,1.9785112092256123,1.2228246450366511,5.81971098047764,6.6074543198725495,2
crpp2,34,2,1.9784070677325707,1.207118444403835,5.795774370530968,6.642422751635072,2
mtnp,12,2,1.9782223457206052,1.0869575487506118,5.83802958117446,6.699513516254511,2
araCp,7,1,1.978186685659936,0.93451971928741,6.0555161617493,6.87979362262133,2
rdlDp,28,1,1.978100047035258,1.134654744270486,5.829645975536156,6.6716689801518765,2
yacCp,14,2,1.977543813168439,1.258489796984265,5.795526211781585,6.601531145962317,2
crpp2,11,2,1.9772422439132975,1.2904979411664301,5.74627456654341,6.567577963063157,2
blrp,13,1,1.976807488030856,1.3419692319959868,5.704391208485998,6.456823804638814,2
sohAp,36,2,1.976583364506888,1.4789701887628102,5.79742617136818,6.45092419059876,2
cusCp,15,3,1.9760710313540528,0.6686139760771694,5.860633533966483,7.034899947384156,0
xdhAp1,6,2,1.9758915955833583,0.7232798398616844,5.705865681497748,6.9773723401915095,0
kbpp4,21,1,1.9756099966824527,1.228303381766821,5.721220165371267,6.6094011440287606,2
tolCp1,22,3,1.9755993564269514,0.9069634652663059,6.122220990013184,6.895995071872273,2
ftsKp2,5,2,1.975410748805744,0.9840452250507395,5.8842807713693865,6.820835630075375,2
xdhAp1,7,1,1.9746754813572074,0.7376214829456351,5.753931243144599,6.968624867250868,0
acrAp,3,2,1.9746558481124177,1.1017499379492095,5.786664373366852,6.678369186036792,2
tmaR_predicted,37,2,1.9741683910926164,0.9543931183763088,5.917074189068108,6.825578823438696,2
kbpp4,12,2,1.9739748261919836,0.9653121894520516,5.804303459011107,6.81447537276164,2
crpp2,19,2,1.9737093421554694,0.9520756131480006,5.977441987046923,6.848899521791867,2
tmaR_predicted,5,2,1.9736582515550656,0.9754634993002128,5.857331019232147,6.797706132354646,2
kbpp4,23,2,1.9736172561692154,1.0112694087830785,5.788900538397437,6.776422943890317,2
xdhAp2,14,2,1.9735993917356964,0.6751207206300105,5.731566159402944,7.017863716189482,0
furpa,24,2,1.9735835349461437,1.3076270066554363,5.8223881697796775,6.61920165222954,2
TSS_18061_regulondb,5,2,1.9733402354474618,0.7646862936014298,5.951631144914922,7.001943878929557,1
tmaR_predicted,32,2,1.9722320802568862,0.9407147466178464,5.852751136408344,6.832895470871161,2
ldrDp,17,2,1.9720981954902976,0.7812531021158222,5.980529778294303,7.002412414706925,1
rcsBp1,41,1,1.9719621200785011,0.7726266963487162,5.975222649853554,6.975411719337149,1
uofp,7,1,1.9716564312542464,0.850649788368443,5.866218134802722,6.898076574762229,2
elaBp,1,1,1.9714235856453133,0.9449136472866173,5.851572828638614,6.827023374895672,2
uacT_predicted,14,3,1.9708790710573107,0.7657582498593284,5.8360842221534845,6.959128077301849,1
dinQp,35,2,1.9708329845861086,1.2877914911346482,5.795371777219186,6.50315360511429,2
kbpp4,24,2,1.970751616539333,1.364500458411596,5.839431450565483,6.586183926517936,2
tolCp1,30,1,1.9706874465888748,0.8831097709285242,6.025451165326748,6.921073859985077,2
lacIp,34,2,1.9701282272197544,0.9109891524636736,5.981527464015468,6.882596624533505,2
araCp,32,2,1.9697554242904471,1.0002606093667392,5.913906505577587,6.807749168844513,2
znuCp,1,1,1.9696780526417361,1.0093694555610355,5.8084416911823356,6.783827451492984,2
blrp,2,2,1.9690044537262135,1.2291441284080862,5.794151546268944,6.591469451661081,2
kbpp4,37,2,1.9688878893830288,1.1015143529003308,5.755868223864393,6.705846119550337,2
blrp,15,3,1.9688803936135448,0.7579893996080377,5.953122790559065,6.9948661398534036,1
gyrAp,32,1,1.9688206260815841,1.0684633721775647,5.8455229548516865,6.743574410139445,2
elaBp,33,1,1.9686527619830003,0.792254854058993,6.126922683716841,6.995107659179559,1
yagB_insX_yagA_predicted,41,1,1.9686059169173282,1.0508243803125503,5.728904016736111,6.741732810197819,2
rcsBp2,6,1,1.968381802611838,1.21394112588163,5.8745348709015275,6.653066860351133,2
lppp2,31,2,1.9681017520014998,0.766558347324468,6.040925213925901,7.036013043669595,1
tolCp3,34,1,1.9670225876259095,0.9828213040054465,5.983647626015251,6.805002918986553,2
blrp,30,2,1.9666546064322956,1.2424111022115865,5.814317279668666,6.56239568808992,2
mprAp,21,2,1.9666043953367476,1.0924012302885262,5.598660470957454,6.6352506269631295,2
galSp,14,2,1.9660306767708096,0.6198302042433994,6.015043157947908,7.096178693818567,0
mprAp,10,2,1.9659652207697116,1.0437845181387615,5.581662901341161,6.675523612193685,2
yqjE_yqjK_yqjD_yqjC_predicted,33,1,1.9658450979407074,1.1884081409061156,5.779325549265781,6.674648070950894,2
ymfM_beeE_jayE_ymfL_ymfR_tfaP_ymfT_ymfN_ycfK_ymfQ_predicted,25,3,1.9655048432804878,0.6749783643191216,6.0607648889624475,7.04475525669579,0
ghoSp,40,2,1.9654597880995237,0.772684468516697,6.05082157024055,7.028863107257874,1
yacCp,37,1,1.9653823012625766,1.3350275913796195,5.770179448875309,6.502669453081764,2
ybaY_predicted,41,1,1.9653540497456505,0.9812626597855809,5.865647087890505,6.822035679358291,2
yahL_predicted,21,1,1.9653149548688977,0.8135390287367237,6.058194991767369,6.947732605835205,2
marRp,11,2,1.965081732748264,1.473525636623559,5.651237283512164,6.270099675737364,2
mhpRp2,30,2,1.964910735371903,0.7415957208586685,5.692903369520911,6.935980594375499,0
blrp,35,1,1.9648735385350755,1.2264569939980186,5.785766363680268,6.580656157250843,2
elaBp,6,1,1.9647173780889537,0.7162637334298138,6.01016656269694,7.066770727706794,0
araCp,15,3,1.9646495920831064,1.0434751631791503,5.879136039636931,6.768408828459576,2
mprAp,12,1,1.964448211642148,1.2136085797463094,5.708429433092993,6.526975724086957,2
araBp,12,2,1.964398874240275,0.8228512243907312,5.946706554218041,6.959589770914519,2
araCp,33,2,1.964363044691067,1.0833313819834651,5.862358819048767,6.713354878195968,2
tolCp1,21,2,1.9643569209666583,1.209536457510179,5.821794404707031,6.598140367545013,2
ompRp4,41,2,1.9641057357040745,1.241594631846205,5.870007911417999,6.6231145156371465,2
ftsKp2,18,2,1.9639786711632565,0.9320311124463523,6.023379461634537,6.8896626660644715,2
rcsBp1,39,2,1.9638209174266616,0.7716225110394456,5.868421595227456,6.963380710752462,1
ompRp4,16,2,1.9636993800350175,1.132957910426171,5.769546336844684,6.6450072245019225,2
crpp3,25,3,1.9636806685483603,0.9868341751671389,5.856019119496006,6.772678923229989,2
blrp,11,1,1.9632349909970233,1.2051993365419162,5.791106889916055,6.608036414717125,2
yagB_insX_yagA_predicted,40,3,1.9630777742460992,0.9905966297433657,5.898754417677635,6.820665276942396,2
ghoSp,40,1,1.962672959963164,0.824407480207947,5.9155267609976665,6.936516899775617,2
lppp2,37,1,1.9620213729132834,0.7862768639444807,6.033567825692029,6.995466555739366,1
ghoSp,2,1,1.9617872156146674,0.7487291163303688,6.067711561689663,7.029641176799004,0
tisBp,9,1,1.9615943911821265,1.4215463961929986,5.761367204732561,6.387962302048322,2
acrZp,25,3,1.961352863435356,1.1829826126020542,5.74827918562545,6.57825645241066,2
araCp,40,3,1.9612899356382878,1.018471718478834,5.898925788581325,6.807360817721227,2
tolCp1,33,2,1.9610640528519445,1.276927264881801,5.856537153287002,6.552939187740684,2
yacCp,21,1,1.9609163018273108,1.3839274567306137,5.761440409262389,6.489531108411791,2
tolCp3,1,2,1.9607346357461677,0.8299208692269503,5.997515984913755,6.9636999381856715,2
mtnp,34,2,1.9607208149470166,1.1156936862390483,5.852612372108787,6.658042560778769,2
crpp2,10,1,1.9606179101685284,1.2072223440656056,5.820491518600303,6.604097879609785,2
yadL_yadM_yadC_yadK_predicted,33,1,1.9606013680496124,0.7465880625454235,5.916076344765542,6.999303822971779,0
uofp,34,2,1.9605693684088419,1.2542927499010217,5.826539730930364,6.571967090064081,2
uofp,19,3,1.9600739864121495,1.2024929678575742,5.80451554623781,6.599304671440711,2
lppp2,5,2,1.9599253248677055,0.7240206785844163,6.098536280776182,7.057335991525475,0
kbpp4,35,2,1.9595771957825996,1.108802644414895,5.7634844819734345,6.690552791675896,2
mprAp,13,3,1.959313345561146,1.0079003421490274,5.582311892182582,6.698526520406245,2
znuCp,5,2,1.9590581318017588,0.9442930194850686,5.912389265091361,6.870261186000771,2
ecnBp,25,3,1.959015972345148,1.3195935573641495,5.766362035330166,6.566079786611392,2
lppp2,19,3,1.9589975467952123,0.7556451886591585,5.986292741427966,7.00603880606303,1
acrZp,15,3,1.9583091625490379,1.3047219755910313,5.889769151741939,6.6379061170840705,2
yjbJ_predicted,8,1,1.9579535685888299,1.4233225548032473,5.721881398769389,6.39314872090265,2
crpp2,4,3,1.9573670207863263,1.2157750834904189,5.799807315331614,6.631624001714155,2
tolCp3,12,2,1.9572851630857329,0.933610529384255,6.011798419118449,6.86173088993991,2
elaBp,5,1,1.95718927535767,0.9270546514525329,5.866024504207836,6.837628603652576,2
dinQp,29,1,1.957143409525146,1.4257359267645313,5.771510145995432,6.417634151316097,2
TSS_18061_regulondb,11,2,1.9570630883237767,0.8163290758432177,6.030443680825849,6.9571545236280805,2
rcsBp2,3,1,1.9569401207363288,1.2652888181943802,5.905173053762477,6.602900588781846,2
xylFp,10,1,1.9567979650247722,0.7190555882602848,6.115534689152905,7.045029904429814,0
aceBp,16,2,1.9566890971426767,1.0808150374333552,5.838687862435216,6.727784102243475,2
TSS_18061_regulondb,19,3,1.9565592616834147,0.8171552709821149,5.980111125191204,6.976427109070004,2
intE_xisE_ymfH_predicted,29,2,1.9565475779084482,0.7795400691859977,6.056470683762082,6.97827197823554,1
dinQp,23,1,1.9564976711533364,1.3431725054106207,5.818113078395208,6.477655402270562,2
galEp3,41,1,1.9562531910737186,0.6840329254002095,5.857928537966539,7.020816707546817,0
rcsDp,40,3,1.9560720381843848,1.1482311372083378,5.798402490409661,6.689499999035535,2
crpp2,10,2,1.9558729238157462,1.2306536785760394,5.7714756602311725,6.604545820513669,2
recNp,40,3,1.9555735063750281,0.9626990737804333,5.92935452535975,6.799828687053076,2
ompRp2,23,1,1.9553044300591798,1.092467957706059,5.833482229801474,6.692028595650253,2
furpa,30,2,1.9552156970328087,1.281103923490827,5.857491971781419,6.660341535144099,2
yadN_predicted,40,2,1.9551452310746356,0.7858708673933318,5.76022020769528,6.960326532730829,1
yahC_predicted,7,1,1.9548081805619235,0.8489373335723712,6.123556034132477,6.95409100049252,2
elaBp,6,2,1.9547795600514117,0.7114187553294092,5.889098635873364,7.003141650859482,0
tolCp3,12,1,1.9546086451092213,0.8139193332181047,6.092030544618662,6.978184193929884,2
rspAp,13,2,1.9541461627731198,0.8483811877953561,5.98951522722311,6.97007128078898,2
yadN_predicted,35,1,1.9538692975746976,0.6874000636702404,5.7303006995699315,7.011602133952503,0
dinQp,34,2,1.9538653561511525,1.1723788800386374,5.889815015920808,6.599564257801404,2
mtnp,31,1,1.9538544160601834,0.9824797819789951,5.84644570217673,6.802717098920262,2
yadN_predicted,4,2,1.9537639337339225,0.6318377905849847,5.73808116240682,7.051418442329638,0
blrp,21,1,1.9537168262536404,1.1000733776068274,5.818211925988949,6.708223618485449,2
lppp2,13,2,1.9536058652877746,0.7577555259399597,5.992328382953389,6.983779145440609,1
yadE_predicted,25,3,1.9533684764742671,1.3660100403719035,5.841230023347491,6.499605683114839,2
ygfKp,38,3,1.9530536532629112,0.7902052426107852,5.943377994717181,6.975617102190733,2
ygfS_ygfT_predicted,8,1,1.9530487517997024,0.8829581707653253,5.715750397845271,6.831466865031737,2
rdlDp,6,1,1.95303242288,1.0398585634559023,5.842170097585271,6.784146076835672,2
kbpp4,38,3,1.9530095753725818,0.900455419782906,5.943035130779796,6.881455445188378,2
sohAp,40,3,1.9527046311086327,1.437354866759914,5.845167584658139,6.519432448322365,2
araCp,11,2,1.952553269774652,1.0640193026434352,5.872505841121,6.753631672916819,2
rcsDp,38,3,1.9523204468459323,0.9233566959785103,5.8327498443121435,6.882642204402834,2
tabA_predicted,41,1,1.9521011266027317,0.6957277411762096,5.991962900423532,7.059875734056357,0
ecnBp,4,3,1.9520287361582833,1.0033267116788747,5.838630282952725,6.808284839072945,2
tmaR_predicted,4,3,1.9518306936220222,0.9516126755967801,5.878011275048426,6.838179768174021,2
yadN_predicted,25,3,1.9517698207732554,0.663185705240264,5.740176053644442,7.031923775557253,0
gyrAp,35,1,1.9517599832773656,1.1132123932066615,5.899760021979208,6.777293349960566,2
crpp3,40,1,1.9514506053985825,1.307859652253818,5.841165723927577,6.498615990760211,2
mhpRp1,36,1,1.950975751213448,0.7703469114042594,5.9794048726986215,6.991168959727432,1
rcsBp1,2,1,1.9509267156129921,0.7581868550127736,5.929081857023828,6.9788335943769715,1
yacCp,35,2,1.9508333669097995,1.303115366474594,5.780748719046764,6.481452378157203,2
kbpp4,2,1,1.9505937469291479,1.0068730577156264,5.878196821693042,6.769188522579595,2
rcsBp1,12,2,1.9505273649405726,0.7603675092529519,5.8936443081725685,7.002224401553088,1
marRp,8,1,1.9502630582893994,1.3645818904100002,5.748527941790816,6.42212316069731,2
ghoSp,32,1,1.9497613586217584,0.7352870487399663,6.022597879474873,7.041108287969637,0
araBp,4,2,1.9495352764251515,0.67409377996861,6.005461453586332,7.071081909810536,0
mglBp,25,2,1.9495081587729388,0.7199259505503495,5.924367277483947,6.994243400412447,0
crpp2,12,1,1.9494494423660484,1.2877692036120043,5.824614343076621,6.567053543422173,2
xylFp,23,2,1.9491036170997629,0.7414245454090582,6.1028603065279405,7.011051344828252,0
mprAp,15,2,1.9490719056311898,1.0492581874310523,5.645582984776155,6.693632209011205,2
mprAp,17,1,1.9488509076730671,1.091222475964142,5.805884088647817,6.712485884458717,2
mglBp,12,2,1.9487102736693427,0.9819957412305489,5.930237844831202,6.76880325927333,2
tisBp,24,1,1.948677213281547,1.0990951106415319,5.828866818704889,6.701150224548991,2
intE_xisE_ymfH_predicted,41,2,1.9486058182228971,0.7618513868294567,5.874633670319293,6.973494299806095,1
acrZp,31,1,1.9483829811572544,0.9312666827873096,5.889993425268626,6.823091897854713,2
gatYp,19,3,1.9481596540369395,1.3370035270992593,5.779506664691331,6.447455294708528,2
lacIp,13,3,1.9481546447529519,0.9506944171954588,5.936729151834866,6.842291022928075,2
lppp2,13,1,1.9480964910625043,0.7402372338867909,5.968757802049545,6.999982865551401,0
tmaR_predicted,14,3,1.947889973609954,1.0336859857960456,5.906234556598081,6.7561283306569475,2
yncEp,23,2,1.947804622655907,0.8392376295180405,6.042944150002594,6.957596637028089,2
pheMp,31,2,1.94772279885273,1.210992166653049,5.862768344330513,6.636389850647625,2
xdhAp1,3,2,1.9476868171286736,0.7634960748278334,5.704186667507765,6.97177814061718,1
rdlDp,19,3,1.9475816310224243,1.0638379139579297,5.9041697400639634,6.783399172507158,2
tmaR_predicted,2,1,1.9475602157906917,0.9390125729483654,5.895105894334512,6.852089811560166,2
lppp2,32,2,1.9472332046289764,0.7946992271415649,6.033529527270828,6.985867675643476,2
dinQp,33,1,1.9469468735583615,1.2236155690732957,5.922000027063577,6.631260900255057,2
ybaY_predicted,31,1,1.9466353436450219,1.184336704308929,5.834069134719039,6.679655104673865,2
mprAp,32,1,1.9463527961222866,0.9808136746066594,5.604302432805906,6.76420119851444,2
yadN_predicted,29,1,1.9461488182163469,0.8588642345725143,5.902463610490443,6.92898372504124,2
yadE_predicted,39,2,1.945017628186506,1.2177785658299134,5.841789460658333,6.648987879746018,2
xdhAp1,31,3,1.9449829535001186,0.7534678728243607,5.720181074477647,6.938924952826897,1
sohAp,33,1,1.9448076138654724,1.343673148330854,5.8862991571390175,6.5928869951850615,2
rcsBp1,10,1,1.9444956637876718,0.7971866727567443,5.949411078803947,6.961038482365478,2
kbpp4,18,1,1.944248073804598,0.9867087486627474,5.798934528845171,6.783421848374111,2
gyrAp,13,3,1.9439472048784483,1.1918928510302105,5.861816773045714,6.639676311638522,2
zapB_predicted,9,2,1.9436600178555883,0.9225595460093247,5.770784144918849,6.780005805397861,2
yagB_insX_yagA_predicted,15,2,1.9436174573020248,0.9726089408317298,5.848619647305391,6.818564158159544,2
yahL_predicted,40,1,1.943549397848511,0.7482730915990968,5.965686483682852,6.988107768543541,0
acrAp,41,1,1.9432151415591963,1.0843189205333,5.874858399969578,6.707113312660585,2
tolCp3,1,1,1.943212089140681,0.8080211273569313,6.113230076172975,6.967074831805737,2
mtnp,4,3,1.9429246769554742,1.1581300883528989,5.828511257683514,6.669037980037044,2
ihfAp4,24,1,1.9426888537746572,1.047012337715887,5.925504865775589,6.793143548321714,2
crpp2,40,1,1.942671467458683,1.268492204950645,5.7721001754218175,6.567374834469302,2
mprAp,5,2,1.9425011247152382,1.049562914104102,5.65850081630642,6.695592995119444,2
araCp,40,1,1.9424793915562562,1.0337585005121328,5.896061680140688,6.77717802202982,2
xdhAp1,4,3,1.9424456323144172,0.7899244648601477,5.743002674936084,6.917961316325935,2
elaBp,35,1,1.9417525705109375,0.9603101430193657,5.868174778111681,6.833569635718282,2
tisBp,4,1,1.9417269502029153,1.0677163291726273,5.862926857425602,6.722337531167694,2
icdC_predicted,19,1,1.9417080274758443,0.636410442468541,6.04806367326805,7.077836520676135,0
sohAp,12,2,1.941642060887306,1.3819489618207041,5.85169198608487,6.577600979922034,2
tmaR_predicted,29,2,1.9413593068387804,0.9277598863689209,5.781852970880481,6.843049135779353,2
rcsBp2,33,1,1.9413162585832313,1.1559603266816356,5.893179181588997,6.692932294250251,2
ompRp3,15,3,1.9410630268239046,1.2557932550000115,5.796289195566976,6.631402926387034,2
znuCp,14,1,1.9410370228167853,1.1286508202901493,5.826614324521134,6.713391348897826,2
blrp,1,1,1.941009889722154,1.0447245353488217,5.788102978092969,6.718407633557474,2
znuCp,29,1,1.9409712410043185,1.123073285938089,5.83620854809088,6.715240277629544,2
yahL_predicted,23,1,1.9406519533450948,0.6490231374971335,5.915400561796421,7.044469484856407,0
cpxRp2,6,1,1.9398896988979464,0.799668633316584,5.945156191224647,6.936389530336074,2
mprAp,34,2,1.93988645202997,1.1240745730037114,5.6942465357643215,6.613109457840584,2
znuCp,21,2,1.9390319269002645,0.9711734993102316,5.911406356678386,6.848897723466927,2
dinQp,37,1,1.9383335345076431,1.2760507175190312,5.81815213948415,6.509070289257666,2
dinQp,18,1,1.9382305609253365,1.1970049537466236,5.883235859901957,6.590164694593989,2
yacH_predicted,33,2,1.9382081859504294,0.7301297167494576,6.00245494648878,7.000956893824212,0
kbpp4,34,2,1.9380635745581634,1.0935322392468598,5.8128584022295,6.723060990393316,2
tolCp2,39,1,1.9380527877431921,0.9411323873724927,6.015732453864638,6.860297962547676,2
intE_xisE_ymfH_predicted,23,1,1.9379294854580504,0.7470254236716323,5.9965894205960515,7.008560767392465,0
tnaCp,13,3,1.9378423164127114,1.011755988186643,5.809710189320333,6.742023456879387,2
furpa,28,2,1.9376809023461163,1.2385374266236655,5.968785727425096,6.658555521311074,2
ygfKp,23,2,1.9375809581326109,0.6739510606782944,6.025181333540373,7.049709611078201,0
kbpp4,3,2,1.9375598776813727,1.0085770312253168,5.813737229422648,6.782019205838847,2
ssnAp,41,2,1.9373371720709867,0.726878081597948,6.0773664983939675,7.021909176450881,0
ssnAp,2,1,1.9372828689474966,0.6874832842225046,5.952936099866086,7.023865993273608,0
ghoSp,21,2,1.9367967294627522,0.7061793410503854,6.163187088231222,7.0555326875882525,0
furpa,19,2,1.936796414322453,1.3182228569466143,5.934998947015607,6.611004908862544,2
ftsKp1,17,1,1.9367896961894042,1.1484522573850973,5.957210449498248,6.707987611546262,2
tmaR_predicted,6,2,1.9363370527114836,0.8973458915763837,5.872322585500202,6.869701088409148,2
mtnp,21,2,1.9361328555971697,1.1391232447849358,5.800299196389509,6.635540025743866,2
lpp,40,2,1.9357864313437272,1.15985409246299,5.879040336799113,6.686324057161988,2
ssnAp,41,1,1.9355743252459252,0.7922058357913669,5.9795617356276285,6.965155779388311,2
znuCp,3,2,1.9355307424809909,0.9621656032039568,5.900244245815484,6.820966079109914,2
acrAp,5,2,1.9354350438561563,1.141092454728372,5.9188312312194045,6.693189032368565,2
tmaR_predicted,13,1,1.9348525516658162,0.9303973528144277,5.951688310393891,6.881812214876035,2
tolCp2,2,2,1.9345230429985905,1.0979010384792538,5.861479010665165,6.692200288086669,2
yadE_predicted,41,1,1.9344978723076371,1.183866760354274,5.821478606149119,6.650885277841003,2
araCp,8,2,1.9343242994530658,0.9588923648742976,6.041589813959293,6.861317585778455,2
xylAp,38,1,1.9343187455480444,0.6665754310325933,5.933314548316353,7.064743658321946,0
yagB_insX_yagA_predicted,28,2,1.9338612003114035,0.6656437352748806,5.969813968971042,7.033082474993358,0
mhpRp2,8,1,1.9338545451737266,1.0307548479465414,5.9619327142782215,6.805128869627028,2
crpp2,17,2,1.9337252907462834,1.136737689901622,5.9338437922580365,6.708959702407833,2
tmaR_predicted,40,3,1.9336120532405716,0.9580067904917343,5.8814181743038745,6.806738242419586,2
zapB_predicted,29,1,1.9336118905955613,1.073196587185017,5.772735276953831,6.650218853161189,2
ygfS_ygfT_predicted,41,2,1.9335791752344367,0.7298999862821934,6.022853006771345,7.021091642611912,0
ecnBp,7,1,1.9334128120959562,1.2972230983922473,5.9085314286206305,6.602060928084386,2
crpp2,14,2,1.9333666874710318,1.242281405064164,5.75480051360292,6.592763209779704,2
rdlDp,14,1,1.933064835774376,1.1809421338721802,5.847119404626822,6.67344716397666,2
tolCp1,16,2,1.9330376861042344,0.9005087929804394,5.873109883809591,6.889026332362785,2
mhpRp1,37,2,1.9329089108743571,0.7872492314804101,5.977128936792893,6.994964895159439,2
sohAp,28,2,1.9326850464760246,1.2918591739158152,5.8244242023225565,6.6067391793097325,2
galEp1,22,1,1.9320005964322768,0.7389377471715413,5.970719516987968,7.048200063049498,0
recNp,4,2,1.9317865907556604,0.8945588970858509,5.908087855013148,6.854391850720454,2
xylAp,20,1,1.931441391263458,0.7610651554769933,6.075569432896781,6.9959111904024285,1
mhpRp1,10,1,1.9310921979751619,0.5656740057008423,5.862650625792088,7.1173653736899105,0
yagB_insX_yagA_predicted,13,3,1.9310381259953922,0.8106575510985139,5.9847018576784325,6.928019447610352,2
gatZp,8,2,1.9309913888438954,0.9001505421170152,6.01482979520669,6.935108036155713,2
araCp,35,1,1.9307916350284087,0.9856447759722853,5.85574383583264,6.826252486609608,2
acrZp,7,1,1.9306940677771554,1.2170756262428581,5.858986381888455,6.702557304173444,2
yadN_predicted,13,2,1.9303667397094788,0.8830138903881093,5.9070906818926545,6.932278257349542,2
marRp,19,3,1.9302369786020563,1.3772012061560266,5.714379164558937,6.403882911372076,2
ybiY_ybiW_predicted,29,2,1.9302065081523263,0.8434435607313967,5.901721885597945,6.904918974273452,2
ybaY_predicted,19,3,1.9300209893878721,0.7847851036716638,5.886849965967729,6.949480973589932,2
tolCp4,39,1,1.9299872009046937,0.813519321550783,6.100616550487224,6.962028580614984,2
mhpRp2,4,2,1.9298667774480058,0.7414479980794031,5.7071473983425225,6.941986468874582,0
znuCp,11,1,1.9298310668403815,1.016327409628871,5.932181247986433,6.807323690333812,2
ompRp4,28,1,1.9296805836123496,1.0141005856226315,5.859706494818443,6.771556628393,2
yacH_predicted,34,1,1.9296363154635807,0.9432479330781735,5.988092297225094,6.915593419155087,2
tmaR_predicted,12,1,1.9293935306950418,0.936211992355126,5.906936249208625,6.8154878432232096,2
yadE_predicted,33,2,1.9291347636385414,1.1973314008387304,5.8190358414242045,6.621268144269785,2
tolCp3,32,1,1.9291148516209555,0.8656567772776027,5.971148506353502,6.929824044719485,2
lacIp,41,1,1.9290720899861526,1.017434026060035,5.941239415265088,6.769214693462623,2
mtnp,37,1,1.929027919262203,1.0766495420736533,5.876629523977146,6.715792856907512,2
ygiW_predicted,36,2,1.9289933132145813,1.1165830579224052,5.892256814829652,6.745915164582812,2
tolCp1,35,1,1.9289137831131768,0.9838669809525672,5.950251131833792,6.821724705016901,2
znuCp,12,1,1.9288416585836743,0.9441682905549109,5.853064318974948,6.860754132104264,2
mprAp,4,3,1.9287775935086342,1.0905092649471049,5.654696461671593,6.654247440183838,2
xdhAp1,38,3,1.9281511299695027,0.7102702780441159,5.843802401652756,6.984810212735547,0
mprAp,18,2,1.9280857879539588,0.9813484136998767,5.615327934324755,6.734485985312275,2
ybeDp,16,1,1.9280027062024327,1.2996392655458293,5.8933149870882495,6.555108940426386,2
elaBp,39,2,1.9277965423403323,0.8438566097262042,5.85266926146587,6.859303055309607,2
ompRp4,8,1,1.9277402322051418,1.360513725153228,5.837658196963281,6.522879996203296,2
dinQp,40,1,1.9276849116874741,1.294521662286127,5.832646117647402,6.520307313582292,2
acrAp,12,1,1.927368506201994,1.0105327315965493,5.835332615907797,6.771357236821302,2
mtnp,14,3,1.92674535510338,0.8017341879083655,5.986803633207183,6.95404727728649,2
ompFp,20,2,1.926317906910046,0.955873689504331,5.983347185235978,6.869647844042098,2
acrAp,10,2,1.925987243801219,1.183913359534356,5.9042807013539145,6.648010865289757,2
tmaR_predicted,10,2,1.9257875470734078,0.927595933789941,5.894770681550929,6.846434650151618,2
mtnp,18,1,1.9257660657477667,1.0751926145194388,5.7771876974688015,6.693490483686892,2
elaBp,32,1,1.9255968184864471,0.8736944931613971,5.979464720626051,6.903522968985522,2
ssnAp,40,3,1.9253269839597513,0.781895736874183,5.97897424064206,6.948822549681757,2
mtnp,3,2,1.9251688999029575,1.1823296063507052,5.818202181351682,6.6301069327961635,2
yadE_predicted,16,1,1.9250567093229376,1.213698622539376,5.800342532573546,6.648530940270666,2
yahL_predicted,1,1,1.9247727918822366,0.8449730722842651,6.034837579195237,6.951113681096114,2
lppp2,35,2,1.92434328326927,0.797094730450068,6.029358635497237,6.990427212207743,2
uofp,10,1,1.9241549672315152,1.1505656415904353,5.923231090167688,6.686404538969524,2
rdlDp,38,3,1.924114814169366,1.054905320988044,5.857259490768893,6.775113695632626,2
acrAp,40,2,1.923994805729955,1.1321301415605944,5.870180725420993,6.689701779729159,2
lpp,7,2,1.9237631132504696,1.2403670412501873,5.917074151999094,6.648128664026878,2
lpp,16,1,1.9236357595900153,1.0364986756548058,5.917224525791013,6.816361727642613,2
ymfM_beeE_jayE_ymfL_ymfR_tfaP_ymfT_ymfN_ycfK_ymfQ_predicted,35,2,1.92327253875287,0.6281435355710446,5.962363131305754,7.0751585624081565,0
pheMp,22,3,1.9232708183388008,1.1527715405409746,5.765538768366281,6.671883662095883,2
mprAp,13,2,1.9229100407342141,1.010359123926298,5.595936641841781,6.692015381326194,2
tnaCp,13,1,1.922693322303563,0.9639041861121942,5.765120354206951,6.790456121837795,2
znuCp,30,2,1.9226803577845886,1.1461996464726434,5.890719304440198,6.751377317837958,2
ygeX_predicted,13,3,1.9221819515895688,0.7650478955844064,5.923745385825641,6.926696511081245,1
ybaY_predicted,11,1,1.9214307999277316,1.07189757070133,5.929033082896192,6.765988062588794,2
TSS_18061_regulondb,34,1,1.9212950565884481,0.7770206698449752,6.000125389101717,6.996363464150076,2
yadL_yadM_yadC_yadK_predicted,40,1,1.9212122862418628,0.8121666517594359,5.9571614594210835,6.9282907231343085,2
TSS_1414_storz_regulondb,9,2,1.921183128724433,0.8580906846235725,6.023265407962542,6.926763039478313,2
yncEp,8,1,1.9211753596323555,0.7574242051624233,6.011746408225093,6.978629047685519,1
mhpRp1,40,2,1.921075751341346,0.6554896576446954,6.027633302716651,7.062033581013337,0
mhpRp1,10,2,1.9210340502064729,0.7812193391725303,6.0485674768341156,6.986808362412089,2
ompRp2,36,2,1.9206349109777263,0.9304933533030955,5.886275103778868,6.8634916204305165,2
yagB_insX_yagA_predicted,18,2,1.9205126748888568,1.0134157757945341,6.01463314724363,6.832516651364563,2
yadE_predicted,11,2,1.919899237943558,1.2115876630742923,5.901773824527991,6.67216755971592,2
elaBp,7,1,1.9197483592060147,1.318736719548967,5.819315521833724,6.492096950587501,2
xdhAp2,7,1,1.919494839384958,0.7884083284604141,6.065019075961223,7.005022556939506,2
yadN_predicted,3,1,1.9192916360348493,0.8142828813107247,5.821955058898934,6.936725882750294,2
ybaY_predicted,12,1,1.9192336692800973,0.8980070541284721,5.861696921617271,6.863611058961851,2
acrAp,18,2,1.9188757911526668,1.0732736023701126,5.877419895212254,6.733216322362512,2
recNp,9,1,1.918658600999228,0.9076234410063797,5.920005343420669,6.846062805424034,2
yacCp,32,1,1.9185813108155199,1.1586747585387398,5.8373368191649835,6.646753621264318,2
xdhAp1,32,1,1.9184175843601108,0.7006302941994936,5.759968334912672,6.977787835364029,0
ybaY_predicted,39,1,1.9183506353246345,0.8080291013586218,5.871481043924897,6.9377856113397485,2
dinQp,4,3,1.918202956299004,1.26197494696732,5.877549106215822,6.562430435978973,2
yadN_predicted,35,2,1.9178259664681063,0.7616090276517642,5.8203249525428475,6.982278231084324,1
yagB_insX_yagA_predicted,10,2,1.9176530564751422,0.8929254034042708,5.877993209717904,6.866977906721924,2
lppp2,10,2,1.917644274919661,0.760229905167003,6.108695357158265,7.018639723854086,1
ompRp4,32,2,1.9172692888651204,0.979110139896168,5.942292783784882,6.826233144823825,2
mcbAp5,4,2,1.9172378441438669,0.8851391634797691,6.010110715645689,6.886130734290372,2
yahC_predicted,19,3,1.9171917523223176,0.8204285725484124,5.990698627308144,6.961387591931089,2
yacCp,38,3,1.9171807585722453,1.1974356589066137,5.795401983298986,6.615651430911084,2
ompRp4,14,2,1.9168080352574997,1.0563265802498962,5.8413088475804855,6.735097055868481,2
crpp3,3,2,1.9167773835744801,1.0311702516578811,5.894255006269011,6.751898012448175,2
rdlDp,12,2,1.9167760155978946,1.169516320678574,5.88135810357805,6.675650431367568,2
rcsBp2,25,1,1.9167569128907518,1.1273476283412884,5.917468177320876,6.6807075793318464,2
pheMp,30,1,1.916584799399712,1.2613286279284983,5.803225823709709,6.570322887595427,2
yacCp,31,1,1.9165791121571178,1.1691271821167735,5.856418951086205,6.659759635784194,2
xdhAp1,33,2,1.9165719353865547,0.6432371479958123,5.701967762991692,7.037803106752136,0
kbpp4,10,1,1.9165140529366356,1.0663296796740305,5.763201081284819,6.724951391624275,2
yahL_predicted,10,2,1.9161841607997403,0.8086328086413035,5.930267119136461,6.943919928889811,2
lacIp,19,3,1.916145010771548,0.9557947877495527,5.970335700855312,6.852513944663193,2
crpp2,33,1,1.9161387048895027,1.1966052390487916,5.762360104611396,6.646090538642703,2
lacIp,14,2,1.916109197393646,1.0720752184126308,5.917124847789159,6.747580007976313,2
furpb,22,2,1.9160804942998022,1.097328017467498,5.901334175374297,6.745727155309642,2
crpp3,14,2,1.9160577525559923,1.2493977918459591,5.792809261571501,6.506451004035459,2
yncEp,7,2,1.9157872335480666,0.7628915482363801,5.940218700943509,6.97595721971023,2
tmaR_predicted,21,2,1.915511941540358,0.9402130461021152,5.915535244226143,6.817024618775425,2
mprAp,3,2,1.9153044772172287,1.0209777979770964,5.670770956334772,6.708250723901211,2
znuCp,39,2,1.914825039160216,0.9993916225011765,5.912897917517201,6.817883385391651,2
crpp3,25,1,1.9144237510646755,0.8338113661226024,6.019834047824044,6.919551713388816,2
ybaY_predicted,1,2,1.9143963967425008,0.8737123196544221,6.005484305021358,6.901068854491159,2
xdhAp1,25,1,1.914336369213487,0.6833976965353157,5.813918196655486,6.999635307746078,0
yacH_predicted,15,2,1.9142471699750288,0.6845277873275345,5.959024155959299,7.01127780466868,0
ftsKp1,4,1,1.9142093873426018,0.906384459627998,6.025362095905722,6.912367721365108,2
tisBp,5,1,1.9136697237293958,1.0850436648585733,5.908546402305794,6.703663575452223,2
dinQp,25,3,1.9136014165666233,1.029369359127894,5.7585487440901995,6.752966748988232,2
sohAp,16,1,1.9133609975018495,1.2274092748542247,5.893320940980413,6.67702725094011,2
crpp3,28,1,1.9131760938834566,1.2664539971134565,5.834706889588315,6.5388158632712265,2
recNp,37,1,1.912417021463741,1.0370380448063374,5.945262468322367,6.7271354029792745,2
znuCp,25,3,1.912238541202721,1.1067505998390814,5.874099394835287,6.774337478530089,2
rdlDp,23,1,1.9117902098362356,1.1431139804336208,5.854490341999824,6.684411323768638,2
xdhAp1,3,1,1.9117482553449399,0.6796575507527872,5.775038673258477,7.002244122521192,0
recNp,18,2,1.911522142159329,1.0355965623229468,5.922921323574638,6.732086701405926,2
yadI_predicted,23,2,1.9113632901664848,0.748769737016036,6.038441805243162,7.009191035282727,0
tmaR_predicted,14,2,1.910902595243079,0.9417444502208989,5.976392665257617,6.835426722835301,2
ygiW_predicted,8,1,1.9108379297413318,1.233210572157177,5.918973012813055,6.701860521022792,2
ftsKp2,40,3,1.9104600093141324,0.951837036721134,6.055220534997486,6.865305963004454,2
ygfM_xdhD_predicted,41,1,1.9100560985925767,0.7011659469625443,5.792593090440347,7.007469200771235,0
tmaR_predicted,3,1,1.9098003455780685,0.8926708761774487,5.939620354838436,6.881324484978638,2
rdlDp,2,1,1.909532633432301,1.0416303350153344,6.024131045148317,6.821698635266963,2
pheMp,38,1,1.9093184920146837,1.165489275116648,5.876481575113419,6.7095883374397545,2
araCp,10,2,1.9092190791709718,0.9957790314838403,5.897431676564105,6.811308056178001,2
araCp,1,1,1.9091156342890183,0.9474232436936685,5.910901614656213,6.8361240210490655,2
yacH_predicted,36,2,1.9087922273435827,0.7667634336882301,6.041360238387691,6.995079265120297,2
rdlDp,30,2,1.9086562974947134,0.9763782069392342,5.829523281284084,6.798716185782968,2
crpp2,41,2,1.9081975359578907,1.2565419035433336,5.771331195771182,6.593108664929411,2
tolCp4,13,1,1.908136522068795,0.8967815560936286,5.983255748891791,6.889856277485573,2
xylAp,22,3,1.9080399849506582,0.7207973879714472,6.049030407029968,7.042479832740595,0
crpp2,33,2,1.9079471368778318,1.1385406002255187,5.814366471517861,6.70556289473509,2
rdlDp,23,2,1.9079095275066063,1.1188833859412994,5.8449520824195496,6.694244586083688,2
ssnAp,40,1,1.907802788202415,0.7604457806991352,6.0387491344350135,6.9847612459285475,2
mhpRp1,35,2,1.9074453062526242,0.7145721414072744,5.990689001764642,7.0224897733623095,0
crpp2,13,3,1.90733413872688,1.1894003125938337,5.861495182871991,6.66521427820071,2
recNp,37,2,1.9066903972390583,0.9887991805342997,5.94728008201816,6.782504481365813,2
rcsDp,29,2,1.9064229806044721,1.1703793488935734,5.8974981589977595,6.755107700291341,2
icdC_predicted,12,1,1.9062784766609089,0.6828343058383087,5.9723210961635,7.04510076310719,0
kbpp4,25,1,1.9062625559864348,1.3131226919666095,5.82171060254044,6.600517174782874,2
yacH_predicted,31,1,1.9061437553602536,0.9226231874333649,6.076376763552716,6.912492939618788,2
yagB_insX_yagA_predicted,36,1,1.9060299151309053,1.0137806761175019,5.882686584023634,6.746478383056084,2
araCp,8,1,1.9058721816541362,0.9266035619987216,6.065114721080698,6.887783639938324,2
ompRp2,22,3,1.9057387369377616,0.7124380983427121,5.948963729883202,6.981883614808082,0
ghoSp,19,3,1.90572033848442,0.7407787733535065,6.096860424732188,7.013962424313503,0
mprAp,41,1,1.90564294313537,1.0510163928853857,5.619279089169344,6.6840250061905335,2
rcsDp,33,1,1.9055981608975956,0.9099641910981495,5.884693850298446,6.860833716958627,2
crpp2,40,3,1.9051177212221928,1.2289847375339067,5.756041493819687,6.6036473744580135,2
marRp,25,3,1.9051114273113732,1.201961894412794,5.814167085956049,6.602307546548477,2
ompRp3,23,2,1.9047863066367872,0.9273812804411989,5.937233579500809,6.848741728569495,2
xdhAp1,12,1,1.9047725193253986,0.6913690585674116,5.727683071462288,6.9838421868992215,0
ygfS_ygfT_predicted,7,2,1.904545332508454,0.8164611899033163,5.8415062302077425,6.899865111250528,2
mhpRp2,13,3,1.9044830525042273,0.7365854891644691,5.742960393470037,6.922046849825067,0
sohAp,16,2,1.9044588566296021,1.2651737598279165,5.920346212097729,6.687277408179234,2
marRp,8,2,1.904203446869924,1.2551088893838924,5.847554887196905,6.561731190137287,2
crpp2,31,1,1.903976873429864,1.2780889805405995,5.849252646285141,6.612407801730055,2
ghoSp,11,1,1.9037168816017669,0.7193785914479081,6.079328571643585,7.044996194996742,0
mprAp,41,2,1.903656426925141,1.076926213892234,5.640146912404806,6.6604703546878525,2
yacCp,15,2,1.903168532080032,1.2124872245616969,5.846520969743913,6.61113414231715,2
sohAp,23,2,1.9030763341724684,1.1171958998197071,5.909184139999649,6.724164200156945,2
yqjE_yqjK_yqjD_yqjC_predicted,31,2,1.9027082629119412,1.0450302866167587,5.931003550405897,6.832222672192831,2
marRp,38,1,1.9022084471016194,1.2918136735040946,5.857271435492832,6.514017941236532,2
rcsDp,32,1,1.902166051396342,1.0246762788036925,5.973496048176029,6.842501000547748,2
dinQp,41,2,1.9021623989376217,1.1742938791390924,5.936524214595918,6.613352071850899,2
rspAp,9,2,1.9019458743294932,0.92284500333456,6.0126222435376055,6.857507025037177,2
mtnp,33,1,1.901615094822933,1.0487611393516614,5.882906540002083,6.741846919680841,2
crpp3,18,2,1.901495269602843,1.1152403171645635,5.881465503144836,6.665635167194933,2
kbpp4,3,1,1.9008782152950674,0.9266695254195635,5.951421463023378,6.8657022890051325,2
ybaY_predicted,40,3,1.9005646215346637,0.9408691167414996,5.889280593482969,6.822627526651438,2
xdhAp1,24,2,1.9003498672634893,0.6293095059815841,5.77285169445952,7.053901880821731,0
ybaY_predicted,16,1,1.9003273423643672,1.1996660058212227,5.8075686416342815,6.63990541088872,2
ecnBp,17,2,1.9001541995563433,1.2163118689661425,5.959016906600519,6.644291875448279,2
tmaR_predicted,24,1,1.9000138579241215,0.8749247222173839,5.9553887239094125,6.924385993839505,2
rcsBp2,28,2,1.8999257619726857,1.111194985798962,5.849925795473354,6.708227169149702,2
crpp2,39,2,1.8998832767715692,1.1626037247363874,5.845653713518629,6.674219834769822,2
kbpp4,5,1,1.8998478142884399,1.076449361647002,5.882506802335213,6.758010877792472,2
ybaY_predicted,18,2,1.8995537306875334,0.9613871437593974,5.898846155166443,6.822435018886264,2
ecnBp,21,1,1.8994874036870188,1.1034665027597919,5.9000387889148636,6.718082115904391,2
marRp,28,1,1.8991356318519457,1.270980518385902,5.805412759078778,6.504046982651232,2
dgoRp,23,1,1.8991181748172077,0.8575845247048623,6.00266208194984,6.943414767229755,2
crpp3,34,2,1.8987430614686767,1.288756011004184,5.827824240339348,6.485087975366121,2
mprAp,35,2,1.8986767465736163,1.0248749622857305,5.624186324518783,6.706491255559507,2
tmaR_predicted,11,1,1.897963678502614,0.9045938261626314,5.992689631492096,6.869083355249705,2
mtnp,10,2,1.8977193412148385,1.0234269380354086,5.900268519266827,6.7752265038715835,2
ymfM_beeE_jayE_ymfL_ymfR_tfaP_ymfT_ymfN_ycfK_ymfQ_predicted,23,1,1.8976238629005602,0.7168038779350072,5.955156633717028,6.982661538345892,0
yadI_predicted,29,2,1.8974606626468449,0.7295337700737398,6.024888995261754,7.0267236900473335,0
yacCp,13,1,1.8972525929261683,1.0341323571004282,5.939518875888688,6.780480986195883,2
yahC_predicted,15,2,1.8972305846364155,0.7633067786421709,6.025920713220616,7.02349449180439,2
mhpRp2,34,2,1.8971507968570058,0.723593209128785,5.7640641819621115,6.961839068329386,0
lacIp,35,2,1.8966704892072443,0.9023826162333045,5.985862247031902,6.872903321434293,2
araCp,31,2,1.8966099818791144,0.9587835620936197,5.834802553280565,6.8032891487635085,2
lpp,9,2,1.8965142860017654,1.1309353653514502,5.840177908547659,6.669426728906057,2
dinQp,7,2,1.8961694235207645,1.1456384117561833,5.959061261549451,6.677010997370837,2
gatYp,22,3,1.8961132890690282,1.3737027107762705,5.874450363748501,6.432023495328858,2
ssnAp,18,2,1.8958771659473208,0.7701022925885181,5.942061585372152,6.982223802216501,2
mprAp,11,1,1.8958713035269152,1.0413829972889517,5.649409093332055,6.683232896159999,2
araCp,2,1,1.8953225407629488,1.0287179740206482,5.88086911122099,6.768353735059112,2
gatYp,4,2,1.8950740474117023,1.322659684125772,5.803663025932453,6.44737143940165,2
uofp,19,2,1.8949371258132164,1.173142709756725,5.872531036782969,6.647484772237899,2
ghoSp,31,1,1.8945752986411146,0.7010939397506167,5.986178697227774,7.013631257492436,0
tolCp3,25,3,1.8942869918795189,0.7373949976140253,6.025686490710801,6.98153312778809,0
marRp,28,2,1.8942309592533313,1.2366904521680986,5.826028666488933,6.571008428087936,2
tolCp1,8,2,1.894192074005318,1.0198961315015975,5.7411267871299625,6.800066798155216,2
yadG_yadH_predicted,40,3,1.8941491712672338,0.6609586386373619,5.990934021867224,7.077993608606403,0
tisBp,14,1,1.8938698110648702,1.0892493169396558,5.794617737256967,6.67135214205145,2
ybeDp,16,2,1.8938400755518277,1.1839448068658271,5.886842507215448,6.636326610847014,2
yadG_yadH_predicted,36,2,1.8936908102509424,0.6623475032756878,6.025111848849445,7.068351000858589,0
sohAp,7,1,1.8934691387887335,1.1050670168392394,5.867659631517617,6.749358276387918,2
tolCp3,8,2,1.8933264946047648,0.9403947383520891,6.058312842995617,6.878026667515966,2
elaBp,1,2,1.893269759142373,0.9418805670215072,6.046843995276138,6.8496215435336225,2
dinQp,41,1,1.8931936317541498,1.2146900702047123,5.883093038469112,6.5990312462009415,2
crpp3,30,2,1.893134733893159,1.0330913007161737,6.044437261506178,6.753453396017275,2
tnaCp,39,1,1.8929154133361734,0.9881869384895104,5.881117437586777,6.783264849822979,2
galEp3,8,2,1.8927794860964098,0.8213561950732733,5.859625727364632,6.906875954300558,2
galEp3,33,1,1.8925071571850975,0.703272721695992,5.947521989636742,7.006943349971825,0
lppp2,15,2,1.892457000835351,0.71093832627451,6.020570785420222,7.056164842352114,0
yqjE_yqjK_yqjD_yqjC_predicted,20,1,1.892131967743902,1.1928003806564267,5.878628196629096,6.658053986222814,2
tisBp,20,2,1.8919720928491928,0.8732507847055578,5.9725412424696795,6.898483215762472,2
mprAp,40,2,1.8919354080133277,0.9570008597699683,5.67759914003636,6.777600985800958,2
elaBp,3,2,1.8918907563615353,0.9041105378592607,5.927806753794465,6.888319896976247,2
mglBp,35,2,1.8918078743433462,0.9824153344575525,5.996439310874926,6.7484063812375075,2
yahL_predicted,23,2,1.8917652234548972,0.6782497968199419,6.032814474405818,7.04843763888802,0
tabA_predicted,8,2,1.89160029939438,0.7249839487529085,6.141520614177658,7.048132108024827,0
znuCp,11,2,1.8914759870974835,0.8901312656181791,5.942046616908922,6.88783758008994,2
icdC_predicted,13,2,1.8914511925661186,0.7102632585347821,5.927631224872853,7.003874049959428,0
ybaY_predicted,40,1,1.8913660976752351,0.9498953245772968,5.908190157898797,6.843898403701877,2
cusCp,20,1,1.891115614401993,1.0779439566909415,5.809285266912715,6.686116019703787,2
blrp,7,2,1.89082925169567,0.6742523734856696,6.002074981445841,7.043159986797139,0
ygfM_xdhD_predicted,34,1,1.8907110925478468,0.6580969119059069,5.736905703374697,7.021084044201594,0
TSS_4655_regulondb,40,2,1.890474385674824,0.7615501473268675,5.964612041072987,6.9592057619075,2
crpp1,8,1,1.8903849274942368,0.906473392609328,5.925293106097668,6.874064571291451,2
sohAp,11,2,1.8902590826782528,1.3035156192097297,5.855559516676111,6.610886891650833,2
tmaR_predicted,19,3,1.8901835838082794,0.968940938419782,5.928603755638251,6.8467563616233456,2
ygeX_predicted,21,2,1.889543392801187,0.7441069029058666,6.093776640562243,7.024404458788123,0
mprAp,39,2,1.8894015648922111,0.9971510507982234,5.698547103846208,6.735461522309491,2
mtnp,6,2,1.8893625190910905,1.0970575755491736,5.810556277323926,6.6981021939658465,2
mhpRp1,31,3,1.889285692735505,0.8239574751547419,6.064323971000356,7.007104890711542,2
rcsBp1,40,2,1.8890623643955478,0.7351650061201167,6.029237946176196,7.0267186005862765,0
sohAp,39,1,1.889050468015,1.2464879970895977,5.929866019316627,6.710296866821668,2
ybaY_predicted,34,2,1.8889923905431745,1.1211896467923756,5.826977074295828,6.718930917834058,2
recNp,23,1,1.888792828300841,0.8903028576786821,5.987431806331724,6.860210444715673,2
crpp2,2,1,1.8887264241932713,1.1788900332938892,5.891804522902266,6.671663118192181,2
lpp,29,2,1.8885694025427129,1.1631553177903473,5.878313929416719,6.683994935230842,2
ymfM_beeE_jayE_ymfL_ymfR_tfaP_ymfT_ymfN_ycfK_ymfQ_predicted,37,1,1.8884008215069619,0.64022994810118,6.01166579350906,7.0736771825211795,0
recNp,2,1,1.8883483134859065,1.0000432472749061,5.870386952271609,6.749082890597976,2
ecnBp,28,1,1.8883227464016157,0.9082022963311773,5.984755815507777,6.89256757568015,2
TSS_18061_regulondb,10,2,1.8874087149048184,0.6967225689743235,6.077334743338707,7.053989754510476,0
crpp3,38,3,1.8871349346022783,1.2048640558691555,5.845044629463533,6.5773263953652865,2
rcsBp1,29,1,1.8871346344050233,0.7497980400719569,6.069635779198959,7.010946068665897,0
yncEp,8,2,1.887087376074144,0.6581517638561181,6.005192990362562,7.054488076562305,0
yadN_predicted,8,1,1.8863063898420094,0.7368203777588507,6.042530203393389,7.03970818049585,0
znuCp,25,1,1.8861115904545265,1.1089261578392957,5.893238187759627,6.7343608639066534,2
mtnp,3,1,1.8858338495342557,1.011213677418265,5.842923217538919,6.75457171143251,2
yacCp,31,3,1.8857879829924442,1.0788717437078152,5.843445803254356,6.710838047474744,2
tolCp1,5,1,1.8856847079948178,1.0222745557561703,5.9818343735160235,6.793124020839177,2
tolCp4,5,1,1.8853549131610647,0.7141527807446144,6.0821310499838095,7.01834813436696,0
blrp,31,1,1.8851450456461292,1.0462204311094432,5.779812201204392,6.7573927592115295,2
dgoRp,10,2,1.8850476845665927,0.9692447338515984,5.925766378697627,6.839505478483277,2
gyrAp,16,2,1.885008470281787,0.8298761154874503,5.938988990656871,6.911558910681838,2
araCp,32,1,1.8850005022405583,0.8555041563074519,6.025246476502745,6.925560161495786,2
rcsBp2,14,3,1.8848870661998567,1.2725709376590937,5.819267351253907,6.518606184310632,2
recNp,31,3,1.8846446867002928,0.9736481437852156,5.930104252815664,6.791074019576863,2
crpp3,41,1,1.884638208001519,1.2808816271875807,5.7653220873956155,6.47954341523171,2
rdlDp,9,2,1.884062270393858,1.1257664303326957,5.860350967349166,6.67882538263875,2
crpp3,15,3,1.8835830629532104,0.8670107541870142,5.99163312290311,6.907594976823124,2
yjbJ_predicted,23,1,1.8830930050445784,1.294285119221153,5.926438770316787,6.61008870976119,2
yadN_predicted,14,1,1.882804214923387,0.7205742958886211,5.7950405656995265,6.9671508805267734,0
aceBp,16,1,1.8826691238859161,1.0724638882567954,5.9075085340193425,6.7534883437346815,2
araCp,33,1,1.8824951390226818,1.0720214570064928,5.831449722083817,6.696600279241901,2
tabA_predicted,23,1,1.8823479654058368,0.7657997721449894,6.157145937247919,7.011196644486372,2
araCp,10,1,1.882343712617989,0.9463937225574143,5.95444184951247,6.838944800442748,2
lacIp,1,1,1.882246398352476,0.9236292189952399,6.0186004380067,6.853524527001282,2
elaBp,33,2,1.8816976175269233,0.8889474560057631,6.041112675729468,6.896642216241264,2
rdlDp,10,1,1.881543695798217,1.07662600902709,5.905450573959792,6.723680259748585,2
gatYp,23,2,1.8810976158322468,0.7825321617691459,6.1454793018511165,7.014537124388537,2
gatZp,33,2,1.880925949920585,0.5698087216536944,5.8453852180650765,7.094410884596636,0
tolCp4,11,2,1.8806979547591403,0.7697695750460785,5.943288575963973,6.969664719156189,2
relBp,30,1,1.8806073377032222,0.9977226122125258,5.954341869401359,6.793601118767619,2
ybaY_predicted,35,2,1.8801763497741872,0.9822791397709939,5.938860423012506,6.78450940572875,2
mtnp,10,1,1.8793909054901776,0.9653980911860551,5.859725834101595,6.818301080585392,2
ftsKp1,22,3,1.879352308229162,1.0704453730898846,5.910537848087843,6.72963172264112,2
crpp2,18,1,1.879260794879093,1.1644742007497062,5.83695192778921,6.672914154206451,2
hdeAp2,22,2,1.878893398251785,0.7443591685131028,6.073043804270667,7.006068846116184,0
ompRp4,35,2,1.8788374112332045,1.1754785392674605,5.855570623161117,6.682202073298667,2
yadN_predicted,28,2,1.8787772765894935,0.6639495774656635,5.808642186520071,7.00995272199448,0
ygeX_predicted,8,1,1.8787556221537394,0.6371379843195908,5.877021991624221,7.02996682337238,0
sohAp,5,1,1.8787322881401234,1.301722979541202,5.944349725079885,6.667708477901869,2
blrp,17,1,1.8786153649787585,0.967740948862529,5.946700092166285,6.859390124736633,2
rcsBp1,19,2,1.878605787178645,0.7207694188991702,6.184988602190473,7.050734121897412,0
yahL_predicted,3,1,1.8784367219609395,0.6314946807250895,5.999163853415473,7.082406525410034,0
lacIp,23,1,1.8784169508075688,1.2159938146181242,5.889478943558948,6.608689599545624,2
lppp2,6,1,1.8783241472406078,0.6747487985762618,6.0856429173422875,7.055755760165294,0
yagB_insX_yagA_predicted,10,1,1.8782545646829227,0.8207070473340969,6.034719444128435,6.982862733856516,2
crpp3,17,2,1.8780885584037845,1.0057971649008097,5.9534116879895596,6.792251970553042,2
ecnBp,14,2,1.878014062741654,0.9694797183689124,5.831120088046727,6.783721749851196,2
yqjE_yqjK_yqjD_yqjC_predicted,29,1,1.878001912697416,0.9577703842617415,5.950305128503777,6.855990554640179,2
yacH_predicted,14,2,1.87790663976512,0.669680820916478,5.970545940930203,7.045753975083495,0
zapB_predicted,41,1,1.8774176114410996,0.9466016212265677,5.817626811347213,6.7463252587667775,2
furpa,4,2,1.8773090734471025,1.2396267911476786,5.91390303159975,6.626091759439454,2
rdlDp,14,3,1.876894912748822,1.1796444363607097,5.891347227186007,6.655903652602934,2
lppp2,34,1,1.8768601319925053,0.7208634229196385,6.121407039298153,7.0614658472558745,0
recNp,13,3,1.8766994457448802,1.0166620335854974,5.94840181124337,6.767463910093682,2
yacH_predicted,7,1,1.876518305495467,0.7191203043877069,6.071613966455919,7.01709468568018,0
ldrDp,37,2,1.876331620740884,0.6364560318791002,6.075457229239701,7.081495552098538,0
yacCp,37,2,1.876260186081802,1.2369383406568095,5.832560250548127,6.581959057247004,2
zapB_predicted,7,2,1.8761860420629402,0.8440365740650491,5.823533600638482,6.84440996502296,2
mglBp,32,1,1.8759126052299515,0.9982084320780018,5.960123753600984,6.715473781703777,2
znuCp,4,3,1.875704080853927,1.0007455450928617,5.928038964228856,6.809705849719592,2
rcsDp,1,2,1.8753069512694347,0.9277127428110531,5.854136868695049,6.877236551932366,2
ygfKp,7,2,1.874881375599089,0.7436305474841721,6.095385863912045,7.001584511274006,0
galSp,40,1,1.874833211252715,0.6449754307274643,6.0470474416776,7.0672343058440985,0
yjbJ_predicted,25,3,1.8747287485784934,1.4015541237324751,5.850040024586477,6.52567868775453,2
acrAp,25,3,1.87457340458846,0.9074938440959918,5.919850690821925,6.86038864072255,2
blrp,9,2,1.8744043618220276,1.1370267157205962,5.799182789862732,6.630089452889952,2
mtnp,30,2,1.873928766603008,1.1521245944000431,5.88202293134601,6.701596374062513,2
yjbJ_predicted,9,2,1.873642889807342,0.9874445365595239,5.939543821812377,6.817282060321963,2
gyrAp,5,1,1.8735618137385879,0.9408272016356581,6.0613353635534235,6.893895738849892,2
yadN_predicted,34,2,1.8735097180405234,0.6742672845754122,5.848880976807293,7.043987153110333,0
gatZp,18,1,1.8734607015809812,0.64488217930682,6.036944955333951,7.083623355117122,0
kbpp4,11,2,1.87340176608824,1.0682683675728144,5.780711275481883,6.72363284629002,2
gatYp,13,1,1.872963891395454,1.2775052577998232,5.813228346176894,6.46013922954784,2
yadE_predicted,29,2,1.87224980109032,1.1522003804426828,5.742532326472411,6.66425127252637,2
rcsBp2,31,3,1.871779835424251,1.1483136665920766,5.9218383240601264,6.70315599204628,2
mtnp,13,3,1.8714344610463634,1.0328466350505763,5.929396778732086,6.746793097380354,2
icdC_predicted,30,2,1.8712366465694643,0.6899048694076713,6.025124486611293,7.030229926528356,0
zapB_predicted,22,3,1.8711924954341912,1.0459675890289912,5.9420253776382825,6.763595534535092,2
crpp2,36,2,1.8711267058633865,0.9772084533732814,5.9241095782383395,6.860549887343064,2
recNp,19,3,1.8708228068414157,0.867651509325085,5.9915288639903,6.893160317187336,2
acrAp,40,1,1.8707565784150717,1.1012802797030259,5.898303480784191,6.675831475349527,2
xdhAp1,30,2,1.8704613882310508,0.734117669914997,5.78022827930037,6.967950393822482,0
mglBp,8,1,1.8704021295026558,1.154850239029674,5.815336864132966,6.549335998059808,2
tnaCp,4,2,1.8703919344799989,0.9397834776502288,5.837920451372498,6.808845447409686,2
lpp,41,2,1.8702118480112697,1.0875131555668482,5.834588608189289,6.653370368028556,2
zapB_predicted,23,1,1.8698419278679927,0.9397963397477964,5.829093693123101,6.763796314550358,2
araCp,12,1,1.86955988006046,0.9830373126790932,5.907581858805967,6.833396791124356,2
tfaE_stfE_predicted,31,3,1.8695372232554257,0.8762954797373032,6.012862985343256,6.936757119217526,2
mhpRp2,11,2,1.8694641388580917,0.7120527426176758,5.763930154983793,6.967878660907974,0
tmaR_predicted,31,3,1.8691071534410455,0.9537314921921098,5.906775501915552,6.793114014007168,2
rcsDp,18,1,1.8690624693865752,1.0086831136209358,5.779682434395749,6.789842887326825,2
ykgRp,23,1,1.8689760453202435,0.7406185931675038,5.986717348945536,7.001690722160344,0
ompRp4,34,1,1.8688713433918398,0.993583258700027,6.00036132055903,6.819460404981322,2
lpp,25,3,1.8686958362222728,1.0841030020960265,5.844371163006629,6.7283320312729575,2
tolCp2,5,1,1.8683968573315586,0.8981062593309672,5.980277224248499,6.866048820762549,2
tabA_predicted,18,1,1.8683701421211236,0.7037548493057889,6.001916589023701,7.034046812259051,0
acrAp,40,3,1.868326375758241,1.144507632345612,5.929857911310143,6.646329558301737,2
TSS_6311_regulondb,33,1,1.8682632215406416,0.8389881833664848,6.010364804898324,6.954420457861101,2
yjbJ_predicted,29,2,1.8679992178737816,0.7743369302566465,5.995511569262511,6.987793244551354,2
yahL_predicted,5,2,1.8678660480152272,0.8491572200131445,6.026958099203001,6.9345733565356555,2
ybiY_ybiW_predicted,4,3,1.867737105275693,0.7329216432707614,6.029325020675255,7.043461836935062,0
yacCp,35,1,1.8676928815780915,1.1472665623816474,5.894583408808195,6.692936873959933,2
crpp2,6,2,1.8675412851084934,1.205501697281922,5.894895471491726,6.650201900509725,2
furpa,39,2,1.8675267226992733,1.2325242471950808,5.949928320726338,6.660870680521707,2
recNp,3,1,1.8671505731054143,0.9905184948788741,5.9324775604165225,6.773754654640184,2
mtnp,13,1,1.8670553920620185,1.0030750007136136,5.891654723029809,6.780079227621784,2
xdhAp1,12,2,1.8669215527505822,0.6854482944106997,5.810186577549622,7.0037157240435715,0
xdhAp2,12,1,1.866918600692209,0.6380983578847974,5.981879143880096,7.081286946050725,0
mprAp,37,2,1.8668742026959602,1.0454876219120801,5.680033630139947,6.702178328333714,2
yahL_predicted,18,1,1.86679504834823,0.8036014675456061,6.057357392863816,6.936670984429117,2
yncEp,9,2,1.86664713747724,0.8070157587534689,5.932681935209203,6.953909666481385,2
ecnBp,37,1,1.8666202610832512,0.7893763855292959,5.8964141613861365,6.925839845994027,2
yadE_predicted,12,1,1.866461871959661,1.0203293639900466,5.839573773703767,6.834926888124717,2
furpa,16,1,1.8658446952821237,1.1310744583624708,5.934657816495748,6.7201224138945275,2
yacH_predicted,25,3,1.8655265430312036,0.6752960777286433,6.040356123758195,7.055151223163628,0
yagB_insX_yagA_predicted,21,2,1.865454883657156,1.0580359342937096,5.936998487136691,6.737156792718954,2
mprAp,14,2,1.8652494109936792,1.0276078954586934,5.648336500672646,6.694374454587877,2
rcsDp,32,2,1.8650462371116763,0.924727746769753,5.909573087945272,6.867755286190945,2
mprAp,37,1,1.8648544909351672,1.0510580692625286,5.665607567659686,6.656910719439219,2
acrAp,14,2,1.8648126525061075,1.1112228358739047,5.8758208286248665,6.67096389833055,2
marRp,7,2,1.864768611922792,1.127364799991556,5.96046344749953,6.657610393971926,2
ompRp4,11,2,1.8646427095500995,1.0531258959889778,5.865455990562532,6.707337857620526,2
yahC_predicted,6,1,1.8645794305792553,0.7923506145680997,6.055836781970218,6.970914046794338,2
lppp2,4,2,1.864562464722751,0.7257313847586985,5.997341357339238,7.038869248784729,0
yacCp,1,1,1.8644422622322057,1.2620669432310545,5.8444658904695705,6.571454163758529,2
yagB_insX_yagA_predicted,23,1,1.864405386114964,0.810960478105288,5.977322062932397,6.960641871298828,2
yqjE_yqjK_yqjD_yqjC_predicted,19,3,1.8643178174602182,0.8767950539860703,5.812329285196876,6.892976110274017,2
mprAp,12,2,1.864316019275099,1.0564412320768275,5.689166810163042,6.65620926656617,2
crpp2,3,2,1.863824893686515,1.1849343236056284,5.846751736596861,6.63651003701294,2
yadN_predicted,25,1,1.8636621876146189,0.673029112199998,5.859954378490098,6.998232564177349,0
marRp,15,3,1.8632788050930988,1.0444124678414444,5.88486128269681,6.72556081434231,2
yadN_predicted,39,1,1.8632525307609822,0.8208141012383273,5.817111882290273,6.9146960049627,2
lpp,37,1,1.8631902800623086,1.1128809598920264,5.886959197454875,6.703777777104678,2
araCp,31,3,1.863077213578016,0.9949610852116101,5.945012772987662,6.8097828479729365,2
yahC_predicted,1,2,1.8630712025629883,0.7099040628374623,5.950563324543131,7.020421214487748,0
tolCp3,29,1,1.8630686170988462,0.8790268094145365,6.010451687141523,6.894055257077936,2
yacCp,2,2,1.8626202262572649,1.1288002861233952,5.894246034380499,6.701197888548119,2
tnaCp,38,3,1.862604926057483,0.9522627327575679,5.832035271659327,6.78669654325026,2
ecnBp,23,2,1.8625347300450152,0.8107697280526117,5.822547158949546,6.908770240039246,2
xdhAp2,29,2,1.862413190754043,0.8402788326350535,6.011492176089196,6.933723927865747,2
pheMp,28,2,1.8622458640317157,1.2749602182140445,5.779601490082,6.570025741543194,2
acrZp,25,2,1.862191967493002,1.0180737826747774,5.923118839369227,6.794962709783553,2
ybaY_predicted,14,1,1.8621591320871538,0.972367846839874,5.919488592033101,6.802238950873658,2
yacCp,9,1,1.8620947730874833,1.3672354303317924,5.833867908254627,6.461606929278291,2
sohAp,39,2,1.8620876588033202,1.2810631812704287,5.929994314486882,6.650243664558697,2
gyrAp,22,3,1.861956382057856,0.8102242359623603,5.972006409224205,6.920218950590482,2
sohAp,9,2,1.8612959770275908,1.332072829722809,5.870787751431657,6.566635430074864,2
acrAp,8,1,1.8611083952465861,0.8134277537029571,5.996634302871314,6.920188278281084,2
ecnBp,37,2,1.8609788153873008,1.01305041732592,5.977389964431595,6.822361693494847,2
crpp3,21,2,1.8609745175502141,1.2371422562486718,5.786118769791433,6.5112917703013915,2
uofp,24,2,1.8609403706861913,0.9878588838794372,6.018058084145511,6.83551170582458,2
ldrDp,7,1,1.8607806921740546,0.682939581950324,6.040854560470189,7.0625754804300005,0
ompRp4,21,1,1.8607191260936913,1.1286251792606574,5.962979605962014,6.731881836280954,2
ygfM_xdhD_predicted,40,3,1.860452262618653,0.6659539863462024,5.895091531551664,7.044583591560356,0
dinQp,10,2,1.860445667546192,1.1703866693829954,5.942485135606913,6.626698497476362,2
yagB_insX_yagA_predicted,37,2,1.860208980194305,0.9215779347108511,6.016438812234598,6.903873244048882,2
xdhAp2,32,2,1.8600420441235228,0.6053060236096811,5.871952728116202,7.091492828355744,0
recNp,5,2,1.8600254662767075,0.9143641629909731,5.8992092286990525,6.830961942153655,2
ompRp1,9,2,1.8599993166682665,0.790244645784997,5.949202758569603,6.940566697310667,2
rdlDp,6,2,1.8597618178991253,1.0460609129624199,6.036171641377237,6.795118337916545,2
rcsDp,8,2,1.8596165509056275,0.8639848218858899,6.059831660507768,6.94588810900513,2
yadG_yadH_predicted,7,2,1.8594996313465566,0.7780080577130216,5.951352251110463,6.972879020618265,2
lpp,13,2,1.859383190011515,1.1335308712349965,5.899889537707423,6.663248928994338,2
dgoRp,40,1,1.859220490272221,0.936361769715725,6.035684403920177,6.866037998510341,2
ecnBp,13,2,1.859110628943216,0.7230337847081694,6.0637569241704545,7.0062044041250875,0
crpp3,34,1,1.8590729062685538,1.3728887815349038,5.809346690577278,6.407075253776208,2
ybiY_ybiW_predicted,32,1,1.8589977168991678,0.7065192806915955,5.9754137076480305,7.017273278778743,0
mhpRp2,41,1,1.8586827414879181,0.6803319244369872,5.7576262837528125,6.978840986661837,0
rcsBp2,10,1,1.858650779345482,1.0534822877601517,5.912243176006884,6.760575639982257,2
sohAp,34,2,1.8583201450263942,1.3265786225945018,5.946336769869777,6.602744330238803,2
acrAp,2,1,1.8582859583333793,1.1826593129139076,5.914242497996732,6.65800678295514,2
yqaEp,25,1,1.8580912207701283,0.7334183181863471,6.000585443049529,7.019192211041779,0
crpp2,13,2,1.8578751413636039,1.1263609971748199,5.839950535882501,6.685140316785066,2
xdhAp1,28,1,1.8577283556879998,0.7027737688816702,5.758744288872416,6.984568463911842,0
crpp2,23,1,1.8575875610956059,1.1543170354716799,5.834511253633071,6.6639272798505065,2
znuCp,2,1,1.8571650406472642,0.8754235169166126,5.946441764685804,6.896153846305216,2
ybaY_predicted,13,2,1.8570930088683,0.6633986584566616,5.964106468972201,7.059256420418366,0
zapB_predicted,38,3,1.8570519346441787,0.9109326798439836,5.831578963076522,6.786956130743948,2
kbpp4,12,1,1.8570240077994635,0.9629916414374068,5.962024107620245,6.809474455750342,2
ftsKp1,22,2,1.8569140043367964,0.9306307887504698,5.912541650666255,6.881785499341625,2
yahL_predicted,6,2,1.8567019368445632,0.8440200554943544,5.991096574729294,6.912790439905936,2
crpp2,8,2,1.8566568636306482,0.9051762857459086,5.896094298967021,6.876386719323699,2
yadG_yadH_predicted,4,2,1.8565685110366699,0.6182258254579145,6.110679007558476,7.100649237098947,0
ftsKp2,32,2,1.8562998573786382,0.8499443480550367,6.045478646713055,6.936587583582982,2
sohAp,35,2,1.85610933383379,1.33086132482496,5.8647666791379205,6.60108395112191,2
dgoRp,41,2,1.8560953410584833,0.89570689089286,5.966267105838162,6.90549207448253,2
mprAp,6,1,1.8560654908592498,1.1481056297567183,5.827240746842982,6.60671393955819,2
znuCp,30,1,1.8557533928013252,0.7672668266688997,6.016502538281207,6.997205695827427,2
crpp2,11,1,1.8553775752015156,1.2066453378417854,5.883818805727662,6.63897454729395,2
uofp,15,2,1.855274871826654,1.1421998340346144,5.934214472111988,6.700802956554451,2
yahL_predicted,4,3,1.8552746646800278,0.7534714938258832,6.081013357999366,6.993733930093606,2
tnaCp,4,3,1.8550194023565996,0.9673262469904663,5.86192459304162,6.782756884983186,2
dgoRp,34,2,1.854858407963794,0.9252283575149001,5.945868927217068,6.893906726357086,2
cpxRp2,35,1,1.8546743692393832,0.7035544931134969,6.144728257259175,7.033278620018519,0
mtnp,36,1,1.8544937543620659,1.3008233086007142,5.9598407224073,6.633463767297103,2
blrp,7,1,1.8543210024813932,0.6056411045418415,6.021490711509205,7.111325964496296,0
ldrDp,36,1,1.8541472923115176,0.7170140836891626,5.932565967332787,6.997778098505588,0
crpp2,34,1,1.854102631087449,1.1273787480342414,5.798807878166229,6.687925170661703,2
mtnp,34,1,1.8540406512034744,1.135037109576115,5.8893237244743,6.672210451960321,2
tolCp1,19,2,1.8537645871763089,1.0295308900696114,5.960205608454173,6.821401419653229,2
crpp2,1,2,1.853588272874468,1.2339884725210388,5.9250327693159415,6.626183398408713,2
ghoSp,13,1,1.853551507167666,0.935655276813567,5.98409964890175,6.854735951903135,2
ftsKp2,15,3,1.8534047178222415,0.6310045545430518,5.928974435924558,7.067953246596501,0
mhpRp1,33,2,1.8530674478814328,0.7977614026488106,6.048898677333822,6.940189858577102,2
tfaE_stfE_predicted,18,1,1.8529539834271187,0.9326480258298703,5.963908232449141,6.88927972391382,2
furpa,22,2,1.8528176503427707,1.0649049820071803,6.064083321233342,6.8310678779400655,2
mtnp,1,2,1.852488552091487,1.124830892386546,5.901957157485451,6.679371968253917,2
lppp2,38,3,1.852242066280113,0.7393565392309192,6.215381185079403,7.0370161354809015,0
yadE_predicted,10,2,1.8521682414655698,1.2283782470860178,5.8998720310583135,6.646607169809022,2
crpp3,37,2,1.8521648688286987,1.2164127348966913,5.857482865896587,6.548516387536045,2
ecnBp,11,2,1.8520036114222624,0.9077180044264479,5.903609421907243,6.872215131878734,2
TSS_1414_storz_regulondb,6,1,1.8519617788139129,0.8411762144893183,5.934870740685765,6.868606356289578,2
znuCp,33,2,1.8519084844867115,1.0320446910835883,5.994819795385231,6.788952080266905,2
znuCp,17,2,1.85185329918778,0.9220906634659212,5.991985783779082,6.880693380246466,2
ybaY_predicted,11,2,1.8517355750736908,1.0592622224214059,5.963917137552427,6.770623195503642,2
gatYp,4,1,1.851703614487671,1.2091487027781618,5.864236569766723,6.525460580229343,2
dinQp,2,1,1.8516399016882368,1.0662639868517345,5.949144753154306,6.73515771099298,2
crpp3,1,1,1.8512660978664777,1.0952954189428097,5.9783597954369485,6.685831493448797,2
lppp2,2,2,1.851234879433905,0.7060045768494227,5.981083481039681,7.0341789907732055,0
galEp2,30,1,1.851075865525773,1.000019512353194,5.944180277281893,6.829848080656399,2
tolCp1,15,2,1.8508685015460888,1.0631215108549144,5.865722875893461,6.684506744772379,2
tnaCp,4,1,1.8508093940865327,0.8747547325445852,5.862202502228913,6.87603533281017,2
yjbJ_predicted,40,3,1.8507493267479334,0.7460918074339554,6.023291338403219,6.983646568525351,0
uacT_predicted,28,2,1.8507425921901444,0.6555725061608816,5.962419510742194,7.020736072458522,0
gyrAp,8,1,1.850633862178392,1.054125251622862,5.9276975851830995,6.743663001705508,2
lpp,10,1,1.8506122441550956,1.078977073432829,5.874659119650672,6.742526016547755,2
yadN_predicted,17,2,1.8504012930264924,0.769387970550493,5.830163299661855,6.974790541846066,2
furpa,38,2,1.850360233965401,0.6685836209621173,5.914034818212472,7.044884566018593,0
xylFp,12,1,1.8503045559044924,0.6179611944974194,6.08658447378558,7.083473862432367,0
TSS_4654_wanner_regulondb,7,2,1.8502674761175741,0.6858723325720463,5.9347386187930145,7.042916556381353,0
znuCp,16,1,1.8502423585000343,0.7391845048337891,6.10192757610469,7.0302084724237135,0
ghoSp,14,3,1.850202484163437,0.6983037660042052,6.132442041543742,7.051311387228033,0
galEp3,41,2,1.85010947743766,0.6308047363257067,6.004449248729224,7.056531518632017,0
ghoSp,13,3,1.84985371911072,0.6817773681328546,6.10728429249219,7.069947336285081,0
sulAp,7,2,1.849740775504434,1.1795491782101704,5.847603410998206,6.567532006821756,2
ygfS_ygfT_predicted,15,3,1.849710718171941,0.7398102874134269,6.032493924336092,7.003229288494868,0
acrAp,3,1,1.8496510195273188,1.099542764746368,5.925396352442227,6.7223240162480185,2
intE_xisE_ymfH_predicted,40,3,1.8496007861151749,0.6514434416712113,5.909273033348327,7.025443789913892,0
zapB_predicted,29,2,1.8494318657271989,0.9667621066720001,5.815343350794181,6.724588000964359,2
rcsDp,14,2,1.849416920594975,0.9261895314474095,5.922003504891835,6.872791981116688,2
tolCp4,15,2,1.8486993993560092,0.788166951527762,6.020646303598809,6.96453062939848,2
tolCp1,14,1,1.848448885395079,0.9277134731745501,5.891010513676065,6.838827084583831,2
tolCp3,36,2,1.8482684611903573,0.8295807136545661,6.1826028936657424,6.960386465071253,2
acrAp,10,1,1.8480600162635101,0.9073908309649432,5.964988157067449,6.866172794987371,2
elaBp,3,1,1.8477610781420752,0.862637471546011,6.003428474181113,6.909630417653703,2
crpp3,9,1,1.8476775934505605,1.0174436454708249,5.891935996235044,6.76190897927464,2
ghoSp,2,2,1.8476050700490896,0.6552059061499329,5.948258217401235,7.0491960464654655,0
sohAp,10,1,1.8474134918047775,1.2991973735373523,5.98828118632787,6.627611039098888,2
TSS_18061_regulondb,37,2,1.8473601170477494,0.7632683577388889,5.951001323859838,6.95903225422332,2
pheMp,4,1,1.8472697184848716,1.1850098125233726,5.894914368276968,6.672705454605816,2
recNp,10,1,1.8471749533330213,0.92471928597404,5.993994994151247,6.812646399487438,2
dgoRp,10,1,1.8462585878157967,0.874314229750943,5.957558381202566,6.870687295454022,2
furpa,20,2,1.8462224881076925,0.8558978293528755,5.970104536164243,6.901920735989442,2
yacH_predicted,12,1,1.8462059223199212,0.7025985735947958,6.048843068545871,7.019791662310469,0
blrp,10,1,1.8458155051837215,1.0268089129015439,5.876555737957693,6.744784829968428,2
yadN_predicted,5,2,1.8457493586910179,0.7471252711413939,5.915315388473836,6.966478594775031,0
ecnBp,10,2,1.8456950403166406,0.9287308088178199,5.944223562248118,6.846537332411486,2
blrp,20,1,1.845613308843353,1.1017147875054205,5.845340260613995,6.67251709358244,2
yacCp,33,2,1.8454714597902728,1.1105477796941867,5.934935370945968,6.699774517668711,2
xdhAp1,16,1,1.8453656577970718,0.641699748620153,5.7919326391859975,7.0422174269656725,0
yacH_predicted,39,2,1.845317563062457,0.6004733205061941,5.968625678199167,7.090605184439454,0
rcsBp1,13,1,1.8453061514575917,0.7410878144104757,5.983079447267965,7.005805487041372,0
yagB_insX_yagA_predicted,14,2,1.845219967867043,0.9264068772493893,5.932842965503516,6.873332184015711,2
yagB_insX_yagA_predicted,18,1,1.845130227228609,0.9388727586424691,5.977545845093216,6.829254956646895,2
tolCp3,29,2,1.8451145385707652,0.9259656042351059,5.985560836341429,6.839943100930597,2
gatZp,36,2,1.844750538181166,0.8095405702811418,6.071571652913013,6.971949866828814,2
ldrDp,15,2,1.8447062771821914,0.7016287112482987,5.956755103840612,7.033039827774636,0
sohAp,41,1,1.8446928536008784,1.26187456108967,5.891363313800891,6.633887385457992,2
ftsKp2,11,2,1.8444380926533932,0.8180385435784441,5.91054093551074,6.955225622210783,2
lpp,36,2,1.8443888336262502,1.0504547622394942,5.916637677059514,6.7783477835054775,2
mtnp,41,1,1.8442977121821773,1.1481367067844943,5.849619311237026,6.662077365856627,2
mtnp,25,3,1.8442826319120589,1.1237539204495055,5.811868444839213,6.66062763078733,2
xdhAp1,19,3,1.8442501145073789,0.7366692762290542,5.8325180378620445,6.97940505256289,0
ompRp4,29,1,1.8434702060445405,1.1359592323922993,5.882212092705815,6.684784580813247,2
tmaR_predicted,2,2,1.8434144205252114,0.8836192085475677,6.015643736932084,6.910127997870234,2
uofp,39,1,1.8432557597697898,1.2426337652619057,5.994781676944382,6.667196230538609,2
gyrAp,21,2,1.8428428652205417,1.1082622371034054,5.9403375888696175,6.7174513502335875,2
lppp2,28,1,1.8427162961058396,0.7120035832015887,6.114890140606459,7.054531807304709,0
ldrDp,6,2,1.842323915842809,0.6579415712174906,5.973679358895469,7.04541236828071,0
yacCp,29,1,1.841975377545401,1.304303671275604,5.829930679413202,6.5129224887202515,2
sohAp,1,1,1.8415532451444234,1.260015138865967,6.014687504897229,6.673725334244765,2
yadE_predicted,14,2,1.8414885716800393,1.21180799012663,5.869649120310312,6.6297085422054876,2
uofp,1,1,1.8413095159545116,1.0712011729405189,5.9649526605156105,6.754219671259145,2
ykgRp,13,3,1.840977264120749,1.017890512264847,5.9502006704563275,6.78188936309041,2
uofp,17,2,1.8407594997720462,0.9139622769738684,5.975549184550966,6.8606793417011875,2
ybiY_ybiW_predicted,28,2,1.8405842817372573,0.574745157447578,5.987030208332,7.109554791392663,0
lpp,1,1,1.8405681913913672,1.0754591721951345,5.944719653508097,6.7266458923535914,2
rcsBp2,22,3,1.8405441240057216,0.8803935428495702,6.080778758997894,6.924936931237372,2
acrAp,37,1,1.8405184135788566,0.9839542897559679,5.920107389910933,6.786263188288359,2
yadL_yadM_yadC_yadK_predicted,23,2,1.8401353399863707,1.0268340180866387,6.030490566654121,6.889558330600394,2
ompRp1,25,3,1.8400357254284858,0.7575015426062326,6.026179571017977,6.987828419551531,2
lpp,5,2,1.8397372995452843,0.9145371174844003,5.955971865492736,6.846095757294975,2
acrZp,30,1,1.8395203052332023,1.0785359447641711,6.004508016678468,6.75324242054201,2
yagB_insX_yagA_predicted,12,1,1.839458529740348,0.8753177469800953,5.952947950445306,6.894344425453715,2
ghoSp,40,3,1.8392491840870904,0.6934107740754484,6.005415391993816,7.0476618101506885,0
mprAp,1,1,1.8391939064509804,1.1138892403267495,5.8644281542692545,6.658843422765597,2
araCp,37,1,1.8391209245920066,0.9339605019533599,5.95869725493951,6.860270607549434,2
mhpRp1,38,3,1.8389436923882203,0.7620098268083121,6.034211531371826,7.004548201050977,2
xdhAp1,5,1,1.838519623164471,0.618537936481072,5.794382888931812,7.049953184844993,0
rcsDp,41,2,1.8383716213181946,0.922181770471594,5.858417477464821,6.8724957685596255,2
blrp,23,2,1.838348839500239,1.121974731091979,5.894586394100326,6.646511832913944,2
ecnBp,41,2,1.8382705415799323,0.9273090987592544,5.884635209692033,6.846721627964602,2
zapB_predicted,40,2,1.838031819349602,0.9434180158050125,5.854975888965676,6.7840577488908425,2
yacCp,30,2,1.8380300836203989,1.1007425036538072,5.892181000717952,6.710230767788675,2
tolCp3,23,1,1.8378636619851587,1.0185825267317192,6.047803834160819,6.7766002196093815,2
rcsBp1,1,1,1.8377573308460107,0.7386397358002197,6.0408393794752975,7.014730977690212,0
lacIp,32,2,1.8375716087588079,1.021090554012868,5.984083098543303,6.830179679341459,2
yadN_predicted,28,1,1.8373359126908577,0.6620509847178693,5.965449726640456,7.044066567871238,0
ompRp4,31,3,1.836810204343372,1.0351360927911766,5.94163600257556,6.809653264924423,2
blrp,25,3,1.8367839740522716,0.7733366516011998,5.946082602064014,6.965020778078774,2
dinQp,38,3,1.8366419286362379,1.1783919544276473,5.891278010151633,6.623789362490925,2
yacCp,39,2,1.836425165298278,1.1083919300094163,5.844218081233267,6.708099144015788,2
zapB_predicted,25,3,1.83613804475089,0.8653115447436084,5.803549761346137,6.805997516432406,2
xylFp,1,1,1.8360808380456928,0.6507884469581742,6.150362390031194,7.069941433573364,0
rcsBp1,14,1,1.8359175363009952,0.7691740722221175,6.0140951829675275,6.989745921913531,2
uofp,30,1,1.835902405958332,1.0344294242573897,6.010733269010966,6.831507200276908,2
zapB_predicted,23,2,1.835895599150258,0.8618333449128773,5.832119582638857,6.815352491430239,2
recNp,15,2,1.835831248421906,0.8654117221960597,5.944702187398462,6.857447001734476,2
blrp,25,1,1.835729959436573,0.7533395473896853,5.981779371496508,6.991010491435846,2
mglBp,12,1,1.8357134234915315,1.068019663810908,5.9726207215131115,6.70406894007727,2
ghoSp,4,3,1.835607901907654,0.7845201008902685,6.137280113431842,7.0155590550089615,2
marRp,19,2,1.8356017384870467,1.2960228890055663,5.859754930959706,6.519193742330554,2
lpp,28,1,1.8353448562306813,1.0900299983424109,5.878478044252953,6.694440731034824,2
lpp,33,1,1.8352883709804764,0.9903291641717827,5.9284394369729245,6.778603199287854,2
tisBp,17,1,1.8352176598817165,0.9578021838933807,5.924441195248582,6.799329009579009,2
mhpRp1,11,1,1.8351712817470571,0.7920232425742929,6.009719911216855,7.001959884833127,2
zapB_predicted,6,2,1.8351439691776101,0.8360234476534387,5.864539802218786,6.845092373783217,2
dgoRp,29,2,1.8350598873536466,1.0595817011934447,5.991806310340429,6.767587144396726,2
araCp,6,2,1.8349542209036556,0.9993329959449131,5.936022907783368,6.810320910873923,2
ftsKp1,20,2,1.8348898448805484,0.978089282178571,5.925294071254482,6.821071594155961,2
kbpp4,5,2,1.8348307857511594,0.8924390395217789,5.940781777563327,6.890157021381837,2
rdlDp,31,2,1.834822585490716,0.823172235485189,6.047883289270359,6.971128948867762,2
yahC_predicted,39,2,1.8347112303542454,0.7537762117835545,6.098342407210373,7.020740702056939,2
ssnAp,38,3,1.8346738428659308,0.7347347805094875,6.085801857898875,7.016898210868995,0
tolCp3,38,3,1.8345158461088604,0.8561477832829834,6.078998641488659,6.904935321234268,2
hdeAp2,25,2,1.834301609508208,0.7829223292388623,6.046119201058897,6.948611149717239,2
mprAp,6,2,1.8342558646611964,0.9581756973022446,5.723990092425833,6.780508356857383,2
yadG_yadH_predicted,2,1,1.834070167857072,0.540560245200744,6.08810152079289,7.13971716141821,0
dgoRp,7,2,1.8337504610471138,0.7014600584859134,6.058950416511848,7.016381285092427,0
acrAp,6,1,1.8337264193374343,1.0434701400813142,5.9607140490101145,6.776149887371681,2
lpp,8,2,1.8336335483240693,1.2065462123561668,5.963735000680524,6.67888516088039,2
sohAp,21,1,1.83356450790695,1.2368317182312034,5.849891363898164,6.643618339202345,2
dinQp,5,2,1.833303184074938,1.2461118622087695,5.932969603689797,6.5878255989352485,2
yagB_insX_yagA_predicted,4,2,1.8332889553557816,0.8903268050360702,5.899285424216917,6.886917799367665,2
TSS_18061_regulondb,38,3,1.8331405932739724,0.7218880745494173,6.0584348513913255,7.042682922018239,0
ybaY_predicted,17,2,1.833104899029746,1.1681059455617282,6.002184040520516,6.737966977760571,2
yahL_predicted,37,2,1.8330121961610584,0.6930478489121824,6.046064008178336,7.034113850395654,0
recNp,35,2,1.8329869981758118,0.998666888728854,5.988454728893304,6.768052322404817,2
mcbAp5,8,2,1.832925959291181,0.7450157492467913,5.89751891282417,7.003789766898383,0
uofp,31,1,1.8326391182749775,1.1111505859235893,5.974989405848541,6.6731145026219245,2
yadN_predicted,32,1,1.8325322780088495,0.7135941678370397,5.862679152475764,7.005113800659134,0
znuCp,21,1,1.832252776457245,1.0300626061990723,5.966677828687464,6.78185738006596,2
zapB_predicted,10,2,1.8319680253939628,0.8791346444495488,5.850665542763446,6.809669887928588,2
crpp2,36,1,1.8319647289066332,0.7294501958996411,5.895167743755227,6.9764434181018995,0
ygeX_predicted,40,3,1.8319614886536095,0.6095290847507664,6.005246616868451,7.093198632195612,0
mhpRp2,14,3,1.831952070480398,0.9085572123478698,5.965764537890998,6.876928754624255,2
gatZp,4,3,1.8319141753317507,0.6588559562942303,6.01012246116463,7.064038197137559,0
tolCp3,33,2,1.8318770988830133,0.8686722873053816,6.019720056566184,6.885873309842497,2
lppp2,1,2,1.8318210618644646,0.6912582679327794,5.881691910815497,7.002656116412904,0
lppp2,2,1,1.831730529072772,0.7165055475174386,6.04300723827712,7.01806615064317,0
tolCp1,17,2,1.8315903464374779,1.0978077929248449,5.9634840065456265,6.72207846128843,2
lpp,29,1,1.831439281971792,1.0497359237628754,5.932414516001904,6.745359661521354,2
relBp,4,1,1.8313909034269538,0.8774632842814993,5.974450546551351,6.88546223902348,2
sohAp,6,1,1.8312998151144506,1.3140339642170709,5.993749716255819,6.651284876127751,2
cpxRp2,9,1,1.831291503316901,0.7044697399332526,6.08525280456198,7.055533103611103,0
araBp,39,1,1.8312359085555587,0.6014987548057049,6.138040918246402,7.1001481328837475,0
recNp,6,2,1.8312217533410498,0.9719489576520746,5.983307956080278,6.773357149621346,2
rcsDp,23,2,1.8312198829486805,0.8663469269149247,5.907683011590166,6.886588223132682,2
yncEp,23,1,1.8311400896678252,0.9005840865437046,6.066179352970825,6.921103522314309,2
zapB_predicted,37,1,1.831082727780663,0.8606323307674536,5.857308693288689,6.817019362675663,2
crpp2,18,2,1.8308085639393772,1.199202369773502,5.896598136986611,6.647424638401712,2
yacH_predicted,17,2,1.8308016314776852,0.7186256361876724,6.014683389526764,7.024371914697303,0
ssnAp,11,2,1.8306508751682382,0.712526453836047,5.984460849702989,7.026999923682386,0
dgoRp,38,3,1.8306089014213844,0.7676578762415495,5.999510750518801,6.960926551920731,2
lppp2,22,3,1.8304488971511073,0.5857577197812115,6.028793085780738,7.0988132543721605,0
ompRp4,4,2,1.8304039902865956,0.908947260695505,5.9315374244434835,6.851774647841481,2
lpp,12,2,1.8303973823822268,0.9464712683660722,5.887414143718999,6.8102327238576,2
yadE_predicted,7,2,1.8302923545044145,1.3789466596339186,5.884704474317241,6.475901043396545,2
recNp,39,2,1.8302830558701404,0.9171801958631629,5.929613552927162,6.816864357618957,2
tmaR_predicted,13,2,1.8302616636992666,0.9046837850170468,5.948676340923154,6.863214410324954,2
ecnBp,9,1,1.8302610199230949,0.7006701322060479,6.085992801555822,7.050303847007237,0
kbpp4,31,3,1.8302424665460528,1.0684164850719657,5.825282847363313,6.742723556161376,2
zapB_predicted,12,2,1.8298012699534763,0.829079988663995,5.878786547740309,6.851169296947153,2
sohAp,18,1,1.8296051730230045,1.2541448910658228,5.875202445855977,6.641681495705635,2
recNp,10,2,1.8294546870320265,1.0589272173012048,5.9448869786494445,6.707679537451046,2
rcsDp,19,3,1.8293935612545,0.7252451549621026,6.03916333738221,7.019520594252146,0
yahL_predicted,13,2,1.8292555288689683,0.7141677182279126,6.045145662851314,7.017643926768475,0
xylFp,2,2,1.8291202895624847,0.7795819058242047,6.066386232989384,6.970847957911214,2
xdhAp1,2,1,1.8290733997075146,0.5662779262781541,5.8266162180339744,7.090035081435808,0
ykgRp,4,3,1.8289251667921724,1.017886811132024,5.949297319205908,6.770633053572777,2
ygiW_predicted,7,2,1.8288117095926522,1.2580194306395258,5.952893060561238,6.648310040940286,2
TSS_1414_storz_regulondb,33,1,1.8287846706768074,0.8184823668850444,5.941269822513671,6.924672197721859,2
rcsBp1,13,3,1.82878200343836,0.6694738602556265,6.049999544519182,7.065359535831871,0
kbpp4,1,2,1.8284929019885223,0.8423513322101115,5.9358969030194,6.923442387984471,2
tolCp3,8,1,1.8284250946583587,0.8203157428930642,5.966148179607277,6.893483461892041,2
yacH_predicted,41,1,1.8281789991108657,0.8123833386437943,5.971784933724297,6.968233827231811,2
mprAp,1,2,1.8281233341259522,0.9992171976465998,5.733408929124032,6.749859919692677,2
ftsKp2,41,2,1.8281121212566707,0.7695939176675619,5.999394119140124,6.975874864563267,2
yacCp,1,2,1.8279449186789767,1.1288725338465992,5.925254027997118,6.701357724618248,2
hdeAp2,19,1,1.82790976621462,0.7396367656763176,6.10163590502687,7.024910508347186,0
TSS_1414_storz_regulondb,5,2,1.8278949961054305,0.8290622223319974,5.972153396976194,6.92658179051636,2
crpp2,37,2,1.827884595534265,1.1563745787907362,5.8456629934067275,6.669515193134926,2
tisBp,30,1,1.8275379924536563,0.9626779010395609,5.862751202662128,6.810542750117731,2
yahC_predicted,30,2,1.8274900687062692,0.824648302496632,6.131750414948217,6.997373148956788,2
mhpRp1,33,1,1.8274540732904934,0.7519428756826974,6.078182102846572,6.993471386706107,2
cusCp,35,1,1.827213807771089,0.6869095932914288,6.105163555329254,7.0517410094685165,0
kbpp4,1,1,1.827142318299053,1.0314447686112045,5.872134304825016,6.759271263221418,2
yadI_predicted,9,2,1.8270773542379124,0.7096360294801827,6.043124514242638,7.034497501308028,0
acrBp,18,1,1.8269182975312515,0.7682801806006239,5.8624185657356875,6.912535661383265,2
yagB_insX_yagA_predicted,41,2,1.8268140640963169,0.9664892815564218,6.008919266323289,6.836758985649787,2
mhpRp2,3,2,1.8266923393931151,0.7539129752945931,5.795252147365714,6.928093609561937,2
sohAp,19,3,1.8264023088817363,1.2524813898398182,5.881550092255511,6.66720129342126,2
lacIp,40,2,1.8263699369575632,0.9699034817992793,5.999165778256213,6.831253656888508,2
crpp2,35,2,1.826217072665782,1.1962184316612965,5.871644687935589,6.626287003085162,2
zapB_predicted,18,1,1.8259724460798157,0.9147129209142477,5.8602390336974155,6.795097034981154,2
yadE_predicted,35,2,1.8259127835248579,1.1690751820981082,5.879520359022154,6.637884135799004,2
TSS_1414_storz_regulondb,32,1,1.8257474959346305,0.8065467279913202,6.016329990904863,6.931203685427379,2
ygeX_predicted,41,1,1.8251245373669314,0.6673331434334836,5.895662201704831,7.061153574673428,0
TSS_1414_storz_regulondb,28,1,1.825092999854957,0.8218556994859878,5.963430692171784,6.911798383707193,2
ybaY_predicted,10,2,1.824938838721702,0.9569148319503004,5.931618273555436,6.818049871663804,2
blrp,28,1,1.8248292530714993,1.0680964704341231,5.834940506123229,6.685042315978183,2
ftsKp2,4,3,1.8243167054578173,0.7589659329588784,5.867673363429917,6.966258817070502,2
dgoRp,12,1,1.8243053087729193,0.8959049228614787,5.979912227914424,6.880517547849087,2
tolCp3,35,1,1.8243038532885085,0.8461700759135469,6.1213020024767895,6.9549418908620115,2
blrp,41,2,1.824237316262243,1.1395737066898557,5.9128607938595215,6.672889186371419,2
icdC_predicted,40,3,1.8242173196701428,0.6863306710380781,5.992766334052925,7.043380931768997,0
blrp,39,1,1.8234452972225341,1.0589727209178492,5.9373509323164235,6.719920142880889,2
acrAp,36,2,1.823196620291614,1.0141954708452932,5.964242911065455,6.7534361452855585,2
lpp,31,3,1.8228783382348142,0.9612307033597532,5.856905227917085,6.777547085406301,2
TSS_6311_regulondb,32,2,1.8226754299960235,0.7173733207036426,6.042601208398745,7.056110327890504,0
xylFp,34,1,1.8226316996751577,0.6571779516337058,6.178181429548611,7.0692352060932,0
mhpRp1,21,2,1.8225832557765742,0.6771096442558335,6.096153105175374,7.059859522334651,0
uofp,13,1,1.822507423350142,1.1248530171547118,5.943639698235486,6.714182603356187,2
mprAp,33,1,1.8223711282955855,1.0453666403480804,5.798950568901274,6.701927685646005,2
dinQp,18,2,1.822016569070382,1.2093796282623936,5.920271577428126,6.61516542625179,2
araCp,40,2,1.821939835687982,0.9718336716723246,5.940977826799966,6.834275788290105,2
lpp,41,1,1.821925681840802,1.0582707665912714,5.8566305314687455,6.688761795728205,2
acrAp,19,3,1.821637974497952,0.9852567467231756,5.919819405395447,6.79286643667087,2
yjbJ_predicted,23,2,1.8214758907967263,1.1538361212453345,5.948084049956977,6.716481471566947,2
rcsDp,21,1,1.8212984846833902,0.9364734770670039,5.91912048464852,6.85323031657404,2
lppp2,29,2,1.8212959364396037,0.749360749454136,6.1406709468736445,7.033182758353208,0
zapB_predicted,14,2,1.8212649167634098,0.8419966361734144,5.836983014951722,6.8289806229487064,2
furpb,20,2,1.821150263303907,0.8756796278381683,5.958541890332182,6.880473649156275,2
yadG_yadH_predicted,14,2,1.8211232684785643,0.7818055317962883,6.054962118662794,6.959560788786031,2
rcsBp2,13,2,1.8210605657739225,1.0711771305082227,5.97465634767818,6.749346853452778,2
lacIp,37,2,1.8209915659173448,0.8322978729950526,6.169370803264346,6.963710598597959,2
TSS_4655_regulondb,15,3,1.8208843188456365,0.7163555401634675,6.086567343028027,7.027701403771179,0
gatYp,33,2,1.8208763243668928,0.7281062478158942,6.079924660693351,7.0031485440242776,0
crpp2,38,1,1.8203564084729658,0.8833934729913316,5.978396185553757,6.892627044286509,2
ygiW_predicted,14,2,1.8203164057824235,0.7612233579104107,6.111232113286219,7.001920498827932,2
tolCp3,15,3,1.8195843458510914,0.6248717996756895,6.08423260247489,7.070792849721175,0
recNp,11,1,1.8195635820133256,0.933560255315889,5.983119974732672,6.8161450914719355,2
zapB_predicted,30,1,1.8195435853766277,0.9590719626873161,5.912615696169141,6.857348803223818,2
rcsDp,29,1,1.8193355717395967,1.0923865734726166,5.860944616531054,6.764271630921282,2
rcsDp,39,2,1.8193306038724428,1.0817911795044806,5.996102095642116,6.805122026301886,2
mglBp,2,2,1.8192385232017358,1.2101376622222384,5.837808662731158,6.51782559340063,2
sohAp,24,2,1.818895864285169,1.226280459474275,5.9207910683424885,6.686018042564101,2
rdlDp,15,3,1.8186483868795087,1.0238004989090717,5.974250582566822,6.795770219817419,2
sohAp,6,2,1.8185941185284764,1.2116037068715269,5.968988837400635,6.694527530932872,2
xylFp,15,2,1.8183992725302087,0.7696482396501104,6.076360133446029,6.998237272202985,2
gatZp,5,2,1.818395392527351,0.6846534199010365,6.096912247490756,7.052607173655337,0
tolCp3,9,1,1.8182407717903464,0.9704616420827634,5.976181717517252,6.806429022034065,2
rcsBp2,32,1,1.817693375769649,0.994524704538282,5.987670647660141,6.8431573881735,2
yahL_predicted,39,2,1.8176705329938272,0.780783870428199,6.098088086745488,7.00334009497742,2
yacH_predicted,35,2,1.8175706404062892,0.7011028561200462,6.041583162849708,7.023884957001481,0
yadE_predicted,8,1,1.8174835651391077,1.3072301286426882,5.886013714151833,6.527419405422325,2
araBp,16,2,1.8174534284558401,0.7191071923467682,5.972462120387272,7.0090735400577735,0
crpp2,9,2,1.8174193536742533,1.0773583518434275,5.84661082358578,6.74627931991802,2
mhpRp2,3,1,1.8173150841926349,0.6881195609609673,5.853129351244059,7.000197984583253,0
mcbAp5,11,1,1.8171971113501597,0.6471943112048584,6.086542846247184,7.064672485592507,0
yjbJ_predicted,21,1,1.8171093573847252,1.0491785078841571,5.966217569042089,6.792707300586296,2
ompRp4,37,2,1.8170778806757284,1.0471768714483785,5.8950624651535914,6.753678252571448,2
mglBp,18,1,1.8170011541103979,1.0025036931532458,6.02568598390478,6.73415012584703,2
tnaCp,2,1,1.8169349871228404,0.912083804261957,5.9328354528694645,6.840598429907859,2
yahL_predicted,40,2,1.8169307044235206,0.7652862782382299,5.918623444482066,6.9619270720487165,2
mhpRp1,12,2,1.8169228115049163,0.7451159402052869,6.037478341626304,6.993711888149479,0
ompRp4,18,2,1.8168113235466032,1.0047380767194478,5.9652885221163405,6.790756306586325,2
sohAp,32,1,1.8166208132847765,1.1812744367215795,5.9681740295649774,6.7246998916417535,2
tolCp4,17,1,1.8159923541758212,0.7555713585207474,5.944695005245535,6.941325011745471,2
xdhAp2,40,1,1.8159174240539615,0.6417403445659935,5.880326180383572,7.048040332892511,0
yadE_predicted,40,2,1.8159126482564254,0.8559094589343326,5.970364815941329,6.917765346997558,2
rcsDp,6,1,1.8158817598522805,0.8007033310626126,5.980184446958121,6.954595913906369,2
lpp,34,1,1.8158502652712627,0.9851250734732806,5.922342764890828,6.776739685215919,2
tolCp4,16,2,1.815533201511853,0.9193190492819703,6.006237313642401,6.876863262353513,2
xylFp,13,2,1.8153852690326648,0.7242020614709787,6.142841126622791,7.026691192410512,0
lppp2,35,1,1.8153317904327462,0.7119896873064517,5.914461985676224,6.998170920853801,0
elaBp,39,1,1.8152998344802933,0.8464219953446053,5.97157613522754,6.908852119849008,2
yadG_yadH_predicted,13,2,1.8149278469544912,0.661329061764701,6.0692187542992,7.0662092351539645,0
ghoSp,6,1,1.8142502687205213,0.7992906504181296,6.136225250198239,6.968347961086635,2
crpp2,20,1,1.814240004546298,1.0943605152033902,6.021235381971315,6.757875050051455,2
TSS_18061_regulondb,6,2,1.814222232484542,0.8659759523533987,6.112522717886163,6.943350688936833,2
recNp,21,2,1.813957053845558,0.952894475787136,5.908523947856378,6.794912146045803,2
recNp,32,2,1.8139017342269044,0.9698512739155866,5.987685729934989,6.781925843368669,2
yadG_yadH_predicted,15,3,1.8137195731155589,0.6873131295271314,6.018001049181191,7.047970759121607,0
ompRp4,5,2,1.8135773171386942,0.901926230624158,5.992416491372897,6.867730030000118,2
ybiY_ybiW_predicted,33,2,1.8133538891329632,0.8107812407800523,6.081805850835952,6.981326643995536,2
ygfKp,8,2,1.8128978436281367,0.6853704741253596,6.2611229947920854,7.0486003508382975,0
pheMp,19,1,1.812612423608196,1.095241618674563,5.987123581400388,6.766025588481126,2
yahL_predicted,41,1,1.8124607180874779,0.6860974222022331,6.003783222460518,7.0327551139594995,0
tisBp,22,2,1.8123508516116331,0.8659764647032628,5.953643272974744,6.890379297289659,2
yadE_predicted,38,3,1.812294141250087,1.138007356026787,5.883284411620906,6.68469331388876,2
aceBp,22,2,1.8121967520967712,0.8774780190249701,6.008643351584133,6.898777607707593,2
ftsKp2,40,1,1.812166453583006,0.8427989788020414,6.051411261159897,6.941256056832792,2
tabA_predicted,10,2,1.812145521246428,0.7422426163208866,6.052639081560332,7.010745572317326,0
kbpp4,18,2,1.812008333187293,1.0052521384619477,5.93170907877716,6.783440039172671,2
zapB_predicted,21,2,1.8118683322532267,0.8125391343126362,5.8793075437299525,6.877455128697339,2
ymfM_beeE_jayE_ymfL_ymfR_tfaP_ymfT_ymfN_ycfK_ymfQ_predicted,34,1,1.8116927108342225,0.6907287476063183,5.993811988770065,7.024953726051567,0
lppp2,25,1,1.8116508536407736,0.8297507321482674,6.130606900077286,6.971571881805127,2
mhpRp2,7,1,1.8113522650228746,0.9225906658191988,6.063633632675899,6.89092805679425,2
mglBp,13,1,1.811271412297407,1.2566080262780555,5.79431460499176,6.451310432640955,2
ompRp1,16,1,1.810998715466507,0.7897778953014023,6.063905857013157,6.988622799779986,2
mhpRp2,28,2,1.810777149611569,0.6637305912306409,5.907346004157779,7.018007674958075,0
tfaE_stfE_predicted,10,2,1.8107613896620054,0.6506306436160597,5.945808310881154,7.077136899401287,0
rdlDp,29,2,1.810363388931021,1.0226864196038306,5.861097628445423,6.793795273910893,2
rdlDp,3,2,1.8097682993268063,1.0264586025679627,6.024628562615066,6.800702214680038,2
TSS_1414_storz_regulondb,9,1,1.809407151869696,0.8549844894576538,6.062931056583761,6.908551632829068,2
pheMp,24,2,1.8092917585839279,1.0572591875142678,5.942894236071913,6.7587093851502775,2
rcsBp2,20,1,1.8088039384302868,0.9743149189512041,6.05219655568925,6.83270669309996,2
dgoRp,13,2,1.8087576995181858,1.0833046727821785,5.9987544942212345,6.751221253118947,2
xdhAp1,8,1,1.8085355018272684,0.6852129670658186,6.107042587001892,7.037648985683885,0
rdlDp,4,3,1.8082019056374352,0.9919342410290107,5.949355378959104,6.815089413372611,2
ompRp2,14,2,1.80813748396426,0.8885428850813883,5.913641119583078,6.854769693807189,2
tolCp2,20,1,1.8079366511031356,0.9457645630965612,6.032540194514235,6.8771278630953665,2
mtnp,39,1,1.8078161065948681,1.0497135465481806,5.937928673623447,6.798274665344557,2
kbpp4,11,1,1.8077992535568914,1.0029003313045235,5.846685708566378,6.777629471168803,2
ygeY_predicted,14,1,1.8076155135780414,0.5836955829211851,6.082895798644077,7.120108358848738,0
ybaY_predicted,18,1,1.8073960893997112,0.8317880247391213,5.926722454177289,6.9234081069793305,2
kbpp4,39,2,1.8073599266944536,1.0244581605830918,5.821831932490154,6.76941638578809,2
ompFp,22,2,1.8071435482916525,1.1190891609339728,5.912041210943204,6.709219324082154,2
marRp,22,2,1.8068361939595265,1.1749200211027127,5.945965351140759,6.641444777924097,2
yadL_yadM_yadC_yadK_predicted,8,1,1.8067653660007568,0.7696817516555783,5.985739153898929,6.945317561248194,2
acrAp,8,2,1.8067044756965382,0.8617722514214949,6.049249489586277,6.886637514035228,2
xylAp,24,2,1.8066291953211908,0.6697743380299848,6.093900865410188,7.07015144130539,0
rdlDp,3,1,1.8064310160527868,1.0039232237963736,5.973114748726681,6.815003407841634,2
crpp3,13,2,1.8063010536934423,1.1307100546324584,5.919394868894728,6.644589230873615,2
mtnp,5,1,1.8062139369964874,0.8955655896933205,5.937719777094639,6.879597178039462,2
rcsBp2,7,1,1.8061615593443174,1.137092236446654,5.986202795638729,6.655819511678582,2
tnaCp,2,2,1.8060877215333166,0.9657812671362114,5.885084360151294,6.791249936082098,2
xdhAp1,8,2,1.8059751943627187,0.69861968896527,6.036284842585529,7.002392430834225,0
ygiW_predicted,10,1,1.8059648349992914,0.6335577679981049,6.0062812898496345,7.079685564527078,0
mprAp,35,1,1.80549979443633,0.9640482360757072,5.801455194010579,6.782128492826616,2
lpp,8,1,1.8054135581486193,1.1330849206759201,5.930744063382063,6.710406456725197,2
zapB_predicted,1,1,1.8052986470459194,0.9520117475933279,5.899586453559848,6.776989023038918,2
mprAp,34,1,1.8052761120236078,1.0564235788909138,5.764281973513247,6.694279925966665,2
mprAp,23,1,1.8051513116539502,1.0211366716778112,5.714739709049352,6.722421463869377,2
acrAp,31,3,1.8051072345709214,1.0658889168917118,5.913733117211502,6.723566034315578,2
yadE_predicted,3,1,1.8050970296131186,1.0204961770146221,5.997231446197709,6.808431708829975,2
yacCp,19,3,1.8050772851336696,1.1703940041246854,5.934678298480481,6.676837059219416,2
lpp,35,2,1.8049182175593645,1.0733825087312105,5.908948051733332,6.716301038935288,2
zapB_predicted,9,1,1.8047429095136034,0.799052883904663,6.099254898329251,7.015884827163577,2
TSS_18061_regulondb,31,1,1.8046720694173468,0.8215891854030903,6.1169516261286,6.995061771505842,2
blrp,34,1,1.804607026608353,1.1586605499151126,5.923838891632863,6.662106589217841,2
crpp2,15,3,1.804256479465219,0.7724215289159777,5.874064368603726,6.971162316381504,2
dinQp,2,2,1.8042509253990706,1.0022723357574375,5.918989504223941,6.78565370727948,2
recNp,36,1,1.80402145084546,1.0298021289158634,5.958140876551415,6.782993436160913,2
acrAp,6,2,1.8039924687159143,1.0610177501428486,5.986762035336849,6.740429608648511,2
ygfM_xdhD_predicted,37,2,1.8039868543137694,0.5895167236187835,5.932870003031804,7.091826949994692,0
ssnAp,36,2,1.80389166906858,0.7887397091921902,6.063273441480774,6.9981318562295645,2
xdhAp2,37,2,1.80371099079626,0.6795204507466269,5.912865649267008,7.036133956869315,0
dinQp,19,3,1.803581843125603,1.1752445727466478,5.93567255927885,6.645076394455191,2
zapB_predicted,40,1,1.8034617395798762,0.9170262976434462,5.874738874018014,6.786475636336339,2
yahL_predicted,9,2,1.8033502909662185,0.6792995443777986,5.982434733701178,7.014040110114771,0
zapB_predicted,18,2,1.8030469088218382,0.9036340728532715,5.838753616951106,6.788610784485327,2
mglBp,30,1,1.8029119130279319,0.6650213415070101,6.108900853674903,7.0456546168033425,0
mprAp,2,2,1.802846262736596,0.9771108298167261,5.800189020643959,6.782941399242965,2
tabA_predicted,23,2,1.8025597684761094,0.7005986782454185,6.114701552732894,7.045117602291997,0
mglBp,31,3,1.8024723838265782,1.0048258873108822,6.004271980470444,6.755873461818037,2
yacCp,39,1,1.8024599006672957,0.961128540121103,6.034259210939242,6.885971966685687,2
crpp2,28,1,1.8024505946519818,1.1122063420974018,5.862393335847859,6.71016723536105,2
crpp2,37,1,1.8023878537620657,1.1585325077144286,5.883520575855896,6.662155029669,2
zapB_predicted,8,1,1.8023536971329293,0.8105676914741405,5.877109938316182,6.870913769689602,2
mglBp,2,1,1.8023443984503764,1.238346761904394,5.825540799485522,6.504495588549619,2
mhpRp2,37,2,1.8021763412326188,0.6674760116317047,5.926295237336259,7.030788848067046,0
icdC_predicted,32,2,1.8021120710238507,0.667217536574171,6.026185949363473,7.057189749009316,0
ygfS_ygfT_predicted,37,2,1.8020642229903552,0.8257891055012887,6.109030177573702,6.966197353834607,2
znuCp,19,3,1.801954971128209,0.8848275658451026,6.060544428445963,6.920436116807556,2
rcsBp1,8,2,1.8018695650398528,1.0435792048321784,6.013704695086606,6.820914664047161,2
mtnp,8,1,1.8015536823859601,1.0391108015030461,5.931773261405467,6.763495823510082,2
sulAp,31,2,1.801519908564478,1.0590550025647094,5.882818025938793,6.739697806092948,2
uofp,12,1,1.8013539018676814,1.1502251729425423,6.001106142945518,6.697693235409746,2
crpp3,37,1,1.8013158158513558,1.1182225960225243,5.871625541698024,6.650420154785082,2
mtnp,22,3,1.8009283986423064,0.8517250790875586,6.0178559856125675,6.900400132293551,2
mglBp,1,2,1.8008268048892464,0.9105670556596955,6.0709475428186765,6.840148269993653,2
xdhAp1,33,1,1.8008031793548307,0.6158006829513413,5.759303918253969,7.0492716430235225,0
ratA_yfjF_predicted,14,2,1.8006654156195125,0.7951989083300484,6.019916667233479,6.950017052072729,2
xylAp,39,2,1.800576923038996,0.7333135673138917,6.014417469442943,7.0272817313270375,0
gyrAp,17,2,1.8005526574201633,1.0338440963024482,6.052572432627825,6.804190610342414,2
rcsBp2,3,2,1.8005167808808609,1.0273935726254033,5.962598868466926,6.802415388609591,2
ygeX_predicted,15,3,1.800351091489848,0.6420131473904532,5.98404348173654,7.044412967030758,0
araCp,22,3,1.800141819113764,0.9266784997055326,6.011770731743445,6.851661854324463,2
tolCp3,14,3,1.8000928961426612,0.6185017131783793,6.098454041299046,7.091648263484583,0
lpp,33,2,1.8000224358478183,0.9817747504105486,5.935312774167517,6.77844567136949,2
yahL_predicted,12,1,1.7998844766917441,0.7323059733941134,6.069114134058388,7.00167050000835,0
tmaR_predicted,40,2,1.7998226401530708,0.8687770046592839,5.993015008562084,6.891998337287486,2
crpp2,32,2,1.799699965809412,1.123414312219711,5.897797999077557,6.7095333085877344,2
crpp2,3,1,1.7996360362602546,1.1466532623952153,5.922175704193517,6.710860032911214,2
rcsDp,6,2,1.7993065746735397,0.9242834468569635,5.879472294061663,6.870924325264914,2
lpp,11,1,1.7992550501907076,0.9921119430170606,5.958392817260611,6.803317794369385,2
ompRp3,9,2,1.7990976879747207,0.8554460769321715,6.0098612965926455,6.886939283830528,2
yqaEp,10,1,1.798829441550213,0.7247100340448859,6.085149181877208,7.034861337984771,0
lpp,10,2,1.7987679144619142,1.085651922208717,5.945901170703005,6.704114425446749,2
znuCp,13,1,1.7986365067441794,0.971043642689854,6.003531296032815,6.829490206575587,2
zapB_predicted,15,2,1.7983026629145011,0.7618363360387111,5.886245827025066,6.919540434223872,2
dinQp,30,2,1.797899588078297,0.9384767608786608,6.0017601801536244,6.831337898989807,2
recNp,34,2,1.7976430647450024,0.9246980016753993,6.008318229805831,6.828018645696115,2
acrZp,28,1,1.7975461692385692,0.9673201494614616,5.992138129365114,6.800577473595298,2
fldAp,19,1,1.7973084270372555,0.9447215334496138,5.932032109642945,6.855110885855915,2
rcsBp2,36,2,1.7971414091991704,1.0566159698613304,5.947137902487926,6.73925504157252,2
dinQp,31,3,1.7971091460285056,1.0899365420176481,5.965022934572181,6.733253660089849,2
TSS_1414_storz_regulondb,3,2,1.7971010950169952,0.8633540555607783,6.023528881176555,6.899400282181206,2
ygfS_ygfT_predicted,23,1,1.7970311817828342,0.7342667337387079,6.093686881059008,7.000917556051437,0
lacIp,13,1,1.797013236487662,0.8722643273212242,6.0072510429126575,6.893328788204935,2
hdeAp2,20,2,1.7962773457563015,0.7330302025650901,6.109544449679537,7.004552160741434,0
xylFp,2,1,1.7961020052639582,0.7209807361974714,6.143234290455945,7.015754263615218,0
araCp,11,1,1.7960023200651378,0.9189814983020484,5.979127855527118,6.875579188740179,2
sohAp,40,1,1.7957911345371622,1.2880802466854413,5.9173971540838055,6.615888750578377,2
ybaY_predicted,38,3,1.7957897024753704,0.9099611222596511,6.022087778804216,6.885810337899443,2
crpp3,5,2,1.795397551522477,1.0353126564794224,5.964790644060322,6.7333046099252005,2
lpp,16,2,1.7952348111025878,1.0645888700029893,5.957547044367503,6.757696629516033,2
crpp2,32,1,1.7951245706759575,1.138408853101755,5.966915813504715,6.7024150819819495,2
mprAp,22,3,1.7949131796901872,0.7809218282607361,5.9067503598930555,6.964031693658876,2
xdhAp1,40,2,1.7948696578954415,0.5778560545955115,5.926513336768861,7.106660949864795,0
yadE_predicted,29,1,1.794678102042341,1.0472440758846402,5.875883075131297,6.724395698283319,2
recNp,38,1,1.7943350881623004,0.937443067110806,6.019348915613229,6.848199435166505,2
tmaR_predicted,31,1,1.7938590783271213,0.7560150534518114,5.962753585193099,6.986391031351987,2
recNp,16,1,1.7937944235589982,0.7072552545922776,6.069537803374999,7.026552260697333,0
araCp,14,1,1.7936599368079624,0.9990764212006141,5.9407207212705115,6.809786561708478,2
zapB_predicted,13,2,1.7936502230792126,0.9022978162267755,5.863666901999643,6.785508956582914,2
yadI_predicted,23,1,1.7936008051430063,0.8000990823385413,6.174320136349827,6.969198444122714,2
cpxRp2,38,3,1.7934912867729125,0.8182657072115784,6.008156364875803,6.936398913931027,2
ygfS_ygfT_predicted,5,2,1.7933615612542344,0.5982249563148844,5.92863693080872,7.075943860577483,0
zapB_predicted,34,1,1.7933613448521484,0.8939889975868885,5.902331018409559,6.797915329697096,2
ymfM_beeE_jayE_ymfL_ymfR_tfaP_ymfT_ymfN_ycfK_ymfQ_predicted,15,2,1.7932847608796343,0.6396660110809745,6.135217238947357,7.072050911541091,0
xylFp,35,2,1.793264761395582,0.6802032547359774,6.154875416502673,7.053648873479014,0
uacT_predicted,4,2,1.7930340090004873,0.6744899169324963,6.045568157836076,7.038828718473831,0
TSS_1414_storz_regulondb,36,1,1.793001310800476,0.9044793945895172,6.041400829511119,6.88906463193167,2
galSp,37,1,1.792985238010308,0.6035214474175817,6.059244850182966,7.093643812405763,0
ldrDp,32,1,1.792783702246416,0.6205792832387493,6.11077805284315,7.105059113037714,0
dgoRp,23,2,1.7927783530344161,0.7568051857400322,6.030560321283092,7.0086080316289285,2
rcsBp2,2,2,1.7925669211144257,1.0520226706700142,6.036245706136214,6.803187145969694,2
sohAp,30,2,1.7924285528985742,1.2712676423123654,6.03874630945634,6.677435793017973,2
ybiY_ybiW_predicted,23,1,1.792229077892696,0.6208752941225457,6.054529641489125,7.090896875994139,0
ftsKp2,7,1,1.792225591451405,0.5750282129382982,6.007200003370269,7.1014689222450444,0
sohAp,38,3,1.7921625675334214,1.3022698118745326,5.990216408619783,6.653726237305779,2
xdhAp1,6,1,1.7921165651347495,0.6943770842999204,5.853055247369722,7.003310476519089,0
uofp,35,1,1.7920649152133723,0.9887069071655625,5.943354772361424,6.8109174025836765,2
tmaR_predicted,40,1,1.7919764761633221,0.9193330716961031,5.983343794267126,6.8422664668658975,2
crpp3,6,2,1.791729623623756,1.1272894813113694,5.908241733891057,6.687810467727748,2
icdC_predicted,13,3,1.7917211168724623,0.6728925612473318,6.019145120558774,7.0435592781568115,0
tolCp3,4,2,1.7916012448749927,0.8333212431355839,6.0647278074008595,6.935790184544002,2
mhpRp2,20,1,1.791370280754298,0.6784953830941873,5.875191922119217,6.996703597710132,0
tfaE_stfE_predicted,39,2,1.7913288323718637,0.6355267919340287,6.060830180687582,7.071559559114238,0
rcsDp,22,3,1.7913279649692408,0.5905271557885637,5.99836768842099,7.091012941612058,0
uacT_predicted,29,2,1.7912361744461038,0.9996636759716435,6.02190946009028,6.889669050336403,2
xdhAp1,5,2,1.791194347788939,0.7175889733895584,5.948391046893169,7.012584774498002,0
yqjE_yqjK_yqjD_yqjC_predicted,6,1,1.7911841539999636,0.9352058220930467,5.924940796875114,6.858827531435406,2
acrZp,22,2,1.7909995053790166,0.9229738539996386,5.981311688418835,6.837631425174839,2
yacCp,3,1,1.79090844991609,1.1167526914251367,5.970486576433826,6.7070502130009055,2
yahL_predicted,20,1,1.7908615809518897,0.6727720992471086,6.059882108489138,7.059250517405804,0
recNp,6,1,1.7908462997492298,0.9783559189736827,5.93316345785082,6.7815243929508116,2
ftsKp1,24,1,1.7907546647404322,0.7858334846746244,6.039944593837575,6.991885568002889,2
dinQp,6,1,1.7907307953329072,0.9952230378409525,5.938513651367265,6.765793781453491,2
lppp2,1,1,1.7906567157086033,0.6883789775636026,6.159230031880142,7.038050874112468,0
dinQp,11,2,1.7906384471116228,1.012728774653651,5.965839606099753,6.77940428402861,2
elaBp,31,1,1.790315277287477,0.7643096250637584,6.026001099572413,6.97471779870946,2
TSS_6311_regulondb,23,1,1.790251764225317,0.6676921389456627,5.985154324879062,7.042417092288929,0
yadE_predicted,37,2,1.7902182727840383,1.0830607583549863,5.934459635707281,6.747551148495466,2
zapB_predicted,1,2,1.7901464009181651,0.8414659936797273,5.871701601725455,6.841503601540716,2
mhpRp2,8,2,1.7900796280987952,0.988994384290479,5.9814545362209,6.8130804885808285,2
acrAp,25,1,1.7898174085249656,0.7230067916191809,5.957078901005622,7.009994936864396,0
mhpRp1,14,2,1.7897187845953317,0.7461149416509874,6.041956400993171,6.988592470362002,0
araCp,1,2,1.7896961183386526,0.9018348671123713,5.998861665049718,6.875451682978989,2
tolCp2,7,1,1.7895353006143428,0.8086629715528479,6.067935619216041,6.969262114819246,2
yqjE_yqjK_yqjD_yqjC_predicted,13,2,1.7894173269959113,0.8742859706411056,6.066553024075862,6.933269975038472,2
araBp,28,1,1.789207851720428,0.7083932582519162,5.997533515150575,7.038226227027874,0
zapB_predicted,30,2,1.7892015304925015,0.8375494610700795,5.868849680517881,6.850222795817295,2
sohAp,19,2,1.789038399834822,1.1936584145384834,6.021052081663747,6.71726351456957,2
dinQp,33,2,1.7890367499699902,1.077144852351427,5.956528091145606,6.70856075639822,2
mhpRp1,4,2,1.7889075552255134,0.6219938180094334,6.031746010932367,7.065155489913147,0
TSS_18061_regulondb,34,2,1.788688081673004,0.6114866243712689,5.965666986137513,7.0875671955323964,0
gatYp,2,1,1.7886214032098064,1.2035125326024665,5.967640369186087,6.602033427877334,2
TSS_1414_storz_regulondb,39,1,1.78854452930629,0.6931203698644284,5.981104848998646,7.037062546702996,0
ompRp2,24,1,1.7884356094627354,0.6878461348472047,6.062904130217333,7.0530853573974674,0
ybeDp,22,3,1.7882957794631156,1.125523325116213,5.859547553548957,6.668839027388742,2
ghoSp,12,2,1.7882339690675222,0.7254202222012495,6.07424832530554,6.993724169049852,0
sohAp,31,1,1.7881366795895912,1.1193039805872373,5.977463917358484,6.738839746407745,2
icdC_predicted,19,2,1.788132414907215,0.6193059482179195,6.020044805988396,7.057380304811003,0
acrAp,4,3,1.7879004885624845,0.9895131860862887,6.024171028148222,6.78835989584706,2
ompRp1,8,2,1.7876498018645257,0.6646622784504417,6.07180064952105,7.038665809220504,0
araCp,2,2,1.7876032690508084,0.9515572028691702,6.039640357976172,6.831776546686799,2
zapB_predicted,11,2,1.787256648235069,0.7592049412968858,5.886652745360775,6.93273620454719,2
ybeDp,30,1,1.7870897596820992,1.0879454895566594,5.902505095730543,6.777730077834397,2
TSS_1414_storz_regulondb,41,1,1.7870583030329898,0.8314942753800694,6.044160709392021,6.934510202886259,2
ykgRp,4,2,1.7870121233685452,1.0030519422303525,5.967576511480722,6.79350084291781,2
galSp,29,2,1.786937069264406,0.6870362152425197,6.081527930387887,7.033237591453373,0
mprAp,23,2,1.7869342913541835,1.0211822577328822,5.752413767626846,6.71465612290438,2
crpp3,31,3,1.7869097508086391,1.1362358734733733,5.871961963789965,6.626513719886508,2
rdlDp,17,2,1.7869010068241644,1.0495511080968432,5.950749625268198,6.798512101674868,2
yacCp,6,2,1.7867622893741326,1.1152752072325376,5.937422879820158,6.674391087492977,2
ompRp3,13,1,1.7867331003584317,0.6158476039922368,6.03747762026199,7.07998344120902,0
mhpRp2,34,1,1.7867289286928045,0.6686844394726055,5.879091746927395,7.011188220258936,0
xdhAp1,11,2,1.7864423977781536,0.6435647831326654,5.8589710540938755,7.051615160983398,0
ghoSp,21,1,1.7861033395217931,0.6326283717857747,6.076304503279634,7.061079863540595,0
galEp3,13,2,1.7860164760555783,0.6705411032193769,6.107852482821114,7.040876588561638,0
yadE_predicted,8,2,1.7859786271865838,1.3175873893564716,5.937146321305358,6.5407127922375885,2
rspAp,36,1,1.785538072160233,0.7342596233855697,6.052936667899752,7.0060955518703665,0
zapB_predicted,5,2,1.7854789825969681,0.8361694509495717,5.895710715638106,6.857914511431604,2
ygfM_xdhD_predicted,34,2,1.785324967568467,0.6281152177970375,5.964059559370631,7.051026996345055,0
marRp,20,2,1.7853046044768868,1.1144642918796273,5.973631048808519,6.693409571055817,2
rcsDp,9,2,1.7852205274239545,0.8902443453195836,6.005431719925513,6.871394147895344,2
crpp2,41,1,1.7848169960746927,1.1104423581616076,5.880700310853657,6.700606590464705,2
xylFp,29,1,1.7847607343431882,0.7208649911895633,6.086511772643826,7.002143669209255,0
zapB_predicted,39,2,1.7847469956242357,0.8870369677101578,5.875007758227624,6.822028731991102,2
zapB_predicted,8,2,1.7845226772523457,0.80186895376417,5.923703939414647,6.886516540210358,2
zapB_predicted,37,2,1.784378633872427,0.8709996538410936,5.880213953978343,6.82683409542652,2
marRp,24,2,1.784073610447875,1.1076345593035368,5.901007146449771,6.656013970586705,2
lacIp,18,2,1.784025619675829,0.8975892093291932,6.095457705671366,6.901524579300871,2
lpp,21,2,1.7838276414324428,1.0331014316634097,5.86734700744635,6.7465829694168615,2
tmaR_predicted,39,2,1.7836497858133586,0.9137582318848069,6.034262784922143,6.864822673373969,2
xdhAp1,17,1,1.7835172545799278,0.613476559951449,5.819158864591268,7.071448529032841,0
recNp,1,2,1.7833764383598725,0.887710882691883,6.012282605396326,6.853934158433219,2
zapB_predicted,13,3,1.7832862261310487,0.8922163913828807,5.918993670765648,6.829236148203812,2
zapB_predicted,40,3,1.7832739735898406,0.9075065822177668,5.883126639519107,6.797375055568677,2
ssnAp,40,2,1.7829823014026653,0.6450402195777267,6.075797434113267,7.070103164595036,0
ygfS_ygfT_predicted,14,3,1.7827397342800761,0.6894601411261909,6.022280467045391,7.013456482186058,0
ecnBp,41,1,1.7827195819330635,0.6978291088264555,5.909612708651542,6.9890280645243825,0
ompRp1,15,2,1.7826882287415187,0.678049961530757,6.085924737573849,7.04784237304421,0
mprAp,9,2,1.782626410919596,0.9965996140005626,5.7659097093829725,6.7362427736705115,2
uofp,25,1,1.7823671326825472,0.9023615264554534,5.954748102596513,6.860785131007549,2
TSS_1414_storz_regulondb,4,3,1.7823160334286585,0.8329970631890936,5.968073737723099,6.8838489855638825,2
lpp,1,2,1.7823003496489191,1.0356133531808613,5.9358182647087645,6.752392786496358,2
ybaY_predicted,13,3,1.7821962332376486,0.624827525453241,6.037393690989347,7.067722442280374,0
gatZp,41,2,1.7820058217595673,0.6322267168329914,5.960166804814206,7.0747305704592165,0
ecnBp,1,2,1.7818550891961826,0.6693581478268333,5.913518934550575,7.047603998325792,0
yacCp,3,2,1.7816463227959458,1.1497554189915213,5.896637495890094,6.660678576667895,2
lacIp,11,2,1.781470790620571,0.848659655137519,6.071680755711962,6.9500928202408705,2
araBp,22,3,1.7813816325164555,0.6591417214753553,6.106136054404635,7.073462299957885,0
ybiY_ybiW_predicted,14,2,1.7805108349102763,0.6858325867410263,6.034250463107447,7.044776835540782,0
rdlDp,4,2,1.7804537628821093,0.90888923963792,5.989107074441006,6.899165988945988,2
mcbAp5,10,2,1.780087915040741,0.6710284245524542,6.121983558588099,7.068605872398107,0
araCp,3,2,1.779994438164331,0.8167820719262521,6.080291014081755,6.966811908966108,2
mcbAp5,23,1,1.7799203562290726,0.6124390656638664,6.117742828609492,7.083395340165993,0
ygfKp,29,2,1.7796039700527002,0.5724354563995623,6.105161629585978,7.113756178154809,0
mcbAp5,9,2,1.7795238341802595,0.6730391400381126,6.046392784837234,7.026201155821143,0
ftsKp2,10,2,1.7790204030676882,0.8759959141223657,6.028015575324953,6.9171031722531975,2
dinQp,37,2,1.7787397995870065,1.0491059090328154,6.023848493599996,6.755020618942035,2
recNp,12,2,1.7785524279770855,0.9236993827915598,6.0210222821455615,6.825332219824357,2
marRp,14,3,1.7783841013799941,0.8839735222313534,5.96752211158178,6.886381155631833,2
TSS_4655_regulondb,19,3,1.7780437232713444,0.6531829270849588,6.0700551967131,7.055494358850462,0
ghoSp,37,2,1.7778874276950298,0.6099930928888759,6.052082649765876,7.087068357442112,0
yadG_yadH_predicted,13,3,1.7778807892920594,0.5621672706135138,5.984579429841265,7.08685648095572,0
ecnBp,35,2,1.7776103716869436,0.9585870425052738,5.955251583333819,6.847000895688675,2
rdlDp,1,1,1.7773597687292364,0.9650905126319256,6.010865976417012,6.855898743090197,2
dgoRp,41,1,1.777217140507485,0.8320482805325826,6.006237909984041,6.943944176161152,2
yadL_yadM_yadC_yadK_predicted,18,2,1.7769746709551082,0.7577399911138512,5.9814555134476874,6.955497108372073,2
araCp,5,2,1.7768942140851538,0.9767718158243348,5.973565154073545,6.823836011261534,2
ybaY_predicted,8,2,1.7768234223113704,1.2422511975571084,5.976561583630313,6.644238628766496,2
uofp,4,1,1.7767549600654078,0.890720545504428,6.101486860473071,6.923267212068794,2
crpp3,19,3,1.7766586258459371,1.0863655229069975,5.9184851204550455,6.686934137368242,2
TSS_1414_storz_regulondb,22,3,1.776521875047759,0.7119067919374996,6.148614372679166,7.031503849940279,0
zapB_predicted,19,2,1.7764271099996118,0.7669067453025036,5.8821753578281974,6.925339106673903,2
mhpRp2,36,2,1.7764108720435978,1.1635550995277806,5.940271221700094,6.690601248694591,2
crpp2,30,2,1.7763104528210414,1.1369292947917937,5.930589288742381,6.687703430451016,2
tmaR_predicted,21,1,1.7762753090271328,0.8759846872214754,5.989106045081062,6.888237548826661,2
relBp,22,3,1.7761553643053243,1.092782110361665,5.890908140627765,6.647450571757645,2
kbpp4,28,1,1.775868760521286,1.1261528885369083,5.932897255683524,6.675358211681255,2
blrp,41,1,1.775589539256226,1.1565910184377999,5.95056776253676,6.661298873394832,2
lpp,14,2,1.7755826510171007,1.0022967585008173,5.927565507360306,6.776145325145986,2
yahC_predicted,28,1,1.7752526562686708,0.8704621580524953,6.076504107030719,6.932096435330411,2
rdlDp,16,2,1.7751772208651273,0.7886282339468678,6.1587450117868485,6.976754148593502,2
rcsBp2,39,2,1.775151809610983,0.9670407158729385,5.913811243051061,6.815720083937055,2
uofp,38,1,1.7751206350727637,1.0886394484436155,6.004348564061361,6.76189631683924,2
intE_xisE_ymfH_predicted,31,3,1.7744631311843082,0.7077919426015944,6.032517731335467,7.0247372987936805,0
tolCp2,19,3,1.7744485620655743,1.0855579725087514,6.010962363540246,6.734176416251897,2
ghoSp,33,2,1.773970962870869,0.6660972207153343,6.161172322596617,7.051593388643996,0
rcsBp1,38,3,1.7738104021316936,0.7255064585722412,6.139639317180114,7.003262448987815,0
mprAp,31,1,1.7737900775240125,0.9796665394850428,5.834534803042736,6.752974225670615,2
ghoSp,23,1,1.773722316426997,0.5993553379233492,6.264694271483947,7.134258451566947,0
zapB_predicted,41,2,1.7734747945406222,0.92845953087441,5.878118792365754,6.78108674456832,2
ybaY_predicted,10,1,1.7732302202445032,0.9483666476701853,5.9720562923668306,6.871851686515713,2
rcsBp2,14,1,1.7731956086253442,0.7243467839080874,6.108012390557088,7.009358905318878,0
mhpRp2,2,2,1.773141167098735,0.6210351662027681,5.870843538505987,7.061704840439126,0
recNp,12,1,1.773045845973737,0.9549811142151403,5.950671579495946,6.783000882841254,2
ssnAp,25,3,1.773034910281889,0.6412222222397066,6.069985801683476,7.067212055153732,0
acrAp,24,2,1.7726409419846747,0.9954734996737189,5.97405022059264,6.774364978983492,2
xdhAp2,3,2,1.7725243263649648,0.6059244879299349,6.05331359702698,7.0925401347667805,0
ybiY_ybiW_predicted,10,2,1.7724211865772586,0.8477123193035211,6.049978828798426,6.937572931474481,2
recNp,34,1,1.7721201868744567,0.8862015344410952,6.05719668256994,6.874005007357446,2
furpa,20,1,1.7720501609647372,1.0741906989155594,5.954188268778221,6.774990703127747,2
yadG_yadH_predicted,18,1,1.7717703313458373,0.6447359834580263,6.006864844092512,7.067666129792759,0
cusCp,4,2,1.7717562885732594,0.599820855946724,6.173118745673682,7.109961568350062,0
TSS_6311_regulondb,8,1,1.7717444748654247,0.694954927107139,6.056256922788633,7.029173463112583,0
acrZp,19,1,1.771512555773798,0.8068853047282938,6.134184808328628,6.999939913204074,2
tolCp4,25,1,1.7712292646402386,0.8405533459706357,6.073690963221969,6.934282642292353,2
yadG_yadH_predicted,18,2,1.7711514644540243,0.7245345309082611,6.124859385576146,7.025082832955265,0
ompRp2,21,2,1.771134154604224,0.9110165906310914,5.937683271466444,6.84978856662665,2
zapB_predicted,11,1,1.7708872499841106,0.8795231885260129,5.925304725652003,6.834404185482864,2
TSS_1414_storz_regulondb,3,1,1.7708820626193198,0.8311606887496873,6.042823556991817,6.930451884001304,2
lpp,38,3,1.7708340966351797,1.0022611568346071,5.946885172272532,6.799957675791087,2
yjbJ_predicted,18,2,1.7705786563301584,0.6759693925475491,6.084100035416455,7.043576168595576,0
kbpp4,33,1,1.7704561574231443,0.7967111920770786,6.081007929359382,6.974218871892775,2
mhpRp1,4,3,1.769455697407221,0.5942440446637409,6.060296269471402,7.089735896234181,0
znuCp,20,1,1.7694060094340494,0.8903908827795926,5.952347317696075,6.8939937344024464,2
tnaCp,38,1,1.769377713290763,0.7071598485745471,6.005394435252102,7.031899299137825,0
furpa,22,3,1.7693308240551908,1.0301848813351937,5.977253168785217,6.801935542006349,2
tolCp3,28,2,1.7690813284694606,0.752441521778934,6.046467494492972,6.999573448783361,2
mprAp,20,1,1.7690587078303335,1.0637874055329808,5.893236650190403,6.701886884628686,2
dinQp,32,2,1.7688610281342134,1.079101598679383,6.0069490164821415,6.724613789422602,2
recNp,32,1,1.7688373895694776,0.8913694917965709,6.0393226854508075,6.864573273501801,2
araCp,24,2,1.7686740414334006,0.7962704958524716,6.065198223946511,6.961815487665112,2
ompRp4,2,1,1.7685811451235864,0.904632818554869,5.952370645667033,6.869538232750025,2
yacCp,10,1,1.7685599191931072,1.1716657283328553,5.912195801415741,6.654636326050703,2
araBp,5,1,1.7682118709117594,0.6583032918072252,6.130115771575582,7.085223740359451,0
rcsDp,4,3,1.7680146508950763,0.8961217240197372,6.007594957427645,6.914931379515667,2
yncEp,3,2,1.7677793409378195,0.7911663569336328,5.95887879589138,6.944842446748467,2
mtnp,19,2,1.7676623469100636,1.0484131283864802,5.927734165487798,6.7648497526212,2
acrAp,37,2,1.7675665613066989,0.9898187825456667,5.937203746362782,6.777500727745505,2
ybaY_predicted,1,1,1.7674927262939664,0.9783785643695289,5.982333467683258,6.827423352714064,2
rdlDp,13,2,1.7673727952731182,1.0615792921945815,6.020270156842173,6.789587416727738,2
lppp2,31,3,1.7673496749855262,0.7065241546257063,6.071773162655774,7.04863239094158,0
yadE_predicted,7,1,1.7673221297461175,1.1776927715410719,5.962579895638716,6.630686923440576,2
lppp2,17,2,1.7670062472749328,0.6971159506070558,6.10640929969059,7.035476287953859,0
rcsDp,40,1,1.7669573194268937,0.9830423774299439,5.970367428144967,6.844528311992025,2
yqjE_yqjK_yqjD_yqjC_predicted,30,1,1.766900698287305,0.8234798453941031,6.093935107978787,6.958356742549604,2
yadG_yadH_predicted,29,2,1.7668919734710626,0.7692728891413166,5.999496331488364,6.960446199021118,2
recNp,38,3,1.76675738987334,0.9762946356356428,5.991506698774135,6.772126074668185,2
hdeAp2,31,2,1.766613842201726,0.7371450275766787,5.983168625708441,7.000583360354007,0
cusCp,37,1,1.766554801138544,0.8899704874527481,6.104166024019282,6.9245270924024656,2
dinQp,21,2,1.7663030455297384,1.1186328545298836,5.9901310909584335,6.661661291867489,2
ssnAp,23,2,1.7662761593483947,0.5841252628191262,6.036498252878175,7.1030846379831765,0
rspAp,33,1,1.7662346357860652,0.6839775702918852,5.914912550478361,7.022005858723693,0
sohAp,34,1,1.7662301955981499,1.2314532133417617,5.9982038897064704,6.667880847347602,2
rdlDp,2,2,1.7660158264050292,0.9096485555955399,5.981406687964977,6.890513043085399,2
acrZp,24,1,1.76588481688695,0.7797894413557119,5.77296684887867,6.894948517088835,2
kbpp4,6,2,1.7658595324555102,0.9638265861530608,5.937074180994395,6.788143413819384,2
acrZp,25,1,1.765704248988541,1.064692662407997,5.859049352622168,6.673021007172883,2
yahL_predicted,28,1,1.7655452864503507,0.7364375701262272,6.0987672434721105,7.018925730524627,0
tfaE_stfE_predicted,4,3,1.7655114378868022,0.7837860062164723,6.040168299583693,6.980103971200576,2
zapB_predicted,21,1,1.765399967659523,0.805726285786191,5.939616139974661,6.8884511174401934,2
yqaEp,14,3,1.7648364182791625,0.8635468245761488,6.017547501140175,6.887451875827581,2
rcsBp1,25,3,1.7647061252732914,0.6927329618621713,6.155759471305777,7.058667723580713,0
tfaE_stfE_predicted,39,1,1.764686853967644,0.6741821806930954,6.027210361446004,7.034145001374956,0
rcsDp,41,1,1.7646779325054816,0.8931900129928536,5.918719127049762,6.923823321005086,2
dinQp,12,1,1.7645056195647302,1.0508864181253887,6.099132296160408,6.767634736342092,2
yahC_predicted,5,1,1.764417010006163,0.6838736758980336,5.96827564249527,7.028667797083845,0
mhpRp2,31,2,1.764376775360239,0.6256517498126238,5.894273093542777,7.056918911946528,0
znuCp,6,1,1.7643009904577902,0.8301917011719998,5.9946564378575165,6.930831181874559,2
galEp2,17,1,1.7642061905409927,0.9132074069542453,6.084201964855144,6.895965034654704,2
kbpp4,4,2,1.7641949593817037,1.075246813038203,5.947438350873391,6.729689839738778,2
yqaEp,40,3,1.7641771281195058,0.586880699000846,5.966079063469273,7.092817981802639,0
yahL_predicted,11,2,1.7641327748940512,0.7442129698477705,6.075118975364367,6.973196524241408,0
crpp2,7,2,1.763928804983218,0.854889182513363,5.91366150303031,6.9036842738112805,2
yahC_predicted,12,2,1.7636619782205079,0.8321736435524157,6.058568854121946,6.943880430112133,2
ratA_yfjF_predicted,18,1,1.7635815701001254,0.7003583557005107,6.012124541392136,7.021472458046385,0
tolCp2,38,1,1.7635557133772766,0.9819399006718983,6.00909705118616,6.796414291808633,2
acrZp,24,2,1.7635109651008232,0.871236328069141,5.703445401012664,6.78426038773355,2
rcsDp,1,1,1.7632759907624784,0.7797686880477945,5.987096635988696,6.959828322885958,2
ompRp4,30,2,1.7632378735337606,0.9672911023604728,5.995665236508047,6.814061691724854,2
dgoRp,40,3,1.7627362428048772,0.8766587556254126,6.079764273007003,6.900757602280917,2
ompRp2,9,2,1.7626728135950565,0.967790599927586,5.992752848251085,6.814653348888596,2
yadL_yadM_yadC_yadK_predicted,37,1,1.7625672379101271,0.8833867817707941,5.961189029463499,6.920311807608029,2
yahL_predicted,40,3,1.7624612826442607,0.7598178461121223,6.056830974512306,6.974026644106981,2
ygeW_predicted,37,2,1.761888359561965,0.7073450140710357,6.05355740099292,7.045262659480248,0
recNp,18,1,1.7617118332131463,0.9425934695266088,6.012406425944159,6.803394482328034,2
ymfM_beeE_jayE_ymfL_ymfR_tfaP_ymfT_ymfN_ycfK_ymfQ_predicted,33,2,1.7616299458149443,0.6662850047720574,6.097760095559698,7.045480492699978,0
elaBp,24,2,1.7615509048280886,0.9538034105153091,6.0402279663840694,6.864297217855808,2
gatZp,10,1,1.7614315331661068,0.540971101212006,6.011278419683803,7.123780003990959,0
tfaE_stfE_predicted,35,2,1.7610413289803324,0.6322257253698793,5.95223820073927,7.069505510624118,0
crpp2,4,2,1.7608052581167746,1.0507043602694497,5.973805339147171,6.78879353433484,2
TSS_18061_regulondb,24,1,1.7607389454276776,0.5771525718082348,6.020293243131576,7.112065360851,0
zapB_predicted,10,1,1.7605879603538912,0.9689766261891726,5.9075469930503965,6.760303951026655,2
dinQp,6,2,1.7605516352311747,1.0747680303937066,5.997900219006397,6.730008630923127,2
znuCp,8,1,1.7601668687768062,0.9827268501274166,5.9634356682503356,6.831717138524074,2
zapB_predicted,2,2,1.7600436407664093,0.8463638296972746,5.941763330333831,6.861924233251942,2
hdeAp2,16,1,1.7594932833570087,0.9572311162824351,6.0334953360457355,6.8758461468324175,2
zapB_predicted,4,3,1.7594409573866867,0.8610492987131866,5.9018814534364195,6.842976033081094,2
mtnp,1,1,1.759145568844493,0.9223068562432376,6.020732863152612,6.855093618689407,2
tabA_predicted,40,1,1.7590747874347783,0.6366811774348059,6.065250792839356,7.081228868099312,0
yadE_predicted,33,1,1.7588181691269718,0.862226246317933,5.98044621633988,6.89654518901887,2
yadG_yadH_predicted,40,2,1.7584170333700426,0.5876140623633,6.06779235900944,7.101865338054968,0
yqaEp,21,1,1.7582039555630846,0.7601356521374681,5.940319277835777,6.976050335604943,2
lpp,32,2,1.757779812855726,1.0363477202191909,5.894008319898636,6.737186206067687,2
ygfS_ygfT_predicted,8,2,1.7573661101104219,0.8010840275374015,6.0250171967565755,6.911967067741232,2
acrAp,36,1,1.7572799832407053,0.9279968520888451,5.940167822472201,6.855411466346031,2
furpa,38,1,1.7572273337233468,1.127642490813658,5.957162573523942,6.7580070651994815,2
acrZp,31,2,1.7571979799381456,0.8612598336542148,6.0638825607605025,6.926695391722882,2
mhpRp1,5,2,1.7569310259202848,0.6640391644793604,6.063421801380547,7.067165697204732,0
lacIp,21,1,1.7568828932747282,0.7781488164334263,6.1378413046700855,6.995617409831738,2
acrAp,12,2,1.7568743992694098,0.9680840971330898,5.9946329486945125,6.794246480559235,2
recNp,1,1,1.7566882404943618,0.8781434269389748,6.028237004241347,6.8616749762337,2
dinQp,40,3,1.756631112186155,1.0842000340736981,5.958207537357333,6.7117929925973545,2
mhpRp2,40,1,1.7565469690146907,0.6593323616288644,5.898758123164419,7.0165906556853646,0
lpp,34,2,1.756469089818184,1.0082467045290353,5.960059496821906,6.752114474435797,2
mcbAp5,21,2,1.756417651020944,0.6378632916647182,6.188625054498679,7.081179243402086,0
ygfKp,37,1,1.7563584972517694,0.6715018807027053,6.0310844643458115,7.033521388239806,0
ompRp4,11,1,1.756331930174134,0.8822437451524816,6.0062854022499295,6.866422591719089,2
relBp,24,1,1.756309808503484,0.994290081066985,5.965368957582182,6.818272099635821,2
tfaE_stfE_predicted,9,2,1.7561293733415548,0.5829262910197907,5.953648616993311,7.066347035582262,0
ompRp1,29,2,1.7560243471586676,0.7909079504059418,6.014255411730778,6.959140135487712,2
recNp,40,1,1.7559646615766737,0.8839793856989014,6.035590904659708,6.855340216523285,2
ratA_yfjF_predicted,37,1,1.7559630907367734,0.7948266970690925,6.059878782357042,6.960742659698582,2
furpb,22,1,1.7558421140794174,0.6301676862821766,6.131464217315368,7.102574279469293,0
dgoRp,6,1,1.7554074822345456,0.7593954501654784,6.0982177474071495,7.005289431435795,2
mhpRp1,13,3,1.75534839274803,0.7267736850764565,5.9389557476273,6.959006473520581,0
ygeX_predicted,1,1,1.7553069375439263,0.561799815117229,6.1263080392947415,7.118897153120657,0
yadE_predicted,40,1,1.7552276991525948,0.9242100337264249,6.01345954667004,6.8403624005864,2
zapB_predicted,33,1,1.7549571704780769,0.8197400106726304,5.932448777635683,6.866839144385512,2
dinQp,28,1,1.7548884037228853,1.0664877227933005,5.945795323347518,6.731980347918441,2
crpp2,19,3,1.754440589959503,1.0697349715467235,5.938974992357478,6.73949329999626,2
blrp,19,1,1.7543611180722312,0.7417019079141709,6.095299875697968,6.993108703998778,0
ybiY_ybiW_predicted,11,1,1.7543513056888598,0.743416415269012,6.089621978036359,7.021322605361711,0
ygfM_xdhD_predicted,2,1,1.7541232839923193,0.7028464710411338,5.984290760820969,7.005801187825372,0
ygeX_predicted,11,2,1.7540754858627803,0.7472229686804892,6.073939319171609,6.977527654140019,0
yadE_predicted,11,1,1.7540615179576329,1.03925385392777,6.01158380644998,6.800671304772077,2
recNp,11,2,1.7540395121577388,0.9330976895226922,6.012821077006501,6.83773400883065,2
mtnp,28,2,1.7538710164327609,0.9983000737788558,6.003478963454277,6.830006897408958,2
ybaY_predicted,25,1,1.7538067037869172,0.9873831560743878,6.137701411038387,6.869598302877321,2
aceBp,7,1,1.7537378009630116,0.735471734149776,5.972555567736521,6.979472762935683,0
zapB_predicted,33,2,1.7536185726561215,0.8495136893783901,5.927204829924795,6.8411097264632215,2
yncEp,12,2,1.7532470447788246,0.7811366987468124,6.0300378627459885,6.983909540743628,2
acrZp,20,2,1.753236367330185,0.7812616335449497,6.080389586264283,6.981850292861197,2
crpp2,6,1,1.7531283730229448,1.1187985332217547,5.9400193851252645,6.686674699253225,2
ompRp2,14,3,1.7530286232961647,0.8615039711702133,6.147942331876089,6.921002354905842,2
acrAp,18,1,1.7527109970643495,1.0345827411830097,5.953863312782088,6.727678068960564,2
rcsBp1,28,2,1.752544544528472,0.7014450369967646,6.0302801524504215,7.040916098373531,0
dinQp,13,2,1.752452359244463,1.1655396898246493,6.03694351476482,6.629041520512857,2
xylFp,29,2,1.752276361965238,0.717852787859688,6.1253420602703486,7.010755745549901,0
zapB_predicted,32,1,1.7522313152077846,0.8798842501074086,5.918005832818263,6.810490410131976,2
lpp,18,2,1.752168857035923,0.9903265248219616,5.957325584163294,6.800790234696619,2
ybaY_predicted,8,1,1.752093135295063,1.1425934912500655,6.029450760871946,6.72852201476385,2
ratA_yfjF_predicted,4,3,1.7514856698206813,0.7469655970193894,6.065038460874848,6.972037114491692,0
ybaY_predicted,40,2,1.7511035222373306,0.6854363922462822,6.01624139627914,7.034356383395057,0
pheMp,9,1,1.7510740211488705,0.9518449707845756,6.063927969161756,6.866130253246723,2
TSS_1414_storz_regulondb,40,1,1.7510622468896024,0.8056314109361464,6.028285127510106,6.936318464235683,2
dgoRp,32,2,1.7510413846528914,0.8336383729754746,6.080976610246511,6.947567993170841,2
tolCp2,14,1,1.751016708996764,0.9791099999518272,5.978315662950566,6.835391089358507,2
acrAp,32,2,1.7510030336198057,0.890605722656433,6.0064298351767516,6.861666768177214,2
mhpRp2,15,3,1.7508344647044651,0.8937197569022458,5.989234897970096,6.897775526215945,2
TSS_18061_regulondb,30,2,1.7508109272644283,0.5531886743968675,6.046297570499352,7.118341618456094,0
araCp,3,1,1.7506695982787994,0.8755303708591008,6.1356224602007154,6.933980202243532,2
xylAp,14,1,1.7505218334589274,0.7338225962436077,6.112937904608875,7.022807823097677,0
dgoRp,6,2,1.7503118906322745,0.8695488852319032,5.974190949660364,6.886045400994471,2
uofp,5,1,1.7502090293647885,0.9873889088191737,6.068384111477214,6.815145162895393,2
recNp,13,1,1.7499170362269902,0.9315248050269455,6.013964193263437,6.850836156823398,2
yadE_predicted,21,1,1.7498468379267387,1.2259490843880536,6.014427189367437,6.653430678672374,2
ghoSp,19,2,1.7497825276916568,0.7961416712526883,6.138838519772012,7.004844334661593,2
crpp3,16,2,1.7497397567641684,1.106988205726545,6.006532118188151,6.745367827630336,2
ompRp1,29,1,1.7497093978704394,0.7599132760818462,6.046828356625218,6.969897363746657,2
mglBp,37,2,1.7496625761049582,0.9828015464775375,5.988409952171596,6.739996209370737,2
ybeDp,19,1,1.7495605965269687,1.0290065330010918,6.105336182717624,6.8392031133784,2
crpp2,31,3,1.7495392674483727,1.1220625767596488,5.960593808261457,6.702566916974461,2
yadI_predicted,7,2,1.748932154881261,1.1729884083755542,5.886742752679966,6.605688224022778,2
zapB_predicted,35,2,1.7489019005291133,0.8709039436677646,5.9179589305040565,6.814715133763751,2
ybiY_ybiW_predicted,23,2,1.7488556919326992,0.548523542324622,6.180083921994962,7.155474208535619,0
blrp,19,2,1.748479430114155,1.0274995016521093,6.0261851186864215,6.784224482449577,2
tolCp4,19,1,1.7484110105990018,0.7137631973141129,6.0099852317706,7.019026614236208,0
TSS_4655_regulondb,14,2,1.748372693224824,0.6792712471031978,6.138087124735218,7.053971674376793,0
zapB_predicted,16,2,1.74829179407705,0.6978727786168093,5.923232137872427,6.972218164449845,0
mhpRp2,13,2,1.7482099772370518,0.7086237667681644,5.933600952500969,6.99289517371113,0
ybiY_ybiW_predicted,6,1,1.748083867832247,0.7614691077829105,6.049075464917605,6.974703749216376,2
galEp3,7,1,1.748053266469951,0.7201163469499319,6.019339471965941,6.993541516184512,0
rcsBp1,20,1,1.7480207242708012,0.6547115841377795,6.075338509215161,7.050471979230263,0
rcsBp1,16,2,1.7479049644323963,0.6379574308168711,6.077868635054435,7.076462061982857,0
crpp2,1,1,1.7478106003362082,1.0760233371785648,5.959597761130523,6.735597901698453,2
ybiY_ybiW_predicted,16,1,1.7477084190168748,0.5806166689231647,6.0933441325419295,7.114018332291794,0
mhpRp2,29,2,1.7476549094901834,0.6757162289687516,5.880286368543723,6.993205645285133,0
acrZp,4,1,1.7476300849808453,0.909277979326523,6.067547268406333,6.860908197105077,2
gatZp,17,2,1.7474506646248145,0.609393945514842,6.096117151156996,7.088332827008591,0
crpp3,3,1,1.747328459307733,1.130513170310124,5.950260030108764,6.634042580398376,2
acrAp,7,2,1.7472787020166645,0.7176002563329931,6.090641736273945,7.006310117549847,0
gyrAp,30,2,1.747258561496631,0.986899612225428,5.9914199735750655,6.814563466365434,2
xdhAp2,29,1,1.747002172440824,0.6832846095147538,5.958150728636188,7.008737877637791,0
ymfM_beeE_jayE_ymfL_ymfR_tfaP_ymfT_ymfN_ycfK_ymfQ_predicted,35,1,1.7467741432322548,0.7755386390712531,6.017239258797222,6.955666836928679,2
cpxRp2,5,1,1.7467497467148978,0.7423321503741841,6.0372778673771155,6.974385013313626,0
mglBp,10,2,1.7465715582580248,0.9950452832365652,6.023597700368674,6.738188702285427,2
lppp2,38,1,1.7464513792966878,0.723857050050414,6.124199621310568,7.0233588869252355,0
recNp,41,1,1.7464263163532434,0.8980718883068944,6.083310424265038,6.855918458474369,2
TSS_18061_regulondb,40,3,1.7464146160465022,0.7639535624849478,6.070330338947749,6.989873041142593,2
crpp2,23,2,1.7462051757757433,1.0423934517276343,5.950377661799431,6.779627371846098,2
lppp2,7,2,1.7460223480673986,0.6614231416798851,6.0686926465772135,7.024868537144004,0
ybiY_ybiW_predicted,13,2,1.7459304553364314,0.8520564175455176,6.070013870679997,6.88324924460114,2
cpxRp2,36,2,1.745900627400706,0.6091343739560279,6.030992504763057,7.0768061127182635,0
ygeW_predicted,11,2,1.7457524355864122,0.6246682158322652,5.993295742721363,7.054950717341791,0
sohAp,25,1,1.74558777779272,1.1433306661337932,5.978973049631385,6.711561317221932,2
lpp,15,2,1.7455632381470196,0.9830834144323287,5.943834073900055,6.7945034957412345,2
ghoSp,36,1,1.7455505238600701,0.8702691317891359,5.986405347818668,6.870077353961371,2
zapB_predicted,19,3,1.7455467615063884,0.7863544931547491,5.915381178204018,6.917672751004908,2
lppp2,24,2,1.7455454371019183,0.6718915545510803,6.097961773671043,7.058712422740468,0
ygfKp,29,1,1.7454357599961918,0.7706746635512587,5.951064012615977,6.994752970721677,2
mtnp,33,2,1.7450933659768777,0.9048984903798576,5.998369789397665,6.8449504116295525,2
cpxRp2,8,2,1.7448798288128065,0.6643509101378321,6.144901081843786,7.049945709765591,0
relBp,17,1,1.7446415803508561,1.062394357195628,5.948008964232123,6.714273660724988,2
tolCp1,7,1,1.744139610578264,0.7774867131239215,5.936916117363115,6.96147915418285,2
recNp,23,2,1.7441033687193246,0.8390089152321044,6.064613564159873,6.889295242529776,2
recNp,31,2,1.744081835681486,0.7176233652738442,6.04458217345252,7.008355971425245,0
zapB_predicted,3,1,1.7439979341746181,0.9170523578518599,5.924861166726048,6.804638990888202,2
intE_xisE_ymfH_predicted,40,1,1.7439146035832507,0.6601982721808252,6.131378613227332,7.049134190964118,0
lpp,40,1,1.7438438933700058,1.005406577849157,5.938904208448734,6.754540754852792,2
tabA_predicted,40,3,1.7438228071001123,0.5708581949453407,6.063813362300864,7.11586204071993,0
recNp,36,2,1.7437038090483818,1.0548352741510194,6.017739591319999,6.725877759254376,2
recNp,24,2,1.7434334422486637,0.8650130999523212,6.011878921968169,6.886183226665495,2
acrAp,34,2,1.743218648109946,1.0485099425689803,5.987393535148161,6.718767872615651,2
mglBp,32,2,1.743211567433142,0.9658782597471854,6.0242485383744135,6.763975099658506,2
crpp1,15,2,1.7431808585187476,0.741606872180525,6.1314227274493565,7.0059068206413375,0
galSp,18,1,1.7431060666413203,0.5930389644947873,6.093665650608853,7.102644311113114,0
dinQp,34,1,1.7430676249534902,1.157209580664958,5.958077762866868,6.6418512755837416,2
elaBp,13,1,1.7429016691268724,0.5716418370870929,6.0396342966236745,7.103813791291575,0
yadL_yadM_yadC_yadK_predicted,12,2,1.7428417234199725,0.7650014011983072,6.060662084222131,6.959099429802633,2
blrp,11,2,1.7426543688568974,1.0115705272616236,5.936540764552003,6.746011355581065,2
mhpRp2,18,2,1.7426174829483967,0.6814003933064112,5.8834084922001475,6.99146040105702,0
crpp2,21,2,1.7424844185581687,1.0893143854292417,5.90585413077037,6.7172704933350005,2
mglBp,5,1,1.7422458432706087,0.7211283802633992,6.08273299104988,7.020310667646445,0
ygeX_predicted,18,1,1.7422224797747463,0.73028776020075,6.075221829442693,7.031687990004087,0
tmaR_predicted,16,2,1.742167245406288,0.7743716935130989,6.052118997496356,6.998697246647451,2
marRp,16,2,1.7421246444663947,1.1763813754215962,5.950108431556838,6.607340006293565,2
tmaR_predicted,15,2,1.741967086977597,0.8742936997062261,6.008947838382641,6.871116503880375,2
ygfKp,13,1,1.741800648025469,0.617859381179188,6.030478111066172,7.092819573789313,0
mglBp,40,3,1.7415579719586085,1.0127215674080035,6.0368071267091565,6.734791229255183,2
zapB_predicted,32,2,1.7415219549475465,0.8788282833609554,5.892521521115061,6.809946760203078,2
ghoSp,12,1,1.74118445690225,0.600316386574706,6.169804847448825,7.127135249273849,0
yacH_predicted,22,3,1.7410497576170023,0.7621949275677247,5.978591279073801,6.972431632751137,2
tfaE_stfE_predicted,40,1,1.7409974273408406,0.65265207414708,6.075460820792179,7.058201761964606,0
tfaE_stfE_predicted,30,2,1.7408833003623543,0.7412925581394735,5.998092185181468,6.988764704126617,0
ratA_yfjF_predicted,5,2,1.7408273554067244,0.66860842525777,6.049920159455231,7.034822125382307,0
rcsDp,10,2,1.7407508255404756,0.9451478655247435,5.894570634615404,6.851032770637306,2
ompRp2,29,1,1.7402311341822103,0.8856600913981656,5.8892732338071525,6.854976888449504,2
xylFp,41,1,1.7399718697961468,0.602488154276391,6.191625111508289,7.105279010794834,0
intE_xisE_ymfH_predicted,33,2,1.739706227305371,0.6490478032482849,6.020564920812387,7.0659544294147665,0
TSS_18061_regulondb,1,2,1.739523415588642,0.6660678238944522,6.223324282567964,7.068764575177969,0
xylFp,36,2,1.739488604872621,0.7341156902791455,6.149962398523905,6.999299628079486,0
yadL_yadM_yadC_yadK_predicted,19,3,1.7394002013748304,0.9134668735192069,5.983126647032216,6.864113154260357,2
mhpRp2,32,2,1.739248055228819,0.6418419557438759,5.952398548835323,7.050907527046275,0
gatYp,25,1,1.7389326676255104,0.7858888724817044,6.1353361179352195,6.981700694847333,2
uacT_predicted,13,3,1.7388909093613554,0.8323032274825418,6.037065308577134,6.916922825206427,2
acrAp,23,2,1.7388762073818962,1.025953106332147,6.01655786301267,6.786671941737363,2
ompRp1,8,1,1.7386686625906618,0.64134566494305,6.0925372056304505,7.061434353979557,0
yacCp,4,2,1.738553406836259,1.0768895398096912,6.013281639972395,6.727379632440437,2
yagB_insX_yagA_predicted,32,2,1.738498182647385,0.8042362527046967,6.091356945338877,6.942869513670182,2
ybaY_predicted,14,2,1.7384622092640198,0.9079216679813602,6.047105109783013,6.889907450592598,2
ygeY_predicted,6,2,1.7384381700465443,0.6348489503255629,6.001081564455664,7.047260149564556,0
ygfM_xdhD_predicted,33,2,1.7383585049734516,0.645297911366053,5.961812322125791,7.053122748752153,0
yagB_insX_yagA_predicted,5,2,1.7382782267270618,0.6836840950904512,6.070349376139798,7.06060489084098,0
crpp3,11,2,1.7381978404682619,1.114050969128503,6.012440193189544,6.706559678843738,2
ftsKp2,10,1,1.7380278216302274,0.8846390203872481,6.059407169621394,6.896816547947715,2
lacIp,33,2,1.737984641456355,0.7223102729172716,6.015204358622887,7.0257775954977,0
mhpRp1,2,1,1.737927185373823,0.6335259652179798,6.029879892356853,7.0741099525047915,0
ompRp4,40,3,1.7378583630069293,0.9722685385117942,6.00957396247624,6.8063538345048675,2
rcsDp,23,1,1.7376372619515248,0.8806775121087836,5.985614107745208,6.925965282296,2
tmaR_predicted,14,1,1.7375971848404348,0.7209446941132459,5.965591667976735,7.014566340322142,0
tolCp4,22,2,1.7375117503915738,0.6430420655642695,6.190037194558466,7.077138861197258,0
araCp,38,3,1.7374789683031144,0.9240192398202167,6.041293540822395,6.869091862573709,2
ygfM_xdhD_predicted,31,3,1.737420432109376,0.591376917541786,6.043875506909911,7.10922888062599,0
tmaR_predicted,35,1,1.737354752854705,0.8536140659069658,5.986012992212305,6.9033545448735305,2
ghoSp,7,1,1.7368900542966381,0.672168172427998,6.106788865603272,7.029495711914752,0
uacT_predicted,5,2,1.736844839727814,0.6130831952459317,6.033104816754782,7.070974898509212,0
rspAp,16,2,1.7368417186290124,0.7012286623703833,6.131834160943898,7.041035966745558,0
ygeX_predicted,1,2,1.7366438558239772,0.6418340127867863,6.016230773745477,7.054320657372834,0
dinQp,36,1,1.736403908274372,1.0664392088626766,6.062002069987774,6.746488774394702,2
dgoRp,30,2,1.7364009708801365,0.7619521741383948,6.120640639206541,7.0061099936136255,2
mhpRp2,14,2,1.7363183304594483,0.6632746696423147,5.9471630020008766,7.025394940309099,0
uacT_predicted,37,1,1.736305043529079,0.7664002359551901,6.068760129662204,6.985623447103547,2
TSS_1414_storz_regulondb,34,1,1.7362756683015859,0.770676540533708,6.128489416039999,6.975037543002797,2
yagB_insX_yagA_predicted,4,3,1.7361947284914643,0.9186735176074824,5.992216053776051,6.896666317694324,2
tolCp3,3,2,1.7361201383469886,0.7681341469518108,6.165375255971668,6.97830061723891,2
crpp3,6,1,1.7359794258794043,1.1824292848940507,5.944586045386338,6.590156209154653,2
ompRp4,1,2,1.7355906511770773,0.9749504129527554,5.969052613049414,6.810841268657438,2
TSS_4654_wanner_regulondb,35,2,1.7354969646381861,0.5768229076731443,6.037402642709837,7.108400019034368,0
dgoRp,12,2,1.7354945402672457,0.8496480343116355,6.06518706297787,6.931995830751967,2
recNp,14,3,1.7353369051132457,1.0275983142518688,5.920563278336584,6.733882844830535,2
dinQp,14,2,1.7351977194304717,1.1617087956692986,5.93267497615664,6.623254225855002,2
kbpp4,28,2,1.733968968750573,0.8331704778550563,6.015527313885654,6.945031817637828,2
ftsKp2,7,2,1.733674244128099,0.6527882375711754,6.022896298663344,7.0583149159321,0
gatZp,14,2,1.7334095420952775,0.6928085117032098,6.059175831845154,7.051866156834906,0
mprAp,19,3,1.7333875128053466,1.0566185021941976,5.934851922682119,6.711141112914442,2
ygfM_xdhD_predicted,12,2,1.7333499109470611,0.643005223954506,6.064670790407584,7.051082109246833,0
gatZp,7,1,1.7332625644924313,0.5876777548841928,5.972290396811179,7.090471661793359,0
ygeX_predicted,15,2,1.733181313067553,0.6472849038610454,6.026065656606578,7.061008574973178,0
yadE_predicted,25,1,1.7330667782981695,1.067526416381011,6.0056454060404425,6.76078995223992,2
crpp1,18,1,1.7329127246480744,0.8615521897102292,5.9747166487679895,6.84990456765618,2
acrZp,39,1,1.7328745460266606,0.9316279424195069,6.044415883390957,6.8901070829386555,2
hyuA_predicted,40,2,1.7328241750460138,0.6852311038389657,6.05872392131093,7.0285223522588005,0
ybiY_ybiW_predicted,21,2,1.7327063537459064,0.6505707871902038,6.090303048496391,7.0788728103278595,0
icdC_predicted,17,1,1.7326254646042534,0.6271004800169583,5.937621050670303,7.062460026577009,0
TSS_1414_storz_regulondb,18,2,1.7326100236685544,0.7941794261352579,6.0857191554600565,6.9401689660048005,2
zapB_predicted,12,1,1.7323230125481806,0.8867937896870229,5.941564753456252,6.810832635404358,2
kbpp4,20,1,1.7321215006958044,0.8357872550786066,5.925115448354319,6.913346799197674,2
galSp,29,1,1.7320653112548408,0.7277557578105929,6.023782276979676,6.974401849352915,0
crpp3,32,1,1.7317313581741947,1.0442477360669942,5.952275647311415,6.753939367115871,2
zapB_predicted,31,1,1.7316644761148785,0.9112692732872905,6.011066471610668,6.826318272543364,2
mhpRp1,18,1,1.7315956631192906,0.71478165947008,6.052538265254874,7.015081452404496,0
ompRp2,25,3,1.7315869611112547,0.9404686603145564,5.977389546088309,6.854668210232276,2
araCp,4,2,1.731375595298495,0.931975373598358,6.042832824695058,6.838936056241797,2
marRp,7,1,1.731157788750677,0.90069084049941,6.014965329241787,6.876124490368385,2
rspAp,7,1,1.7311466814007495,0.9213740411989196,6.1019803095018155,6.830883810982983,2
zapB_predicted,34,2,1.7309525737020104,0.8599374677054649,5.877846919331101,6.831227954563548,2
ompRp4,39,1,1.730681562625424,0.7427203491279839,6.06587681095621,6.974134879009872,0
tnaCp,30,2,1.7303139124721147,0.8546328171635466,5.968144353272828,6.872185924896709,2
ompRp4,40,1,1.7302266990135922,0.90223030097783,6.067916821961905,6.88039003183154,2
ompRp3,4,1,1.7302103444239132,0.6559812967126645,5.9847046544000175,7.049908233728846,0
rdlDp,24,2,1.7302091889030085,0.773257883819762,6.007261120123053,6.960282363859449,2
elaBp,4,2,1.730192566148929,0.752216356830708,6.0012416822626085,6.9831692338548885,2
ompRp4,9,2,1.730114349055593,1.0858829893929294,6.014589452492354,6.741731586043468,2
crpp1,14,1,1.729962574052443,0.6116020632200925,6.079050647597244,7.093287516290073,0
TSS_1414_storz_regulondb,6,2,1.7299444987436754,0.8027359017585768,6.038249798783246,6.922430155586294,2
gatYp,29,2,1.7298282890697094,0.9186143669799539,6.06558066252419,6.892194695474414,2
ldrDp,16,2,1.729747090757187,0.6758026652292011,6.198684547161884,7.073390673717544,0
xdhAp2,8,1,1.729616150402336,0.8354085894309842,6.13933476200378,6.953690979315775,2
rcsBp2,5,1,1.7291860598963842,0.7647654755815964,6.0721404051571675,6.980939997484022,2
lppp2,8,2,1.7290060475474425,0.7926192084243425,6.156967010606579,6.969776620519667,2
cpxRp2,15,1,1.728564536258649,0.6308309203717386,6.035649194454716,7.039507658907105,0
yadE_predicted,37,1,1.7285596281018318,1.0941024042497225,5.96670368530699,6.715728461644364,2
recNp,40,2,1.7284190156108106,0.9966510176495077,6.084938865717108,6.788251584021808,2
dinQp,39,1,1.7283463145726523,0.7865763970621905,6.011174213714836,6.973454097385597,2
ybaY_predicted,3,1,1.7282914986520364,0.7460793091441593,6.08256856091637,6.971080887357148,0
yagB_insX_yagA_predicted,23,2,1.7280978702881757,0.6802667750405841,6.021945112879223,7.028109283754747,0
lppp2,41,1,1.7279552664467592,0.7067388391760646,6.166187367187821,7.041171539437714,0
crpp1,36,1,1.727822891971843,0.6652746569748594,6.03042823617286,7.016823898756286,0
ygfS_ygfT_predicted,6,1,1.7276095408313386,0.6671509005963416,6.1199529933350645,7.050722836023139,0
ybaY_predicted,32,2,1.7272985288276805,0.896007068259806,6.041202421957293,6.903765214470043,2
crpp3,2,1,1.72724562977418,0.9732433274421548,6.022611322627364,6.796748603943289,2
crpp3,33,2,1.7268800667973956,1.1545511545070029,5.99627803599527,6.646678693699023,2
tabA_predicted,29,1,1.726785538838513,0.5469738145843368,6.136197331454758,7.138959302268745,0
mtnp,39,2,1.7266199939057236,0.950859501980141,6.009864911688782,6.816334061720412,2
sulAp,8,1,1.7263573130355845,1.0189847494756512,5.908606676697034,6.707821863353921,2
mtnp,14,1,1.7263364374559715,0.8008102493114682,6.0857204820980755,6.9469708146491325,2
ompRp1,7,1,1.726256375168849,0.5863225512150186,6.114845430760365,7.0867549086241,0
ssnAp,14,1,1.7261655240336031,0.5451431795653011,6.128862035477722,7.140086778379114,0
mhpRp1,6,1,1.7259843753957083,0.5896154298972467,6.12928899444736,7.099644524609939,0
ftsKp2,19,3,1.725688847185694,0.7401941991806329,5.935068518230995,6.982019919589501,0
xdhAp1,1,2,1.7254967200417406,0.6455945590697074,5.883308180969143,7.052151906999006,0
yahC_predicted,17,2,1.725406001040546,0.6976921665085796,6.083351286089811,7.027596417091331,0
yacH_predicted,41,2,1.7250344890999993,0.688434946348826,6.095857716029631,7.034365435335823,0
rcsBp2,1,2,1.7249525859930166,0.9149688761442031,6.0543982262545235,6.875077224086958,2
recNp,8,1,1.7249302808849674,0.9920420865988495,5.993090555622022,6.789540127690628,2
zapB_predicted,6,1,1.7248203231071502,0.8512022238552812,5.9598602385522685,6.856082142505558,2
tolCp3,7,2,1.7248173556091961,0.7711324281113008,6.099738594267113,6.956579428543008,2
yagB_insX_yagA_predicted,29,2,1.724792731833411,0.7729084514278582,6.013400827321019,6.949700644411351,2
xdhAp2,35,2,1.7247077842943666,0.5966554647134655,6.006127060598859,7.088394099893941,0
ykgRp,37,1,1.7245647526436165,0.9698035693540896,5.981884750725355,6.775841085241357,2
gyrAp,4,2,1.724516423839682,1.0431410610214318,6.045892968307735,6.782257835228227,2
xylAp,28,2,1.724478785903845,0.6182680120652173,6.091132177656727,7.086152084809586,0
tnaCp,22,3,1.7241740337435443,0.7976658345483897,6.008393198789896,6.937876218773392,2
araCp,4,3,1.7241670986739261,0.9501197428929281,6.04870110926855,6.827918931811462,2
yagB_insX_yagA_predicted,13,1,1.7240857906248113,0.5874407311337725,6.035232470427628,7.110839057781843,0
fldAp,4,1,1.7240678681373711,1.0957256822232948,6.038807195915236,6.785846368847699,2
ecnBp,34,2,1.7240582886417561,0.8515007244743157,6.032936250333855,6.91088697263354,2
TSS_1414_storz_regulondb,1,1,1.7240452022580697,0.7494502978171803,6.012101804258895,6.956626244624311,0
sohAp,25,2,1.7238380732759164,0.664680278185492,6.026425401421178,7.03963081823757,0
sohAp,4,2,1.7237975880066707,0.9978368529653476,6.034900985538208,6.8802530438887946,2
yacH_predicted,5,2,1.723752038685647,0.5494715163610258,6.037149772956052,7.122639620805348,0
lpp,40,3,1.7237428031691555,0.9339631312300977,5.99494411452593,6.820552462867818,2
acrAp,38,3,1.7235328572968591,1.0445020307589132,5.967631826312935,6.738242772640147,2
ecnBp,40,3,1.723479531159937,0.7794583949388894,6.034033642371226,6.93401506344632,2
crpp3,30,1,1.7233785789520548,0.6572783897729597,6.101842453809658,7.069258351156748,0
mhpRp1,15,3,1.7232373026613772,0.7174138992343687,6.025844345515251,6.984421504185564,0
zapB_predicted,28,2,1.723035499388272,0.7573821282565939,5.909223749990296,6.910632746034695,2
yahL_predicted,31,3,1.722877115953963,0.8226317145374834,6.05998368402214,6.940975404561435,2
recNp,3,2,1.722569806255383,0.8363637263549104,6.0340864845014615,6.892992785500699,2
ygfM_xdhD_predicted,14,2,1.7225382138354421,0.6429063341833322,5.954817772923664,7.035421345249781,0
intE_xisE_ymfH_predicted,41,1,1.722386783625779,0.6937591983967367,6.05396349906072,7.009324107122373,0
rcsBp1,7,2,1.7223546924000839,0.9133564450850655,6.053186126186802,6.915064621414951,2
zapB_predicted,13,1,1.7223481654268824,0.9382840209545857,5.952973774997005,6.802772642074871,2
yadN_predicted,33,1,1.7221046008986618,0.6307063363155473,6.047663240978249,7.069378636923349,0
ybaY_predicted,30,2,1.7221005781022076,0.8721987449175329,6.044993606055982,6.924563958532921,2
galEp3,21,1,1.722078552822759,0.5854530193591534,6.127887556552394,7.092032113990334,0
dinQp,4,2,1.7219205999031042,1.064733049901289,6.041055203902063,6.708740289690953,2
rcsDp,37,1,1.721817834719052,0.7607184068770249,6.064395762864976,6.991933630179508,2
yacCp,11,1,1.7215183534666438,0.9830056933513522,6.012395957490742,6.807668286690794,2
yadE_predicted,18,1,1.7213424852484773,1.030499110380776,5.98698425930194,6.808386999495223,2
xylAp,16,2,1.721340071247111,0.7085806573138751,6.099618048715557,7.017109412877399,0
mprAp,25,2,1.721302605582336,0.5618892583020189,6.082103574812481,7.121614401320923,0
dinQp,32,1,1.7212965583887654,0.9206970259882089,6.047763794564856,6.864024812510753,2
icdC_predicted,39,1,1.7209298486199567,0.6082948145743985,6.063008340679772,7.089195199481669,0
xylFp,17,1,1.7208866558137077,0.6806313401489378,6.179403435393752,7.073285214973458,0
icdC_predicted,38,1,1.7206751800786344,0.6383475191348916,6.041542877768315,7.0525846391129585,0
yagB_insX_yagA_predicted,6,1,1.7206579974833254,0.8206499074936657,6.109554289893346,6.952991811282329,2
crpp3,31,1,1.7205907685732083,0.937555661766494,6.067700541596643,6.8290424310199445,2
ompRp2,41,2,1.7205439017400879,0.9038770476533406,5.98738630477634,6.877458429770839,2
recNp,14,2,1.7204994732954002,0.9047741704560389,6.019652625760731,6.83708687835162,2
lpp,6,2,1.7203129595792637,0.9463486047673897,5.977777067159911,6.789412237987927,2
lpp,24,2,1.720086785579311,0.7116785624212879,6.030272569775754,7.010385182845285,0
mhpRp2,25,1,1.7200709044353264,0.6689432703809639,5.939346881376475,7.017869842552942,0
gyrAp,33,2,1.7197939626157472,0.6836343577224352,6.094088339594535,7.028108493285335,0
rcsBp1,25,1,1.719729433635884,0.7130656177406275,6.181979762312276,7.03414537639072,0
yadL_yadM_yadC_yadK_predicted,11,2,1.7195494972288698,0.7431066923066243,6.04308442958487,6.995116514447201,0
sohAp,23,1,1.7195219778904856,1.1386740289614319,6.026426338251202,6.7303158088532244,2
rcsBp2,4,2,1.7194059049372181,1.0298809875430772,6.06105682559379,6.808841470984868,2
yadL_yadM_yadC_yadK_predicted,41,1,1.7193897137245202,0.8491663175266989,6.093660090979042,6.960774553725674,2
mhpRp1,25,1,1.719351921026822,0.6153342523420537,6.0561357093551695,7.074059428512454,0
ygiW_predicted,4,3,1.71933502750022,0.5937212552092727,6.187724361656809,7.122616800608898,0
gyrAp,4,1,1.7192088180785379,0.7748870766163561,6.098480529483327,7.004526286562376,2
sohAp,2,2,1.7190246641164437,1.120593126462189,5.949171823719205,6.761984496391795,2
TSS_18061_regulondb,13,2,1.719005136437084,0.5968866929403813,6.058004497306875,7.083214898014224,0
ldrDp,38,1,1.7189466894947365,0.5806865467257541,6.036065700599287,7.086920240007554,0
crpp3,10,1,1.7188780771201566,1.0672370414460022,6.022108983314638,6.677010773242202,2
mprAp,19,2,1.718452443327897,0.9451441798090174,5.911537013851146,6.810127870013769,2
lppp2,38,2,1.718445951783449,0.5912408321573664,6.089236440163691,7.108626788291669,0
dinQp,3,1,1.71840112055564,1.034156261023698,5.952059834511728,6.746698397209409,2
xdhAp2,8,2,1.7180777959159557,0.9903835099246358,6.211105544835897,6.867791051665981,2
mcbAp5,6,2,1.717636691016494,0.5223681576458784,6.118994643657932,7.145722675335953,0
yadL_yadM_yadC_yadK_predicted,40,3,1.7176254732685672,0.8565636785281773,6.077530227101926,6.902668420205876,2
TSS_6311_regulondb,23,2,1.7175379467653518,0.8032267713979344,6.022548216047346,6.986752921009539,2
mhpRp2,7,2,1.7174104810272708,0.8834881150500923,5.9858231817716065,6.876420308594017,2
ybiY_ybiW_predicted,38,1,1.717385372562018,0.5551981097156166,6.13177191438288,7.134352082830943,0
znuCp,22,2,1.717360085130276,0.6934361235084756,6.1121106949379485,7.008136436298331,0
ghoSp,25,3,1.7172125222990693,0.6197597506752918,6.06795981826885,7.076271308461628,0
lpp,28,2,1.7171407459277193,0.9022210009270591,5.949041171832813,6.85329433583873,2
mtnp,4,2,1.7171063144959429,1.0632274679486935,6.079539415962654,6.780056614571789,2
crpp2,21,1,1.7170081040248628,1.090980757773564,5.992029128373443,6.729481645999289,2
yadN_predicted,2,2,1.716947791213001,0.6271634223131876,5.952389851484117,7.063674047935787,0
TSS_1414_storz_regulondb,15,3,1.7168912351244499,0.5919184249897309,6.022535779317298,7.106789781612062,0
ybiY_ybiW_predicted,41,1,1.7166013843595265,0.841997217006601,5.997782736828612,6.854912920319947,2
yacCp,6,1,1.7165430848099987,1.0485289717486561,5.997227290895379,6.758106304582165,2
ymfM_beeE_jayE_ymfL_ymfR_tfaP_ymfT_ymfN_ycfK_ymfQ_predicted,41,2,1.716362516359058,0.6425270462048154,6.063695733022053,7.040117182683147,0
lpp,4,2,1.716340788154917,0.8283664967656226,5.967880658795217,6.886230443399077,2
gyrAp,39,1,1.716301916702698,1.0113870684618538,6.074738539544908,6.834919038088728,2
tolCp3,30,1,1.716208319202404,0.6486559030508323,6.116577439256023,7.066726492400421,0
galEp3,7,2,1.7160418992485447,0.6919001497102633,6.088493071446829,7.020797402146074,0
tolCp1,17,1,1.7159232147767223,0.8130632367469156,6.008065392424006,6.932143439430625,2
dinQp,15,3,1.7156036046017795,0.9093782384835928,6.033676132245917,6.901562475441301,2
araCp,7,2,1.7154740374810777,0.8058476931263371,6.084985842568344,6.924552415279747,2
mhpRp1,3,1,1.7150578394121292,0.6971206013475373,6.059667430358344,7.016363197194494,0
yadE_predicted,3,2,1.7150577490077257,0.9321299021278233,6.019591462080676,6.8704751499391294,2
ompRp1,16,2,1.7150429139899301,0.7799022890155569,6.065289141897509,6.9731069851974485,2
yncEp,4,3,1.7149182294705252,0.7794695977707742,6.065532023995722,6.995427919724494,2
yacH_predicted,31,3,1.7147577443738022,0.5831989706576592,6.113822238780662,7.097303263231915,0
rcsBp2,17,2,1.7144659616183615,1.017055625898104,6.082957150701081,6.828608360336196,2
zapB_predicted,4,2,1.714407546093215,0.8160478367231908,5.934129399608729,6.864726735902552,2
yahL_predicted,37,1,1.714350146530373,0.7433663341247433,6.08806136930891,7.004388462325103,0
lacIp,5,2,1.7142733951248792,1.0559715187927214,6.020063926200688,6.793163305334049,2
zapB_predicted,24,2,1.7139835131392274,0.7749079970893775,5.944309715412925,6.900895378690294,2
ykgRp,19,3,1.713680882382375,0.9101360284522694,6.018350827364465,6.86873321254294,2
ygeX_predicted,23,2,1.7129689837829358,0.6060250050434632,6.004116410162044,7.072209705039456,0
rdlDp,13,3,1.7128419102828487,1.0266006157926013,6.013519941696195,6.798689391992907,2
sohAp,1,2,1.7125790414077469,1.2187396464824907,5.9892915482455615,6.684467596337449,2
yadN_predicted,9,1,1.7122401118148332,0.6897841038315247,6.17321842785373,7.058307396374104,0
znuCp,4,2,1.7121731197641306,0.9049814243934161,6.036870007068077,6.8795376039679965,2
ybiY_ybiW_predicted,14,3,1.7120014874243996,0.6522352272444787,6.157246183043149,7.082596600326692,0
ssnAp,10,2,1.7119449883036746,0.6270132759731409,6.085793542929004,7.064939011282924,0
marRp,22,3,1.7117533447945383,1.1345276315110755,5.984861853648219,6.677142219947513,2
zapB_predicted,2,1,1.7117030855882853,0.8968266067294199,5.986157388320953,6.822442053197412,2
rcsDp,36,2,1.7116523016957919,0.9758908041350262,6.077315272442495,6.85899541752594,2
yacCp,14,3,1.7115979634346465,0.9924047585695087,6.045533212876075,6.81032224839915,2
yadG_yadH_predicted,4,3,1.711492610121668,0.7116093705962627,6.107546320030895,7.026150184842832,0
TSS_1414_storz_regulondb,11,1,1.7114007208611777,0.8089212106659422,5.996515535699858,6.918155341255531,2
TSS_18061_regulondb,21,2,1.7113949650195805,0.6627427177947807,6.085010776036022,7.073599228534608,0
intE_xisE_ymfH_predicted,37,1,1.7113790202535497,0.6960526751746646,6.101970801999277,7.028581360654018,0
zapB_predicted,36,2,1.7112409678107559,0.8199281064116846,5.924589974388149,6.844254430087676,2
dgoRp,37,1,1.7111979893319842,0.7341770684462456,6.015873501767519,6.995254226670534,0
recNp,2,2,1.7109153386519231,0.8892704631411519,6.086526242994582,6.86989000474237,2
ygfKp,33,1,1.7106073100676022,0.6202517253825977,6.114097585821672,7.064814449850033,0
dgoRp,18,1,1.7105822351196773,0.7838300473001286,6.1495735815687915,6.969995227084741,2
yagB_insX_yagA_predicted,34,2,1.7104821953722782,0.6794044103142703,6.130106517295361,7.018660115003165,0
ompRp3,28,1,1.710474072463591,0.7129889154536609,6.039739699779299,7.008333558152733,0
dgoRp,14,3,1.7103683004357253,0.6747448433488631,6.061104468366806,7.029434859782818,0
tolCp3,5,2,1.7101941197082717,0.7607859952248678,6.110274179234709,6.983645250908992,2
tabA_predicted,38,3,1.709973801500991,0.5873538404683204,6.074243323140666,7.0983405494115175,0
crpp3,21,1,1.709761518364461,1.0704011744039532,6.019520920432104,6.690575835459846,2
intE_xisE_ymfH_predicted,10,2,1.7096616141225547,0.8211917601252079,6.038346132937056,6.915725948254538,2
ompRp4,24,2,1.7096071843851735,0.8301225315639444,6.020510960459367,6.912352591457228,2
gatZp,8,1,1.7095735805089614,0.7540074772606817,6.170297508496115,7.005037709295463,2
tolCp2,24,2,1.7094841023114946,1.1351416318268375,5.90208014065526,6.644356578306176,2
acrBp,2,2,1.70947008944158,0.6579370579778501,6.014171028122112,7.056596482890149,0
ghoSp,20,1,1.7093224443110748,0.7254138073402894,6.0940712884683395,7.01648356033943,0
crpp3,39,2,1.7091263133321548,0.9947923064040085,6.094259979448964,6.779964930190484,2
kbpp4,32,1,1.7087727858834731,0.8348443862760023,5.976442030550138,6.9457746009545644,2
uacT_predicted,21,2,1.7087452975651678,0.6992462399137725,6.073293780652998,7.026999668747392,0
crpp1,10,2,1.708718599103077,0.9234461072198508,6.041961438642762,6.862116692025812,2
ybaY_predicted,13,1,1.7082352123024052,0.663804151135325,6.12048990562033,7.050418630383887,0
yqaEp,7,1,1.7082168771510988,0.9321460448154802,6.045617983909699,6.881035413243836,2
ompRp4,25,1,1.708042644457743,0.9574921169066607,6.025876379365361,6.8356180721219815,2
ghoSp,6,2,1.7078704187167675,0.5496174361360112,6.132676237448679,7.133768084436452,0
araCp,13,1,1.7078182989439437,0.8647948940659094,6.10218797193424,6.917411578471122,2
rcsBp2,35,1,1.7077669964877384,0.8806004384148834,6.013046744248426,6.895456518224255,2
gyrAp,14,1,1.7076877367803656,0.8128045289708824,6.1035579013611905,6.97908070875708,2
yadI_predicted,10,1,1.7076875560708586,0.8295688672967244,6.034255635120871,6.885978131306908,2
acrAp,24,1,1.707607870987638,0.8600555646324276,5.987018968166149,6.881764164923368,2
ftsKp2,3,1,1.7075940556887812,0.7287012819612082,6.0825870821617904,7.010392082616301,0
ompRp1,36,2,1.7075680499862487,0.7699088670044579,5.997030599735813,6.984120858687104,2
lpp,37,2,1.707554179040572,1.0286689859951963,5.964313787794343,6.742378834365281,2
ldrDp,12,2,1.707380315871389,0.6624105013044519,6.089028342853855,7.063129042119185,0
mhpRp2,10,2,1.7071978219657502,0.6842011749074165,5.933207046526782,6.99489511432706,0
yacCp,13,3,1.707078083179681,0.9868729987263365,6.0259042446139315,6.797157127854396,2
TSS_18061_regulondb,6,1,1.706960758056499,0.6811985382290815,6.183535089061173,7.048442931961793,0
gatYp,31,2,1.7069122962288321,1.0728258590761224,5.965928544393636,6.737446767914071,2
dinQp,11,1,1.7068768713087237,1.1071768169678782,6.025111547607088,6.691638467798283,2
tolCp3,13,1,1.7068113268513943,0.7285016341310377,6.182378554033504,7.0147450509867735,0
yadE_predicted,1,2,1.7067230521074586,0.9414759403612621,6.0475417027478295,6.857608503346903,2
crpp2,39,1,1.7066742368487675,1.0943033027456515,6.037385494914389,6.724316542417316,2
icdC_predicted,13,1,1.706595648251679,0.6508779710069377,6.1465399077081155,7.082925112369262,0
ymfM_beeE_jayE_ymfL_ymfR_tfaP_ymfT_ymfN_ycfK_ymfQ_predicted,7,1,1.7065100710125094,0.682237358249132,6.11484382286342,7.051636434312817,0
lacIp,25,1,1.7064879642544113,0.6644099547133836,6.026680401051401,7.031335303469611,0
xylAp,36,1,1.7062534123621678,0.6184850963002992,6.137795385987789,7.079532066669159,0
yadI_predicted,29,1,1.7061938932178284,0.5582471577753508,6.027432136961298,7.115444360910883,0
rdlDp,19,2,1.7061828688541134,0.7946160661567397,6.0260790781109,6.959053963479686,2
intE_xisE_ymfH_predicted,28,1,1.7060435867328554,0.7465120575689363,6.148548968694426,7.01686446529134,0
lacIp,10,1,1.706024538860296,0.8597748313708872,6.125850359077477,6.899250879545567,2
ompRp4,6,2,1.7058899111911043,0.8594734167855395,6.028696663219935,6.896881217105224,2
uofp,14,1,1.7056144743169996,0.9807441397538927,6.062845279787151,6.792909225022753,2
dgoRp,1,1,1.705602103814209,0.8305979042867283,6.033699314419049,6.906856576738406,2
mtnp,32,1,1.705582746294568,0.8804849833035525,6.062673477304774,6.889077359062452,2
ldrDp,33,1,1.7054091760542216,0.6045596442255633,6.106844578148623,7.080374342705953,0
mglBp,40,1,1.70527156327458,0.9681137053482883,6.048512523381303,6.763981862748263,2
lpp,18,1,1.7050681998243828,0.9886050585092448,6.008602853197842,6.7696420372014465,2
mtnp,30,1,1.7050676975844936,0.7140396895840525,5.988897863290787,6.98111187537014,0
ldrDp,12,1,1.704923654133223,0.6040515678904135,6.130356263100852,7.112561426139627,0
zapB_predicted,17,1,1.7047635204955245,0.7840322661951287,6.0488221075632165,6.9208090253838925,2
mhpRp2,6,2,1.70475315882634,0.6502315092929148,5.960522931118049,7.042573226488004,0
ompRp1,7,2,1.704632087818414,0.6750874927232215,6.1241559589062255,7.035496877611456,0
ompRp2,35,2,1.7039102489861369,0.8698158765087347,5.94041692620584,6.871367402035177,2
ompRp4,1,1,1.7036078551006884,0.9512247642025063,6.048383872072401,6.871011790731876,2
ompRp2,37,1,1.7035801784663425,0.9205950242533748,5.990691659571341,6.826681826927297,2
ftsKp2,36,2,1.7032704800198288,0.6688999191884353,5.935441518646299,7.030948401503746,0
aceBp,8,2,1.7032095177679165,0.7861473075020867,6.114939378634823,6.940618900011227,2
elaBp,2,1,1.7031560372495338,0.6839389007255934,6.128442015926041,7.024921199002364,0
tmaR_predicted,30,1,1.702993755986039,0.6980953779604382,6.121908418059611,7.044436522716625,0
ompRp4,12,1,1.7027133453799992,0.8910981170348212,6.067615792171022,6.90437915611218,2
ybaY_predicted,39,2,1.702680512542013,0.8156450463278321,6.0845304918404945,6.9499497889665545,2
zapB_predicted,35,1,1.7026259320062795,0.787031234006523,5.991930431131826,6.907604879290293,2
ygfM_xdhD_predicted,40,1,1.7024188827304292,0.6480918864379086,6.039859992675888,7.016884618960584,0
pheMp,16,1,1.7023616022157635,0.9080682346339605,6.09347359277788,6.912715082268992,2
ybaY_predicted,3,2,1.7022896831941385,0.7913698252362641,6.015448456380816,6.977580345777225,2
ykgRp,39,1,1.7020780193658653,0.9272831225470033,6.082032552262562,6.852328772841423,2
ftsKp2,34,1,1.7020527522898947,0.6541851703969147,6.075908057908711,7.051070578059521,0
lpp,3,1,1.7020035549025083,0.918359479695195,6.043235581248678,6.858785662390919,2
dinQp,3,2,1.7019779877165564,0.9857810051670969,6.1263021226332715,6.806182711112771,2
yadE_predicted,28,1,1.7016422944924912,1.1237970470836374,6.059996969275925,6.7205824994718,2
yahL_predicted,13,1,1.7015975616214207,0.6556960916692791,6.0722970505008025,7.028480942359719,0
dgoRp,8,2,1.7012231363743922,0.6837184073463343,6.07461259471982,7.025659622421022,0
araBp,15,2,1.7011332499136065,0.6136009123880032,6.140389272662809,7.0952693825577136,0
ygeX_predicted,2,2,1.701024682242582,0.5154236031812465,6.08633575945478,7.145267785295596,0
ssnAp,25,2,1.7008455497062074,0.6236170507169293,6.098634569120612,7.075770246668609,0
cusCp,38,1,1.7008454651835552,0.7958764381879104,5.995302106921542,6.919620600249351,2
dinQp,24,2,1.7008205605981632,0.8585861171816442,5.969572628110722,6.89046427519704,2
mhpRp1,21,1,1.7007503060607183,0.5750959620396925,5.999169775528587,7.09762594548649,0
tolCp3,25,1,1.7007351119296805,0.6389381128276157,6.148982790759783,7.08802025169312,0
rcsDp,13,2,1.700513747098259,1.0098905813767902,5.969304293968391,6.818762825466372,2
gatYp,29,1,1.7003433937471488,0.9259191180812008,6.077588424814083,6.895244446169281,2
cpxRp2,25,1,1.7003380603352845,0.5889681548080812,6.034220647750749,7.101763649293762,0
acrAp,21,2,1.7000710181889982,0.9167925906554198,6.014812006777815,6.86532199793777,2
ygfM_xdhD_predicted,14,3,1.7000495167939582,0.6184414987975997,6.188078773680103,7.077020697976614,0
ykgRp,13,1,1.699948789243528,0.9489460514920797,6.041213486790806,6.805449855625127,2
mhpRp2,15,2,1.6996898888457252,0.6670810626865458,5.940725964192794,7.009894851255893,0
yadE_predicted,4,3,1.699450101889809,1.1195876637862225,6.0615456632071005,6.742022690116885,2
ykgRp,38,1,1.69938879565712,0.6340075979795204,6.112193985634304,7.062679588290181,0
znuCp,28,2,1.6991713012266214,0.9652770565668704,6.070848957211361,6.815978716487615,2
lpp,12,1,1.6990397578252106,0.9769953301521281,6.026944064265782,6.7755112362404875,2
kbpp4,13,1,1.6990023390770057,0.7391133529781452,6.0766446536385015,7.011144098530157,0
yadE_predicted,31,3,1.6989750086159159,0.9712597976088514,6.014135743628104,6.848686524550379,2
yadE_predicted,1,1,1.6989556700160595,1.1045870400835618,6.049215633216974,6.79381219925561,2
crpp1,10,1,1.698840590925851,0.85442654834936,6.100017249916534,6.941857191014556,2
tnaCp,20,1,1.6988321857173863,0.7885207349711438,6.012703233616563,6.95210412797571,2
relBp,19,1,1.6988292203724131,0.8459201439625399,6.011693881609407,6.902495456679121,2
tnaCp,40,2,1.6987091804441907,0.7498539130655996,6.022834537140254,6.980333218883325,0
ecnBp,38,3,1.6984869290917042,0.7731296106100249,6.057997848382023,6.938793108042411,2
TSS_18061_regulondb,3,1,1.6984437796497802,0.6568143870088817,6.110983113453509,7.045025021194462,0
rcsBp1,24,2,1.697929415519736,0.6938715467635563,6.114510251161394,7.0118608140583785,0
yqaEp,15,3,1.6978576415812148,0.9890854139987757,6.064845080151724,6.82537584066814,2
ftsKp2,1,1,1.6978561772995715,0.8480775809333057,6.078215762344229,6.929144516135697,2
yncEp,36,2,1.697818916790869,0.7780514893153251,6.080160845288616,6.968788201838519,2
ratA_yfjF_predicted,13,3,1.6976955696272058,0.6865539653390297,6.098177083910035,7.056328726951896,0
icdC_predicted,37,1,1.6976791059437664,0.7086206062784464,6.017371024459965,7.024010504300049,0
ecnBp,40,2,1.6975611793543373,0.8104760579714959,6.037938577037011,6.949539515844791,2
crpp1,29,1,1.6971867261983677,0.817441524253889,6.178549324712657,6.957671518264767,2
ftsKp2,13,3,1.6971143644764937,0.6000447873071347,6.069230617253351,7.08359415115751,0
tfaE_stfE_predicted,12,1,1.6970858865316465,0.5948859883836402,6.063299363974005,7.089426107850945,0
ompRp2,40,1,1.6970058492340714,0.8587677022539543,6.040602213043606,6.889594692881065,2
elaBp,2,2,1.6968925253150824,0.7111142924179144,6.015258984112096,6.979223830086082,0
yahL_predicted,9,1,1.696846938272583,0.6606544038203522,6.128212580145242,7.075168961972521,0
ompRp3,1,2,1.6967597503782461,0.6046174732155541,6.088762796129069,7.104246643106618,0
rspAp,29,1,1.696681663381515,0.9747969132177087,6.028987373632507,6.813588478683424,2
ygeY_predicted,8,2,1.6966316855340386,0.6933152403487806,6.0066063079482435,7.027221818088372,0
xdhAp2,40,3,1.696482340582282,0.6132412497985578,6.01495291671467,7.0650126065238865,0
ecnBp,35,1,1.6963986979314363,0.7452912448528267,6.114584106752291,7.015382926548985,0
tolCp4,19,3,1.6963275885184406,0.724638084973906,6.168461691228448,7.004503219790767,0
recNp,41,2,1.6963230367305169,0.8580703978849573,6.096898119528577,6.879080422781392,2
mtnp,2,2,1.6963132121692652,0.877342475008869,5.996515062881869,6.873064761087779,2
ecnBp,18,1,1.696242793515536,0.8128789442894115,6.042186405738537,6.933081357945331,2
ykgRp,1,1,1.6957226278757078,0.942006474112113,5.974331735189968,6.80017621193374,2
icdC_predicted,33,1,1.69561873211304,0.6869696087325754,6.00845558232772,7.029257859639051,0
yadG_yadH_predicted,5,2,1.695132987446787,0.591220245347561,6.1485151314969375,7.110827325047354,0
yqjE_yqjK_yqjD_yqjC_predicted,22,2,1.695032102265903,0.6359580072535856,5.987632107953184,7.071898467505672,0
ygfKp,21,2,1.6950134297007802,0.6241947082753346,6.1356474666006395,7.074440928345651,0
ybaY_predicted,28,1,1.6949592291188706,0.9504150854049311,6.007199120610248,6.857576039188912,2
cpxRp2,4,1,1.694658471879323,0.7139053427480624,6.144162677352885,7.028513626263119,0
yqjE_yqjK_yqjD_yqjC_predicted,24,1,1.6944794873370568,1.031524214018691,5.99607569920868,6.787501672097631,2
ratA_yfjF_predicted,3,1,1.6943539687799487,0.7240800545299638,6.086539697725351,7.015207163507101,0
ybaY_predicted,25,3,1.6941672428796712,1.060533828951074,6.0714070601195775,6.781522016110723,2
ybaY_predicted,37,2,1.6939696422133066,0.8759629778625485,6.0064428708304565,6.9125070143053495,2
yagB_insX_yagA_predicted,34,1,1.693452636375013,0.7158318373120416,6.043658524800447,6.983160023654197,0
mglBp,18,2,1.6934091985759825,0.9974213542352948,6.033631875011927,6.73176778428411,2
crpp1,4,3,1.6933678646093648,1.002082828597663,6.023315440507432,6.7987008914174565,2
recNp,15,3,1.6932482861526148,1.0365231302490263,5.948159367003588,6.710053265196144,2
yadI_predicted,1,1,1.6932279702630384,0.8821611555138094,5.977432196484429,6.840152816684533,2
mhpRp2,5,2,1.6930306628415108,0.6712323757912972,5.969629390945724,7.005908829435395,0
TSS_18061_regulondb,40,1,1.692905810572054,0.7565818779547535,6.069534721059923,6.995521047898315,2
dgoRp,29,1,1.6927917729642799,0.9465581498724236,6.0367785776840215,6.85230661726767,2
mglBp,17,1,1.6927901639727005,0.6459456740304281,6.156091400739075,7.056013092158722,0
crpp1,5,2,1.6926334594295498,0.8529246478318547,5.979169150902203,6.891402567606177,2
ygeX_predicted,7,1,1.6926146483040898,0.6070630505380072,6.152450746629431,7.092817956777759,0
crpp2,14,3,1.6926079080931902,0.805641710355139,6.017141113044419,6.94033686676789,2
dinQp,9,2,1.6925773803902282,1.1825944936103268,5.997406736837916,6.6347226099994785,2
zapB_predicted,31,3,1.6923307059780686,0.8642047897269045,5.982060228815694,6.85713526043633,2
araCp,6,1,1.6922860218965465,0.7775883564368717,6.005945670582204,6.955388316010391,2
gatZp,1,1,1.6922451392628495,0.6236903715588646,6.135084383204701,7.084891566902545,0
ykgRp,19,2,1.691960866247935,0.8718437517588012,6.075274545371427,6.894244565244108,2
yahL_predicted,35,2,1.6917931755475786,0.7873063163740701,6.092695032107632,6.957369518793952,2
lppp2,28,2,1.6917228997611116,0.6918236819803291,6.172092704692485,7.046967112904283,0
crpp3,39,1,1.6916224463508893,0.8445687165218805,6.1437632881135364,6.95117560713984,2
ygfKp,6,1,1.6916059204616392,0.698386984199232,6.121688725794501,7.024824422598785,0
lacIp,12,2,1.691481623872483,0.7600821928682361,5.9995854408761815,6.991508600509505,2
yqaEp,38,3,1.6914164787615191,0.9458884585797416,5.955999342404228,6.812909735969579,2
furpb,19,1,1.6913254748213402,0.846673445679121,6.046667741451935,6.923775281794208,2
ybiY_ybiW_predicted,9,2,1.69117470871904,0.658381071704684,6.128414662337438,7.09113310678015,0
ftsKp2,5,1,1.6909690465812617,0.677822269657937,6.059613621232856,7.016609234618327,0
gatYp,36,1,1.6908505184630556,0.7760864597903774,6.098691650603742,6.981547613455795,2
TSS_6311_regulondb,9,2,1.6907201844515385,0.7146178935708052,6.102517110907495,7.03260260969025,0
ghoSp,33,1,1.6903723412552283,0.6918729979768027,6.178366277642074,7.056985359877588,0
galEp3,2,1,1.6903430057659792,0.6709769383751382,6.078583479892263,7.015574840399468,0
ygeY_predicted,16,1,1.6901419277213765,0.6396450261096795,6.037342688044356,7.066225890297258,0
blrp,30,1,1.6900854979710587,0.88968932437464,5.97892824285726,6.890317789992432,2
crpp3,36,1,1.6899162471159788,0.9449332859340069,5.998673438734857,6.815497050527834,2
yadI_predicted,38,3,1.6897169948298516,0.8296420051741128,6.087406123472672,6.9230876980446165,2
ompRp2,21,1,1.6897003621304325,0.8413955741284371,5.969297263252749,6.9102268162391365,2
TSS_1414_storz_regulondb,37,1,1.6894164256586648,0.7474709795443956,6.07374268663699,6.973599591407642,0
ymfM_beeE_jayE_ymfL_ymfR_tfaP_ymfT_ymfN_ycfK_ymfQ_predicted,14,1,1.6893740086879878,0.5441500303142229,6.005009515343257,7.126282280110621,0
yacCp,28,1,1.689252737917861,1.109376961562788,6.0450132410422786,6.740219444570843,2
crpp1,21,2,1.689197265146878,0.9050863407707863,6.025456650693215,6.877484218494116,2
uacT_predicted,2,1,1.689139456124706,0.6435985661903404,6.123099943064478,7.069398377530202,0
TSS_18061_regulondb,33,1,1.6890977655731687,0.6110039085989071,6.139574086949322,7.095279291061178,0
yadL_yadM_yadC_yadK_predicted,4,2,1.6890826068205047,0.7582479653943619,6.113822819121524,6.984735757097571,2
lpp,11,2,1.6888713879212873,0.8731470209424093,6.012582641480927,6.86834089159743,2
mprAp,30,2,1.6888277083272711,0.8761590041202559,5.9158095691263615,6.875118095161196,2
galEp3,34,2,1.6883788755440343,0.6508724906942559,6.1045632286344444,7.028958712191425,0
TSS_4655_regulondb,5,1,1.6879437308372631,0.6124745503592459,6.159908030915417,7.10853444905538,0
rcsDp,15,2,1.6878539785038915,0.887478068996581,6.03827043662934,6.928175557742962,2
xdhAp2,24,2,1.687788404034971,0.5719782154288876,6.137691764048147,7.1191523846654405,0
mhpRp2,6,1,1.6876966573516914,0.6467793093693398,5.926745748260447,7.006027801521352,0
mhpRp2,29,1,1.68767905043016,0.6149716782718206,5.941389124992934,7.051984014000837,0
araCp,30,2,1.6876073890254353,0.9109784668903725,6.009061275935879,6.860633184514198,2
icdC_predicted,33,2,1.6875750639693852,0.6844592645949259,6.088207553199317,7.027796538578202,0
cpxRp2,39,1,1.6874950339302974,0.6049712957372447,6.017706658828422,7.067843416344115,0
ygfKp,7,1,1.6874878354322393,0.6041798885844807,6.218562668929934,7.106230719768397,0
icdC_predicted,36,2,1.6872340569939384,0.6208517244693977,6.057273310677438,7.072147192791791,0
ompRp4,39,2,1.6871361269050418,0.8445023182971196,6.074973973117315,6.911576361534645,2
yqaEp,29,1,1.6869644476661878,0.9777065867516412,5.962672610438912,6.7932928428723836,2
ompRp2,23,2,1.6866746283071752,0.8796773070295227,6.049902586178225,6.875412576649298,2
kbpp4,30,2,1.6866579550596363,0.8537813840849303,6.067449761981189,6.91160373368667,2
tmaR_predicted,36,2,1.6863784996853937,0.8395469178840382,6.0696901951458315,6.93537747104745,2
znuCp,8,2,1.6861640292734188,0.9035382365138738,6.086210932762228,6.90092369226981,2
yahC_predicted,30,1,1.6857213535007032,0.6401956114288387,6.001086667159673,7.047119758689603,0
dinQp,10,1,1.6856646896271807,0.8915777552677844,6.087507857119429,6.865545579875183,2
mhpRp2,40,3,1.6854498784074838,0.6707033938695653,5.959799131311388,7.012928042124865,0
intE_xisE_ymfH_predicted,18,1,1.6852722874149713,0.6604933197071655,6.041579317886009,7.052794128997401,0
yjbJ_predicted,13,3,1.685262203771272,0.6643717165274619,6.164431600690069,7.05121097281543,0
ratA_yfjF_predicted,17,2,1.6851842979069125,0.5463347796543159,6.078614846494182,7.121374905578032,0
intE_xisE_ymfH_predicted,38,1,1.6849094516927916,0.6493535494403049,6.061750116944242,7.063069977284125,0
yagB_insX_yagA_predicted,1,1,1.684604380028909,0.80495611693696,6.048859817956418,6.94895174001701,2
gatZp,30,1,1.6845936940735031,0.5702475027188093,6.059762317951876,7.100880367035749,0
yadG_yadH_predicted,16,2,1.6845485640032196,0.6729840197731808,6.151915908598362,7.053922751047606,0
yacH_predicted,29,2,1.6844205666273238,0.6274961309572921,6.152132521889965,7.0858485583239075,0
sulAp,8,2,1.6842994678613554,1.0162643722521374,6.002957081212308,6.708608762811469,2
TSS_1414_storz_regulondb,37,2,1.6842630309490325,0.8068894425917287,6.032340111211262,6.921867044129785,2
lppp2,34,2,1.6840594274317586,0.679874030860598,6.141986494139157,7.062015060343358,0
rcsDp,37,2,1.683937368810755,0.9262293687315313,5.990679798111901,6.8560599972567235,2
cusCp,20,2,1.6839278241807405,0.6212077576118582,6.004770472283824,7.064030857089301,0
dinQp,40,2,1.6836481298880022,1.0482813348046662,5.971846230154393,6.720764293374074,2
yjbJ_predicted,7,1,1.6833564448875369,1.0920137089406392,6.0407338447145875,6.764304570888125,2
mcbAp5,11,2,1.6830611150811732,0.6459771816484211,6.0597812726213665,7.067153616100637,0
ghoSp,1,1,1.682868819632,0.7262201029066755,6.1248385893830495,7.002402975380963,0
rcsBp1,30,1,1.6827118208214729,0.6023163061509729,6.087679976295138,7.0898635064459805,0
dinQp,17,2,1.6826066787646632,0.9899277751571379,6.020483490942796,6.801480941441138,2
tfaE_stfE_predicted,31,2,1.6823879230167345,0.595732810379517,6.020369097641389,7.081802365063259,0
ompRp2,34,1,1.6822758528462782,0.9617093143162637,6.1214781820635285,6.871626523803199,2
yadG_yadH_predicted,39,2,1.682158148404402,0.6282459930650656,6.013912914024613,7.0593093460322,0
ecnBp,24,2,1.6819880013315702,0.9284869055858637,6.047321846127937,6.875330563744106,2
mprAp,28,1,1.6818928041125742,0.9754494164379706,5.89155374709666,6.758614399718746,2
rcsDp,12,1,1.681769530291077,0.7805192622860794,6.058268296976987,6.982433689070389,2
crpp1,29,2,1.681540626512685,0.8577775313255517,6.126268004206291,6.909403759495698,2
yacCp,22,3,1.6813531539767104,0.9191785014626263,6.0462840911824545,6.868930829368427,2
cusCp,6,1,1.6813281156575373,0.5287003916007792,5.998591228983706,7.136694990546663,0
tolCp3,2,2,1.6811563379007848,0.613889878979397,6.242293917429198,7.093072740156968,0
TSS_1414_storz_regulondb,10,1,1.6810771918087246,0.7604694726149198,6.0584434456422205,6.950909037606637,2
ssnAp,34,2,1.681073718519769,0.5432994849159255,6.031788174334463,7.124566028403093,0
rcsBp2,16,2,1.6810358142933186,1.1115568009378085,6.092949184803053,6.740742075421742,2
yagB_insX_yagA_predicted,35,2,1.6809369709360371,0.9591816369151314,6.117273250194289,6.880258166320295,2
ftsKp2,40,2,1.6809103861452674,0.7270225798696194,6.137230240874383,7.017383436484523,0
galEp3,25,3,1.680871012075306,0.6197454829194514,6.048096827987271,7.070322973674677,0
znuCp,7,2,1.6808353549047816,0.8396459204719499,6.0956016961911965,6.9724318446015126,2
znuCp,7,1,1.6806265594466951,0.9208612745800401,6.141678179077452,6.920101975046967,2
rdlDp,29,1,1.6806007913105836,0.8847345328518897,6.033546447160143,6.8970823775016,2
ssnAp,36,1,1.680575273253742,0.5737118674097227,6.099977709925066,7.112120585140282,0
zapB_predicted,3,2,1.6805393336127166,0.806841641250996,5.977122873587632,6.877757893415611,2
uacT_predicted,19,2,1.6803656320393485,0.6942447974964425,6.091055178304974,7.042324029402705,0
ecnBp,34,1,1.6803181736801929,0.8412377589874472,5.98001335235808,6.892594725369838,2
ompRp4,23,1,1.6801124017195948,1.042058745899468,6.078191376924488,6.766550523971395,2
yadI_predicted,21,2,1.6796609264169196,0.5395642398360032,6.057269767196384,7.11719745898484,0
ompRp3,24,2,1.6794952814759048,1.0017871640936744,6.1006449707937325,6.82071883886484,2
acrBp,28,2,1.6794279709751005,0.7023222949589237,5.977474598884463,7.017969747104914,0
mtnp,28,1,1.6793962485560412,0.8873063172661362,6.026627893037381,6.880760698068256,2
acrAp,30,2,1.6793293991352924,0.8561352657694897,6.072055322586849,6.941160057874213,2
TSS_1414_storz_regulondb,1,2,1.6792811530541978,0.7704575748239423,6.101377045945821,6.951292603334217,2
yahC_predicted,31,2,1.679268912642996,0.5462492360510744,6.096362108707632,7.134336561131508,0
lacIp,33,1,1.67912141906055,0.9243432531312278,6.139029587396701,6.842174997694974,2
yadE_predicted,40,3,1.678743828989453,0.9263280979121953,6.037672824807846,6.854869087980074,2
ymfM_beeE_jayE_ymfL_ymfR_tfaP_ymfT_ymfN_ycfK_ymfQ_predicted,1,1,1.6787107525056009,0.6502973216164646,6.170190706160844,7.034871125870914,0
rcsDp,30,2,1.678486453433385,0.6795636187323438,6.139143503684062,7.039538715835874,0
TSS_18061_regulondb,12,2,1.6784751298284595,0.582672987631375,6.173394998579513,7.120932416718089,0
TSS_6311_regulondb,7,2,1.6784537941173467,0.5523653248804323,6.08187350614219,7.112512105596361,0
kbpp4,31,1,1.6783803821024628,0.9333093207967117,6.084219180571141,6.865539253343447,2
yacH_predicted,11,1,1.678164908099256,0.5461406248703632,6.117180099022422,7.128549479589118,0
elaBp,30,2,1.678080749548036,0.6364481907395846,6.1526620924318305,7.06047523755537,0
icdC_predicted,18,1,1.6780796261865734,0.6207732175997732,6.059175187401506,7.0758822524678955,0
ygeY_predicted,7,2,1.6780120516232362,0.4896063508969303,6.115870288261119,7.169000567949524,0
yjbJ_predicted,4,3,1.6779045992683421,0.5665538502947243,6.050027623901144,7.1135376936012396,0
gyrAp,7,2,1.6777827540658166,1.0274425174906319,6.061293056904894,6.794972387025142,2
ybaY_predicted,6,1,1.6775345506461143,0.5799151526733254,6.032180020522418,7.1026818297630445,0
ompRp2,10,2,1.6773089721580081,0.8478638349492094,5.9806164598249145,6.897154157779322,2
ygeX_predicted,3,2,1.6771967352592199,0.6789293436064857,6.073488166447216,7.053794770109739,0
mhpRp2,35,2,1.6770334551323303,0.6151454291352806,5.965287812893116,7.0482712848920075,0
TSS_1414_storz_regulondb,13,3,1.6770236666522502,0.7778453028944936,6.022708425463059,6.932999417973139,2
mhpRp1,41,1,1.6767495463842743,0.6785976456590074,6.185253932787068,7.058639091613516,0
mcbAp5,23,2,1.6765937645809497,0.5715619640149634,6.106611357500595,7.100606195063699,0
dinQp,19,2,1.6764722355579207,0.9763225659457433,6.076680658479281,6.8244688287232105,2
TSS_1414_storz_regulondb,18,1,1.676202332451968,0.8103408700042946,6.0861594007948465,6.931387745022173,2
rcsDp,28,1,1.6760793344114306,0.7889337544642726,6.064925252343951,6.967534661054902,2
TSS_4655_regulondb,13,3,1.675751750323825,0.683433190204094,6.0467323945409905,7.018257887052675,0
rspAp,34,2,1.675694247631725,0.7223306254872839,6.013478610895561,6.998827362347193,0
yjbJ_predicted,15,2,1.6753858357582112,1.028173531385347,6.059169560071733,6.806192363307067,2
araBp,2,2,1.6752269361069245,0.6929353139185834,6.131438976256177,7.041434568777118,0
icdC_predicted,35,2,1.675030625843621,0.7078439911998861,6.007888823165585,7.010778141440066,0
cusCp,22,3,1.67430823942649,0.690314825781121,6.169388433757218,7.048759293301984,0
ygfKp,9,2,1.6741875922895189,0.5955100838580144,6.0787185800799,7.096634850841696,0
mhpRp1,13,1,1.6740506243458906,0.6071463437506619,6.127726369040526,7.0908099672077105,0
uacT_predicted,33,2,1.6740392087210911,0.679980944435802,6.125233940425905,7.033070517294572,0
yadE_predicted,2,1,1.6739942427514327,0.8876897013092995,6.089176164875993,6.916915064006611,2
lpp,21,1,1.6739829471047185,0.8205582619136628,6.088553468020873,6.921729600821939,2
mhpRp1,34,1,1.6739095253221148,0.6297430028001767,6.097100150491111,7.067229429401218,0
recNp,8,2,1.6738226535630885,1.0174063953571792,6.020768100122988,6.776531555565022,2
araCp,19,3,1.6736797458098622,0.8359866533405981,6.101793688635905,6.929870579641209,2
ldrDp,39,1,1.673550301894776,0.6093317664194978,6.097233594131504,7.086055995849922,0
mglBp,14,1,1.6733688576239196,0.7557706166633936,6.105188853719024,6.96117705299511,2
gyrAp,11,2,1.6733665033939673,0.8475739848313207,6.065476687648565,6.932389278574725,2
intE_xisE_ymfH_predicted,23,2,1.6732128607216625,0.6014661749020871,6.099865274332039,7.080466054023574,0
icdC_predicted,23,2,1.672833593933396,0.6065789913284046,6.054078939904676,7.069889517693464,0
furpa,19,1,1.672729942358328,0.8827495291605821,6.063138368826791,6.901006230762092,2
galEp3,14,2,1.6724964977007573,0.5811111304815498,6.138699292863459,7.099488229593759,0
yadI_predicted,3,1,1.6724064899857012,0.7214638472380877,6.001458800096523,6.999321701527783,0
tolCp3,17,2,1.6722253724991618,0.6239349558106031,6.180613044335367,7.082092566695872,0
mcbAp5,22,3,1.6722112391726158,0.6835988306683186,6.04585619161666,7.04522593787393,0
mprAp,33,2,1.6720232454538408,0.9568186155909976,5.9135504040247175,6.776549676366486,2
araCp,39,1,1.6719341524835116,0.9061774447378531,6.169165929716165,6.871146426383417,2
gatZp,31,1,1.671873005989567,0.576274951406041,6.1018930505814994,7.091107341286747,0
TSS_6311_regulondb,25,1,1.6714386101035579,0.6398139810634598,6.131447958548659,7.078600680708634,0
ybiY_ybiW_predicted,10,1,1.671426140137788,0.819938741147562,6.042604720745256,6.888966610506117,2
kbpp4,6,1,1.671406323650191,0.7432067999891198,6.035356635930551,6.966055183873946,0
tolCp2,8,2,1.6712956668135588,0.9293962303924036,6.114913531528299,6.861225693805413,2
yacCp,11,2,1.6710654863235044,0.9485645634128491,5.992709685759509,6.811738407560044,2
yacH_predicted,32,2,1.6710190625559407,0.6347312974711573,6.065504760893138,7.071079120161582,0
ftsKp2,35,2,1.6709833833821477,0.8514004828887329,6.018387241389373,6.926253825561867,2
TSS_1414_storz_regulondb,40,3,1.670709949659197,0.8191355459061074,6.085362827605533,6.914194747020648,2
znuCp,16,2,1.670651449149576,0.6532164167451893,6.112086796252971,7.070393541051097,0
yncEp,35,2,1.6705381475649637,0.6806152773257096,6.089498089577644,7.044817756935149,0
yadE_predicted,2,2,1.6704107960514973,1.0044299358986541,6.019956714188144,6.8202577563823485,2
xdhAp2,5,2,1.6699812931946525,0.6073141507814311,6.027140571703489,7.083100939463527,0
crpp1,40,1,1.6698682237053093,0.8935882179869872,6.003446963826938,6.873578239166492,2
blrp,14,1,1.6697252483221836,0.8704327442955474,5.98964480775429,6.914330672273445,2
TSS_1414_storz_regulondb,23,2,1.6697142384625094,0.788199949523278,6.171810518956576,6.965955413908846,2
yahL_predicted,33,1,1.6697065237939073,0.6849018343693967,6.108984358712656,7.02116366186025,0
ompRp3,25,3,1.6693831489912652,1.1469314860022082,6.044540737713643,6.660314113640597,2
xylFp,1,2,1.669348382720303,0.49068666112653986,6.1041318504089155,7.171279443434814,0
rdlDp,30,1,1.6693457657619564,0.9192052484580944,6.176662725053937,6.935509414893536,2
icdC_predicted,34,2,1.6693314383826088,0.6488733115155724,6.092895109786108,7.053053561215037,0
mglBp,3,1,1.6692231855093635,1.1468714914795821,5.926384459023199,6.587820347654585,2
acrAp,34,1,1.6692058417494164,0.8470014092464736,6.0543126237058,6.910837504247499,2
recNp,4,3,1.6689690533731139,0.8982829770790643,6.053621869774663,6.84010325006064,2
ygeY_predicted,34,1,1.6686791953747737,0.5482704211309567,6.041954695765652,7.115919178540654,0
galEp1,25,2,1.6683938455934693,0.862606491858617,6.052491375865562,6.881231177876166,2
pheMp,16,2,1.6683614340295756,1.0040424106607149,6.084559273121047,6.81418103879223,2
xylFp,4,2,1.6680790470259665,0.6692774839670405,6.226486820201325,7.054949758751635,0
mhpRp2,31,3,1.667728017545498,0.6249568103745424,5.93626035184661,7.040056675043189,0
ratA_yfjF_predicted,24,2,1.667690907581227,0.6308908340609707,6.096775764778755,7.054852762860097,0
ygeW_predicted,4,2,1.6675531185398735,0.5656285395715738,6.109288161030355,7.120401002558829,0
ompRp4,41,1,1.6674373294889817,0.9685218924591824,6.099375667601971,6.837898832837147,2
ompRp2,38,1,1.6673819814019288,0.8594395780528412,6.059623979408056,6.929677229011194,2
ftsKp2,37,2,1.667229962436163,0.8466157954905095,6.093354865182416,6.911982055983476,2
uofp,31,2,1.6671744305500493,0.8047180542868686,6.131113884374697,6.976853962442302,2
lppp2,19,2,1.666804328171078,0.5613445809966016,6.1975749257383645,7.13857571831975,0
icdC_predicted,17,2,1.666679773428664,0.6478507351832473,6.092495887050331,7.057138566478619,0
araCp,20,1,1.6664828547586183,0.8263631771614104,6.098490532504167,6.944818988301755,2
xylFp,14,3,1.666252579982115,0.6365469472189182,6.127980756475633,7.049133423781013,0
mtnp,24,2,1.665806674334662,0.8699967780475748,5.998420746698958,6.920545154585836,2
ecnBp,4,2,1.6657933051768488,0.7969310808278113,6.050524667029439,6.948973180053393,2
kbpp4,19,2,1.6657854677335044,0.7006455720504386,6.128560773192719,7.03156042096586,0
tolCp3,5,1,1.6657650959227355,0.684765769499901,6.155381384602868,7.046572734172187,0
yqjE_yqjK_yqjD_yqjC_predicted,19,2,1.665718221843152,0.9619625868149372,6.181657250408371,6.893936047600784,2
galEp2,20,2,1.6657079454362513,0.7769982113264154,6.077907430466691,6.970147947904865,2
mglBp,35,1,1.665544393019304,0.842460900689674,6.090914824002149,6.861684421447055,2
yjbJ_predicted,22,3,1.665514847960293,0.6247022067461496,6.058630838078763,7.065281381067293,0
tfaE_stfE_predicted,7,2,1.6654423293881002,0.5917100589420309,6.111615763840087,7.085412024869671,0
tolCp2,22,2,1.6653387825676635,0.764008001693616,6.098681335114825,6.9751461465516105,2
ybiY_ybiW_predicted,1,1,1.66528396673279,0.8157192294028387,6.0279076151636675,6.8751254525154515,2
lppp2,14,3,1.6651136550314747,0.7051143977610667,6.166728299747408,7.041588524973096,0
mprAp,31,2,1.6648384368418174,0.7866468865586353,5.96781140137046,6.944475320651707,2
zapB_predicted,28,1,1.6647923412414685,0.870731945905859,6.015623353113474,6.845264692697324,2
gatYp,36,2,1.6646111770940268,0.7755362514608346,6.112366755415084,6.994264218774018,2
ygeX_predicted,30,2,1.6645859240831131,0.5669769881106502,6.143665831130146,7.107992807953351,0
araCp,24,1,1.6644176519943656,0.6405577319621232,6.1404550883961555,7.060918703263515,0
xylFp,35,1,1.6643572394633113,0.5886903522250505,6.225468836149632,7.0987749469251735,0
ompRp1,23,2,1.6641316029921047,0.7098499104881286,6.07689190718272,6.9990016511516435,0
yacH_predicted,19,2,1.6638787200387886,0.699170400183387,6.0611532117305025,6.997887649646902,0
rcsBp1,30,2,1.6638719140836065,0.7684301321512069,6.123417074130223,6.977637359522514,2
sulAp,19,1,1.6638214561286113,0.8169696051095282,6.07441349450647,6.941372064081987,2
lpp,3,2,1.6637205245677653,0.9266239772152872,6.050362622467038,6.8353506314936885,2
ompRp4,23,2,1.6636156550372028,1.0121226582934508,6.060695743049532,6.799125226312505,2
galSp,23,1,1.6636108544092991,0.5999339228442274,6.133226656533955,7.0868630478664505,0
fldAp,20,2,1.6636022372589758,0.8303270749296409,6.131198003984206,6.934762446726372,2
ygfS_ygfT_predicted,36,2,1.6635633155432077,0.6282802377327984,6.182084346504347,7.068847272571041,0
lppp2,9,2,1.663465106434716,0.6239309514833251,6.150051271375101,7.09438178994047,0
hyuA_predicted,22,1,1.663111957851021,0.5982542932063256,6.082091342653632,7.086921639519308,0
lacIp,30,2,1.6629975071687217,0.882674778511736,6.009854750945696,6.8667341572659755,2
acrAp,15,2,1.6629249179393988,0.781044955438475,6.092234806987422,6.962318977093285,2
gatYp,2,2,1.6629045813610888,1.1285512505790254,5.974667810411677,6.642908024901297,2
TSS_1414_storz_regulondb,41,2,1.6627666593846469,0.7384042034927526,6.123839172968514,6.99444409023805,0
mglBp,38,3,1.662738994624143,1.0964153939745738,5.972237801205147,6.672839423692836,2
ompRp3,34,2,1.6626690548252399,0.6528853225714336,6.171207316417858,7.071729932497862,0
mcbAp5,19,1,1.6626511536783195,0.6146646660404763,6.073922687156404,7.084418461473822,0
yahL_predicted,2,2,1.6626150225505496,0.6982992648132739,6.120488646102223,7.053608120004989,0
acrAp,11,1,1.6626000852591793,1.0082665508070194,6.038421082592523,6.756862257392564,2
yadE_predicted,10,1,1.6623112060673457,1.0822382446036476,6.07423511065753,6.773357471234658,2
ybaY_predicted,4,3,1.662307766996398,0.9495234112760785,6.038642921905748,6.863293669702352,2
TSS_1414_storz_regulondb,19,3,1.6621460755332131,0.782914082056923,6.076675597036301,6.952272358358803,2
tmaR_predicted,11,2,1.6619736496416582,0.7574517190256415,6.051249196825717,6.964664995041717,2
TSS_18061_regulondb,23,1,1.6616637057048962,0.6174736479166801,6.138102028268554,7.105998546442161,0
ygeY_predicted,31,1,1.661568421916681,0.6184326347406073,6.145571440137898,7.106487821737023,0
crpp3,2,2,1.6613503276831136,1.0122581624832405,6.113034002923596,6.814754787232395,2
TSS_1414_storz_regulondb,14,2,1.6613092430185097,0.7841145045748852,6.063251864672587,6.934548559369135,2
mhpRp2,39,1,1.6610748821030425,0.6165210744329018,5.946279143343152,7.044073443985853,0
ompRp1,19,1,1.661047890780923,0.6358966656790536,6.167873643803912,7.086396718010302,0
xylAp,9,1,1.6609965891562075,0.5890595782194528,6.084194989973288,7.087945645098829,0
yqjE_yqjK_yqjD_yqjC_predicted,28,2,1.6609869395916925,0.9665520003662025,6.078766788850869,6.818906792356564,2
rcsDp,18,2,1.6606559246951054,0.9647116597673285,6.077863531412547,6.890511183583433,2
ybiY_ybiW_predicted,40,3,1.660600615105998,0.7010951215496007,6.128929078203331,7.02676488330108,0
mhpRp2,2,1,1.6603344595063811,0.6858329149525815,5.987345298014527,6.997411777512008,0
ecnBp,2,1,1.6600219427958334,0.694925610415619,6.087012464333378,7.033607904462686,0
TSS_1414_storz_regulondb,7,2,1.65986312477468,0.6712055779125383,6.1373707272831926,7.030705559997989,0
hyuA_predicted,41,1,1.6597553033614119,0.6660957289624562,6.117625634077565,7.024428449029308,0
zapB_predicted,25,1,1.6596383302989959,0.780091320512788,6.004636730193493,6.9293759991134145,2
zapB_predicted,7,1,1.6594510634370703,0.7999398649073819,6.059444780668511,6.956357443165389,2
mcbAp5,8,1,1.659387113129818,0.5676206541406832,6.137252096153771,7.105738599619721,0
gatZp,38,3,1.6593575787077288,0.5688211091387846,6.138251313810837,7.11775125343711,0
dgoRp,18,2,1.6588890381951886,0.836328976607345,6.119241136411882,6.928495230368569,2
ymfM_beeE_jayE_ymfL_ymfR_tfaP_ymfT_ymfN_ycfK_ymfQ_predicted,38,3,1.6587858217611968,0.6081884220319975,6.110294656883681,7.078244574938322,0
yadI_predicted,36,1,1.6584891948032905,0.6220553187701893,6.049054368872914,7.062335323840676,0
dgoRp,13,1,1.6582874102654521,0.760053923302749,6.2301587801718075,7.01234123431101,2
icdC_predicted,40,2,1.6581856884684143,0.7326053562802503,6.046206857351686,6.985073558809919,0
gatZp,32,2,1.6581547207403213,0.5252892414229458,6.101857437154985,7.133246012434441,0
yacH_predicted,36,1,1.6580771774956093,0.7737624578217859,6.141205100137135,6.958058598073609,2
furpa,14,1,1.658062778629776,0.9592149527073065,6.071617454275673,6.859084004373987,2
rdlDp,13,1,1.6580377962886714,0.8874486970223606,6.120381765621058,6.9225167313290585,2
ymfM_beeE_jayE_ymfL_ymfR_tfaP_ymfT_ymfN_ycfK_ymfQ_predicted,21,2,1.6580291963489462,0.6797762372219379,6.225979078540317,7.040905251593119,0
mglBp,3,2,1.657801262356954,1.138326013168639,5.953183131980099,6.596558030649767,2
tolCp1,22,2,1.6577400439895276,0.6621403987595943,6.107336078837511,7.042737869611674,0
araBp,30,2,1.657692855189948,0.7172808269804793,6.103226763546285,7.005351569020418,0
TSS_1414_storz_regulondb,10,2,1.6575810961534718,0.7724517535077621,6.106508890604695,6.944583736355176,2
mhpRp2,18,1,1.657384939072585,0.6720082743358725,5.96481520720955,7.006077573211225,0
aceBp,7,2,1.6571765539568013,0.8647289348269565,6.076937526260665,6.881244079373203,2
recNp,22,2,1.6571527341605181,0.8095389374830848,6.075998445596871,6.932881633588918,2
tolCp2,8,1,1.656869146478779,0.892650333667479,6.05044110665532,6.867642329479585,2
dinQp,12,2,1.6567055928132481,1.028279715115992,6.033213560502478,6.7538911138645,2
cpxRp2,20,1,1.6565656529247474,0.8152003311279796,6.16812391351488,6.931235490334077,2
yjbJ_predicted,31,3,1.6565182295721497,0.4834581827997335,6.2555384761401385,7.1749099183440395,0
yadE_predicted,13,2,1.656506221516911,0.7884662665299645,5.987129360794852,6.940747360548774,2
gatYp,38,3,1.6564102664708646,1.1375977781509452,5.984780058695144,6.640234055528926,2
acrAp,35,2,1.6561351271552824,1.0087267317913018,6.0881101464033,6.777320162601536,2
gatYp,13,2,1.6559657329951298,0.6733993377786694,6.081767674516721,7.052866527920674,0
mprAp,38,1,1.6558777095598,0.8003848780507627,6.011629335159492,6.934226525268031,2
acrAp,13,3,1.6557155154050656,0.9343398130142236,6.0448303225370275,6.8194577346115475,2
ybiY_ybiW_predicted,36,2,1.6556247189664421,0.6060006116904427,6.163427340214414,7.096869894601489,0
araBp,3,2,1.6556048316926888,0.8065531841248421,6.09816287210991,6.94411209602264,2
acrAp,28,2,1.6554748921340694,0.6273090904612404,6.171371588113974,7.079573978190864,0
dinQp,39,2,1.655157146690961,0.9211946429120862,6.054324366984032,6.848351088001606,2
icdC_predicted,28,1,1.6549419556937908,0.5877483531954512,6.064184986505669,7.099838501959318,0
recNp,30,2,1.6548372209995843,0.7857690024221033,6.080868447435872,6.964352305252465,2
icdC_predicted,10,2,1.654817711405041,0.7023884417714392,6.084071426400628,7.029682159864812,0
ftsKp2,32,1,1.654807442838911,0.86172451363147,6.154222145375842,6.927283980249284,2
yagB_insX_yagA_predicted,25,1,1.6546080550928515,0.7003025816798673,6.137322684118611,7.056987698439198,0
gatZp,9,2,1.6544413877735307,0.5930424820114387,6.150639022912031,7.096629815893618,0
mprAp,16,1,1.6543231566663728,0.817035410133099,6.135731358485115,6.96607113510717,2
gyrAp,17,1,1.6539511057394602,0.8212432196109942,6.096824600009988,6.95169789071664,2
mtnp,15,2,1.6539100711021981,0.9293119677532659,6.053984553294113,6.841923410908644,2
yahL_predicted,6,1,1.653826789728312,0.7081307381255981,6.139961343688539,7.015541016040962,0
icdC_predicted,16,2,1.6537318320621277,0.5756921537788114,6.169803281766942,7.117582290658252,0
ftsKp2,11,1,1.6535899168979582,0.6779239257635984,6.066276292515595,7.029857212860022,0
yadI_predicted,4,3,1.6534008801228743,1.0113790452594758,5.986500639698064,6.729326401015838,2
ygeW_predicted,36,1,1.6533367146057814,0.590363427639324,6.121217795014436,7.111072400647511,0
znuCp,17,1,1.6530844689659419,0.7599968101788975,6.164198206822789,6.99813776544697,2
ybeDp,22,2,1.6530071717789692,0.9188314699349177,6.098297550611591,6.872542904566629,2
ykgRp,6,1,1.652968770305432,0.8436358121721298,6.034154159340583,6.901910909265693,2
elaBp,5,2,1.6529453603209545,0.7272625232618978,6.111387131604556,7.006510955023387,0
mcbAp5,4,3,1.6529421149595238,0.5901048277433266,6.067675148336473,7.080639224787333,0
crpp1,23,1,1.6527582209255145,1.0237507136352206,6.119962883929459,6.804564928861327,2
mprAp,8,2,1.6525622635056292,0.9210567490762934,6.072605226826733,6.815851684881633,2
crpp2,12,2,1.6524207089594103,1.0158566895375625,6.0154876755435485,6.793898539759231,2
ompRp2,33,1,1.6523339952278706,0.6808947030025952,6.099292263263021,7.010878267945852,0
sohAp,31,2,1.651970315274762,0.9657546795718479,6.110373023344895,6.890400532558671,2
ldrDp,28,2,1.6518894565703144,0.49941509529720324,6.079431577189363,7.158948080626705,0
uofp,22,2,1.651844503469363,0.8290107924211086,6.115272329329141,6.976761415521235,2
TSS_6311_regulondb,35,1,1.6518091025354356,0.711831934747687,6.032996759414974,6.99020010193636,0
ybiY_ybiW_predicted,40,1,1.6517942690268295,0.7581664225687486,6.146251791673288,7.020443286617152,2
mtnp,7,2,1.6516574423453625,0.7686700195019482,6.106598813312279,6.945629443456747,2
hdeAp2,17,1,1.651551572132161,0.7497255032188804,6.1243881198152925,6.9681684831319455,0
TSS_1414_storz_regulondb,11,2,1.6514899824184597,0.7904938180133022,6.06885097850202,6.925615849848426,2
yqaEp,17,1,1.6514368845564393,0.6045776440852728,6.05371712345892,7.0763839642159425,0
uofp,16,1,1.651189454668031,0.7435079557517311,6.207242829210374,6.99796385463007,0
tolCp2,16,2,1.651169305900118,0.9619598478449056,6.048566541855314,6.839605276284087,2
ompRp1,25,2,1.651135324710815,0.575720357904423,6.241677274363122,7.106814956405726,0
ompRp4,38,3,1.651099895082733,0.9956007304167688,6.0595058175633465,6.789148239873102,2
furpa,31,2,1.650908837417877,1.0213976235613502,6.033843179823959,6.817783849558858,2
yacH_predicted,3,1,1.6504123883768604,0.5819164921043332,6.255210726877757,7.1115303315892815,0
relBp,9,1,1.650366718158882,0.9688269677944193,6.043112756778163,6.822033214725035,2
cusCp,13,3,1.6503611278651236,0.690960824969554,6.157446958272985,7.04840174623334,0
kbpp4,30,1,1.650268246305307,0.5879658127170942,6.044841703611468,7.08786280802092,0
yagB_insX_yagA_predicted,11,1,1.6499952423133588,0.7944055944112431,6.0953768083445485,6.944661092569596,2
gyrAp,19,3,1.649935203276269,0.9789437902255955,6.100006498415391,6.822113759774696,2
crpp1,37,2,1.6499309804289795,0.871350639652033,6.020696882484808,6.870108586514207,2
icdC_predicted,5,1,1.6499225752345519,0.6057257241670221,6.032193097309129,7.072648762710726,0
yadI_predicted,31,2,1.6498543893694801,0.6431457491910326,6.111611787737109,7.04690158787957,0
yqaEp,9,2,1.649853401697403,0.7574753531969112,6.045931599894914,6.956838328168936,2
ecnBp,18,2,1.6497179990939317,0.7406592504387325,6.066034737664591,6.992251650995568,0
yadG_yadH_predicted,21,1,1.6495913433513694,0.542789891580513,6.064432585618517,7.118026075933705,0
mtnp,35,1,1.6495148549245056,0.768044050705594,6.066461281398924,6.973671468840437,2
dinQp,20,1,1.64939089419634,0.870043839667308,6.069789553064815,6.8748446093413635,2
yadN_predicted,24,2,1.6490698491260096,0.6055682809711475,6.03258366700147,7.078807956647664,0
yadI_predicted,30,1,1.6488951826021376,0.5590253410521009,6.124593965420347,7.108878332515916,0
galEp3,1,1,1.6487396261253775,0.5595668515275651,6.133173943469012,7.117908032054638,0
dinQp,36,2,1.64831141784904,1.1402794741442572,6.011125441736095,6.661223030983529,2
galEp2,22,1,1.6483070661103119,0.6163239345144053,6.140719600621162,7.099419904506474,0
ecnBp,33,1,1.6481883498208507,0.6043248434328653,6.16217817298973,7.088849040946773,0
furpa,22,1,1.6481285736300701,0.5698178937305737,6.038455128827238,7.103662210123395,0
tmaR_predicted,20,1,1.6478903850837592,0.6713474805243517,6.085071950914326,7.036848365430017,0
ftsKp2,31,3,1.6477257173050306,0.7487070345146211,6.240128973946846,6.998788915547637,0
znuCp,31,2,1.647696196159369,0.588522901619485,6.023438957061491,7.096581492917866,0
TSS_4655_regulondb,20,1,1.6474100315241273,0.6552377494075572,6.06179727166097,7.050792640812709,0
ygfKp,23,1,1.647351522230794,0.5794710584858231,6.077166422307733,7.099350395292536,0
ybiY_ybiW_predicted,20,1,1.6472121484483422,0.5965099457237453,6.064765630488119,7.075972493810948,0
yacH_predicted,6,2,1.6472039388238033,0.5641645837383256,6.024976021462198,7.1003086332223475,0
yncEp,29,1,1.6470780041940691,0.9118057845599509,6.078455159521319,6.880944636852947,2
ybaY_predicted,37,1,1.6468893477529973,0.6762383070329343,6.015574607769292,7.033998565046332,0
ompRp2,18,2,1.6466840179457345,0.7693693666032784,6.067032311566643,6.947954791482539,2
sohAp,13,3,1.6466390064663503,0.8356663012877981,6.183318345195494,6.954133178266076,2
marRp,19,1,1.6465866055220646,0.8935692538959775,6.123411598860997,6.893241251672498,2
ratA_yfjF_predicted,13,2,1.6465728764317327,0.7928783534965586,6.114623936660685,6.960706306732829,2
araCp,22,1,1.6464561772039366,0.685102615031955,6.057833834799322,7.021373180014776,0
xylAp,19,2,1.6459730019941858,0.7678906926624681,6.1121676106343745,6.963871138343826,2
ygfS_ygfT_predicted,21,1,1.6455672787055868,0.5775264145073629,6.128372843844212,7.1220153096954455,0
yadI_predicted,40,3,1.64535917633453,0.7025305820117058,6.143676120234347,7.01896961990574,0
lppp2,29,1,1.6453028665852953,0.6207766719756136,6.2360335189656855,7.117824744604629,0
ybiY_ybiW_predicted,18,1,1.6451389503820457,0.7223256931247157,6.170285165349342,7.03417520860684,0
recNp,22,3,1.6451129509513973,0.6563293764624059,6.137297762621225,7.043138566581421,0
xdhAp2,11,1,1.6448281113692247,0.6145228833734708,6.118082260176726,7.075626962666349,0
tabA_predicted,13,3,1.6448009113348032,0.642075006037894,6.11660062858812,7.059450331063202,0
intE_xisE_ymfH_predicted,37,2,1.6446462862250997,0.6565649844032744,6.061209737601056,7.045309572760036,0
tolCp3,11,2,1.6446378954583927,0.6830443329858363,6.081526352394304,7.034127505636448,0
ykgRp,9,2,1.6446045435414471,0.6038765490308314,6.082890986753831,7.079295530807549,0
xdhAp2,7,2,1.6442189740361672,0.9448369924235435,6.188883861282568,6.854791143134987,2
TSS_1414_storz_regulondb,23,1,1.644138537249075,0.7957740728040226,6.1956566728783065,6.958960146543119,2
sohAp,12,1,1.6441289032132052,1.072329760570668,6.071727816369524,6.79846372003056,2
ompRp2,30,2,1.64411705316983,0.7604869301356748,6.102202616557233,6.972000861370248,2
ecnBp,25,1,1.6436917749284778,0.9585916692673908,6.052541003383707,6.852109759093787,2
rcsDp,40,2,1.643588989485418,0.9146571437186336,6.1001381453773575,6.882528639283319,2
yahL_predicted,39,1,1.6434405472110503,0.5476919927053372,6.186189869195535,7.1278638669068215,0
ratA_yfjF_predicted,11,2,1.6432763457956872,0.6239650951764071,6.084786336472121,7.069979791391123,0
TSS_1414_storz_regulondb,12,2,1.6431506698343075,0.7267245206766793,6.095429622042982,6.9904060393368095,0
rcsBp1,38,1,1.6429533831268994,0.707849972437645,6.029583393073022,7.012814450709283,0
araBp,19,1,1.6427072581908935,0.4922014010145101,6.112510570906444,7.15476176202549,0
yacCp,20,2,1.6425839082599187,0.6747824370166554,6.042902265649304,7.029842931636297,0
galEp2,38,2,1.6425829257087292,0.6368502281725531,6.065823197325486,7.0450316895816485,0
xylFp,3,1,1.6423968426525002,0.6080308947562092,6.160069900696562,7.083482438541846,0
ompRp2,33,2,1.642356273516984,0.6131162144690622,6.056963519580667,7.056021102841463,0
xdhAp2,21,2,1.6423085608717976,0.7708390233691017,6.091144594497737,6.979784136477029,2
ybaY_predicted,7,2,1.642299302491916,1.009952454946011,6.041843398534207,6.788465908162151,2
icdC_predicted,1,1,1.6421407183398937,0.6071016862589266,6.1309957801953425,7.077774084241126,0
yahC_predicted,35,1,1.6420264716885282,0.6060991670741819,6.108725976392748,7.063211005399237,0
blrp,31,2,1.64201358457374,0.7669910802438757,6.111720260130706,6.977989666877102,2
elaBp,19,2,1.641946316781417,0.6113730901851246,6.161301514055873,7.071383670598953,0
ratA_yfjF_predicted,5,1,1.6418238978878983,0.6480025936256295,6.192230613488218,7.065079873426629,0
intE_xisE_ymfH_predicted,33,1,1.6417545787626304,0.6804312281263238,6.048982635262158,7.003876544916827,0
ygfKp,20,1,1.6416258860140518,0.7209539962200717,6.0801111498878395,6.9995762701355755,0
ygfM_xdhD_predicted,30,2,1.641609784059286,0.5434515013470459,6.094404191260661,7.123309191792678,0
crpp2,2,2,1.6415061026181217,0.8778451515987711,6.098666923355632,6.911119877862785,2
yahL_predicted,3,2,1.64147031555524,0.6286075058060695,6.122466464064074,7.052275262313055,0
yjbJ_predicted,10,2,1.6413719638738034,0.8822648635069194,6.1575022829572,6.91420842341997,2
intE_xisE_ymfH_predicted,19,3,1.6411243588681195,0.6706388602847829,6.109317359563946,7.042275244000832,0
ftsKp2,28,1,1.641052493715968,0.5752670884462374,6.187025449797341,7.115812881280027,0
mhpRp1,34,2,1.6408265270835403,0.5661230186863537,6.113501383017046,7.104088691382013,0
tfaE_stfE_predicted,40,3,1.6408154313509031,0.8844729567653009,6.091058400755463,6.903326820692515,2
yacH_predicted,37,1,1.6407006244714721,0.6271465983476765,6.105691414179509,7.065787481458004,0
icdC_predicted,31,1,1.640652225045298,0.6438218305933863,6.223688820791506,7.101799072467142,0
ihfAp4,38,2,1.6404158837434641,0.5702233199815335,6.104226804230476,7.108316267501111,0
tfaE_stfE_predicted,18,2,1.6402374910125905,0.6689060384894574,6.019909660699851,7.050414514555719,0
icdC_predicted,40,1,1.6402016225364862,0.6433879278312528,6.129266836914359,7.060507383840119,0
yncEp,5,2,1.6401129894129614,0.7146425791345874,6.147297254799533,7.011453767039503,0
yadL_yadM_yadC_yadK_predicted,40,2,1.6400083517553967,0.6608946590207962,6.06122163220261,7.037410900878583,0
TSS_1414_storz_regulondb,36,2,1.6399168099174497,0.8786521026759898,6.053353798357298,6.8805841322586225,2
cpxRp2,25,2,1.6398889990447565,0.6303811129323833,6.1602049203113065,7.057363157711052,0
sohAp,38,1,1.6398556799213504,0.958106916706166,6.105280964089074,6.874877608975298,2
mprAp,39,1,1.6396507863247394,0.8736078924168982,5.9967718400434595,6.866680252815105,2
ygeX_predicted,8,2,1.6396396966957179,0.5683396842243,6.209775839680612,7.121210811664589,0
tabA_predicted,32,1,1.6396394843558106,0.676931479998788,6.128633914225693,7.0410009317553115,0
lpp,4,3,1.639631641918109,0.9023924669812506,6.031718422305076,6.8336125335056135,2
xylFp,28,1,1.6394095589524464,0.630307830157508,6.174305259244201,7.079663966340237,0
yadI_predicted,33,1,1.6394046138818694,0.613253215736318,6.126826803523233,7.0783737826225686,0
sohAp,13,1,1.6391248646172856,0.9077861737591636,6.099373892972234,6.9073410667842605,2
recNp,21,1,1.6390617852937535,0.8156093058102134,6.059576653373112,6.900894851943708,2
tolCp1,24,2,1.6390581728813318,0.9760456487754242,6.049361352708964,6.852222206441073,2
mhpRp1,6,2,1.6384754378514297,0.5647426393556628,6.228101984118862,7.145614495243816,0
lacIp,5,1,1.6384641591455154,0.7521932527125553,6.066546531720597,6.939381617200068,2
ompRp3,15,1,1.6383682744979997,0.5325104959634847,6.0745220701817635,7.133989279387259,0
ecnBp,11,1,1.6383209602348843,0.8148167693091593,6.074287069166264,6.913251524512826,2
ompRp2,29,2,1.6382135627552448,0.8727784374925474,5.98897088490605,6.851877605177691,2
rcsDp,11,2,1.6381821259351381,0.8414084996672717,6.141720983945474,6.915551147455052,2
ygfKp,38,1,1.6381675482423954,0.6517363101567286,6.108084170946237,7.0500172929258635,0
ftsKp2,15,2,1.6379731988680968,0.6805431744051851,6.054924291262807,7.022888509349446,0
ymfM_beeE_jayE_ymfL_ymfR_tfaP_ymfT_ymfN_ycfK_ymfQ_predicted,29,2,1.6378802130782002,0.6909634027159739,6.194413185032207,7.035760293504913,0
crpp3,13,1,1.6376662074560346,0.8574187876778158,6.154579199898272,6.893270164581356,2
pheMp,17,1,1.637545059579796,1.0005442618250373,6.104631175926309,6.828514584864891,2
yadE_predicted,6,1,1.6375080637893031,1.0001194977938157,6.04785794705493,6.797020342851738,2
yahL_predicted,19,2,1.637185655608835,0.6827897585522928,6.074444354180365,7.026637461206585,0
yadN_predicted,21,1,1.637145173237944,0.5540394453070879,6.071677973986845,7.124975160509782,0
crpp3,15,2,1.6371321480960817,1.0898963637718,6.032915603863255,6.71823641047924,2
ygeW_predicted,32,2,1.6369761824445213,0.550768874064374,6.149173632613122,7.121555113683499,0
yacCp,7,1,1.6369576884978811,0.9374998883463916,6.047074611141063,6.824558370498256,2
aceBp,19,1,1.6368777181509122,0.8166171173256698,6.052350927774856,6.94870153108085,2
dgoRp,2,1,1.636858974696933,0.8451844283879624,6.153470660706956,6.953818647901569,2
yadN_predicted,31,2,1.63677020067864,0.6190448244942072,6.049641953915808,7.078342581843701,0
TSS_1414_storz_regulondb,34,2,1.636680154537329,0.7490142393878066,6.134740032839215,6.975123289208396,0
yadI_predicted,39,2,1.636457345260276,0.972309098396259,5.982923800703969,6.765592999424297,2
TSS_1414_storz_regulondb,15,2,1.636211922377766,0.7526910694572714,6.022852620442933,6.969133708491959,2
yjbJ_predicted,14,1,1.6361241409075808,1.0482582345592684,6.003257413559702,6.7703171750211215,2
tabA_predicted,31,2,1.6358930477755305,0.47231334191068053,6.157921872174283,7.1680694816709645,0
rdlDp,8,2,1.635809692174444,0.8791932939087534,6.129878714122086,6.930950836696525,2
ybaY_predicted,20,1,1.6354625831657394,0.6187936520163713,6.056797007547033,7.061167353072426,0
ybiY_ybiW_predicted,28,1,1.6353069208414073,0.5847368075875627,6.200015982414742,7.12063886733186,0
intE_xisE_ymfH_predicted,35,2,1.6352925903838567,0.713485424376723,6.078226557620031,6.980963092438669,0
yncEp,32,1,1.6351811829118097,0.8285700582857234,6.21468263909415,6.968660834606089,2
uacT_predicted,40,1,1.635145127239588,0.7106534959816279,6.158690283302558,7.017086406886211,0
ompRp4,31,1,1.6350495007627912,0.5987339692501218,6.01973608000146,7.080626628954333,0
yncEp,41,2,1.6350342557365578,0.827407402796538,6.139353473662701,6.9370021170882925,2
ftsKp2,21,1,1.6348599219358746,0.7754978878200404,6.112612470695291,6.99365556343306,2
gatYp,37,1,1.6345127930748091,1.135348647949307,6.043427390514485,6.635454329662606,2
mglBp,5,2,1.6345087261078626,0.9727415887622566,5.999940436196146,6.771175981226852,2
ymfM_beeE_jayE_ymfL_ymfR_tfaP_ymfT_ymfN_ycfK_ymfQ_predicted,24,1,1.6344913877823442,0.6297460995686004,6.099713265096744,7.061103945756852,0
xdhAp2,14,3,1.6344562131899727,0.570041807533744,6.2848860527317605,7.112815287790829,0
kbpp4,2,2,1.634237206612562,0.802864529967142,6.1057769094111265,6.9750973554510685,2
galEp3,34,1,1.6342294583971613,0.6051685624523543,6.185871973433961,7.0867170641174235,0
acrAp,2,2,1.634002728021344,0.9117963544396631,6.076077773572187,6.849680413312134,2
acrAp,4,2,1.6338836299863149,0.7669407467857913,6.106188614886824,6.9695497859419335,2
mprAp,7,2,1.633717768868466,0.781705895823995,6.099458914680019,6.953063068421953,2
mhpRp1,31,1,1.633632811466994,0.6078058690951148,6.091933227256373,7.074762318552292,0
gatZp,33,1,1.6336174771294656,0.5579060321799043,6.119601292724741,7.109395002958752,0
xylFp,13,3,1.6335861525461852,0.613508605287018,6.215168575634419,7.07151187620005,0
yadE_predicted,32,2,1.633547866913124,0.9357334118611845,6.032428998777698,6.854665393204007,2
intE_xisE_ymfH_predicted,11,1,1.6333459509272363,0.6340340363778928,6.086657275918023,7.053611451808228,0
hyuA_predicted,33,2,1.6331914365963942,0.6555010184849366,6.065221187979111,7.034995315668285,0
yahL_predicted,38,1,1.633183567587528,0.5951178183188361,6.164897367514827,7.088199297351887,0
yahL_predicted,13,3,1.6330996521496925,0.6451927738756071,6.144200716400866,7.070326254963876,0
TSS_1414_storz_regulondb,21,2,1.6329032177008986,0.7550826090291176,6.036436475703013,6.971334631910043,2
kbpp4,14,1,1.6327437461427698,0.7894322378560324,6.089467742044962,6.963940029006175,2
mglBp,6,2,1.6326419251168234,0.9459848234820301,6.073217357892444,6.784824907175398,2
yahC_predicted,14,1,1.6325187446065548,0.7949009322309075,6.199362870667081,7.002399267547253,2
lacIp,37,1,1.6324399262853873,0.8905324972194922,6.145742360901172,6.896928728671927,2
mtnp,9,1,1.6323381150628236,0.9201696300082128,6.06337214252685,6.924361481426323,2
sohAp,14,1,1.6323138946978888,0.8043227363770891,6.043913881667949,6.959529433348427,2
TSS_6311_regulondb,37,1,1.6317136482710775,0.7742273185166331,6.02355679061842,6.9715709757974516,2
yjbJ_predicted,17,2,1.6316555365497682,0.8006963150223896,6.164487341959239,6.994815000244051,2
dinQp,15,2,1.631595204311878,0.8892814321485005,6.086685791437297,6.890809051252872,2
ygeW_predicted,41,1,1.6315703452488801,0.681358188026282,6.14452533044866,7.048537179376411,0
crpp1,8,2,1.6314359836424182,0.8265582395292604,6.130237892534261,6.94618913061496,2
ompRp1,13,2,1.631407262399744,0.7023899668867363,6.097639016242988,7.034663599215783,0
TSS_4654_wanner_regulondb,32,1,1.6313101968987915,0.5495567715330314,6.218340997708357,7.13874893474755,0
ompRp1,4,3,1.6309705497142688,0.6639102185896489,6.212974318988538,7.0613015119609175,0
lacIp,36,2,1.630898963374225,0.7649999134725365,6.179841291200199,6.992241127443203,2
kbpp4,19,3,1.6308359238464516,0.8198748757285491,6.071919281564121,6.945275510333399,2
ybiY_ybiW_predicted,41,2,1.6306897285634092,0.7832652071814082,6.064458655967675,6.905038084249795,2
acrBp,12,2,1.630536010338632,0.6554606131924571,6.1213576495771544,7.034059209768264,0
ygfKp,18,1,1.630517479765801,0.6389522755299463,6.082788550771123,7.057822436450152,0
ykgRp,30,2,1.630508244649551,0.8151697055830636,6.026544024644499,6.9296057598569405,2
ygeW_predicted,20,1,1.630438819791114,0.5750488373428848,6.128411208875521,7.103144286110975,0
galEp2,24,1,1.6301100294869304,0.951610391854211,6.0464665373758875,6.844837292545914,2
icdC_predicted,38,3,1.629989967101337,0.6680960503902672,6.1594462390092355,7.0545716342104505,0
TSS_1414_storz_regulondb,39,2,1.629956456213471,0.6589052222429721,6.081124395021746,7.030450494200847,0
zapB_predicted,14,3,1.6297714689709877,0.6173464352788874,6.0317310267554864,7.035334812709296,0
yjbJ_predicted,25,1,1.629675546731314,0.9060887915776293,6.0594271103928055,6.905686139443532,2
yjbJ_predicted,33,1,1.6296437844028833,0.5618476831556465,6.145463829008625,7.122197859139162,0
mhpRp2,12,1,1.6295642851881083,0.6403704197146236,6.090978488347147,7.044489177766988,0
ghoSp,38,3,1.6295544910775592,0.6070608226122971,6.160487766004179,7.086843904056757,0
TSS_4655_regulondb,16,2,1.6294723737881154,0.6165166405499188,6.160604589915717,7.0826261312247,0
marRp,15,1,1.6290113177778323,0.9070367212758582,6.085663876987313,6.903708475382688,2
gyrAp,19,2,1.6289980104389057,1.0376409261842288,6.144386181617135,6.834277027807525,2
ompRp2,37,2,1.6288249093354343,0.6742344797511705,6.088730839474737,7.040611099236733,0
TSS_1414_storz_regulondb,31,1,1.628762366606649,0.768032315880259,6.113749718554809,6.966987513315978,2
ygiW_predicted,41,2,1.6286515193321307,0.6814125015026508,6.094671328604905,7.02965507074698,0
crpp1,40,3,1.6284995587874713,0.921642230019844,6.040833505074827,6.850838651398261,2
ymfM_beeE_jayE_ymfL_ymfR_tfaP_ymfT_ymfN_ycfK_ymfQ_predicted,40,1,1.6284813898361084,0.6550206691408608,6.1540031438721945,7.048892121428287,0
dinQp,28,2,1.6282505712292759,0.940961455137331,6.056238485884723,6.8652661960624854,2
mprAp,25,3,1.6278615814909134,0.6801450777231663,6.05645242218541,6.999742707323989,0
rcsDp,2,1,1.6277567136223745,0.8014234804952337,6.131383649655641,6.954225099714384,2
lacIp,9,1,1.6277274023507977,0.6125846353209079,6.051105886997296,7.067515364274113,0
galSp,40,2,1.627622850488472,0.6516368965709719,6.089476391512731,7.0477087216018806,0
icdC_predicted,11,1,1.6273839028308845,0.6571023170485446,6.092776043726991,7.042121331794721,0
pheMp,25,2,1.6273070793597622,0.6587938496248985,6.198223368771254,7.059701872229664,0
recNp,7,2,1.6271871562041644,0.8765954348548366,6.139286308240134,6.883050033933229,2
tmaR_predicted,22,2,1.6271369965914515,0.630097396307966,6.118973208873479,7.090060895472906,0
ybiY_ybiW_predicted,35,2,1.6269084694646228,0.5843397104200895,6.066728235820254,7.092490980527624,0
TSS_1414_storz_regulondb,12,1,1.626868963341961,0.7532119740705618,6.129935267467373,6.946757013448185,2
intE_xisE_ymfH_predicted,14,2,1.6267105898990182,0.7827371119012636,6.1100576288019575,6.960912011783199,2
sohAp,40,2,1.6266173533853154,1.063493812946483,6.1345519838268014,6.8235045712631734,2
lppp2,31,1,1.6266004927781377,0.5316735144960778,6.232749273101216,7.1552200501878085,0
yacH_predicted,13,3,1.626566389624683,0.6136744274101213,6.158384377544029,7.0563349392954295,0
yahL_predicted,2,1,1.6264783836466064,0.6573015226033286,6.103633417347703,7.050475522528565,0
crpp3,40,2,1.626347039402636,1.0934729352990034,6.029639883095884,6.669934162376137,2
yadI_predicted,5,1,1.6263321389716268,0.5764598055663752,6.133193218511959,7.095616887839464,0
ykgRp,38,3,1.626109474725255,0.8828271165002153,6.0558804131397235,6.859115131844591,2
recNp,35,1,1.6261082490003418,0.7384238012572455,6.123155122836674,6.982054564567621,0
ykgRp,23,2,1.626095076953351,0.661280492556848,6.154546438741862,7.06389026723003,0
cusCp,35,2,1.6260554231629607,0.6366700752108467,6.1963176082554146,7.096473226346476,0
tolCp3,36,1,1.625991005165502,0.6745562905063867,6.147979159864317,7.0348884788781,0
recNp,19,2,1.625803889420282,0.8036208440605529,6.068670200077071,6.890485049432032,2
mtnp,20,1,1.625732190395751,0.936552932086541,6.096880249413314,6.88666279931077,2
lppp2,23,1,1.6256506631881322,0.5940112450646053,6.263457390593415,7.104808385699416,0
ygiW_predicted,25,2,1.6256130186207212,0.6320660412460055,6.098991739420824,7.0692153452484465,0
yjbJ_predicted,37,2,1.6255656715014883,0.7933018965913736,6.134062319498135,6.934713253539578,2
crpp1,40,2,1.6254131702658894,0.7631690273414987,6.063596337161804,6.972320060432832,2
rcsBp2,38,2,1.625371872974991,0.6688873114047522,6.10572505598595,7.027269358088967,0
ecnBp,19,3,1.6249907684314622,0.559570306563958,6.152666307716096,7.120094198631623,0
dinQp,21,1,1.6249833475488673,0.9167751398013124,6.079132193869682,6.821330165518365,2
recNp,16,2,1.6248725155716806,0.9263799608730525,6.033334181326862,6.825175244907752,2
ompRp2,40,3,1.6246166510076494,0.8146863462863064,6.055172155730986,6.926801153520747,2
furpa,39,1,1.6244407419714315,0.9610596699062781,5.994716777208339,6.846186173210404,2
yqjE_yqjK_yqjD_yqjC_predicted,25,2,1.6242397725775968,0.7967280761625065,6.088955496089245,6.9924124323815455,2
crpp2,4,1,1.6239431329064729,0.7168870609772654,6.081612950299546,7.006029484994496,0
mcbAp5,33,1,1.6236004691815107,0.6617349532428033,6.079722671564628,7.031109836887909,0
dinQp,22,3,1.62356853479023,0.8466028109098187,6.1106468035502886,6.916873119057976,2
uacT_predicted,25,3,1.6234269495812979,0.6079695308360203,6.196815273624904,7.0694236745775925,0
ymfM_beeE_jayE_ymfL_ymfR_tfaP_ymfT_ymfN_ycfK_ymfQ_predicted,28,1,1.62333688279909,0.576188118583283,6.222096944469635,7.1212904064728875,0
pheMp,15,3,1.623273953728089,0.7546894814952024,6.188618090642323,7.001659989139608,2
mhpRp1,32,1,1.6231795955546782,0.584026190469264,6.231000769351638,7.12492438766076,0
crpp3,25,2,1.6231504842968025,0.6777772855673511,6.092569338086187,7.022126018975863,0
crpp2,35,1,1.6231091061077751,0.8401501849718472,6.127539385883173,6.943362811697825,2
yncEp,40,2,1.6230777475119675,0.8127881586822373,6.089420773444853,6.969623296060096,2
gatZp,37,2,1.622773041519555,0.5523716612924073,6.096171854738367,7.120850542134244,0
uacT_predicted,40,3,1.6227458290704824,0.6104402805583454,6.156240744061245,7.074582797010056,0
mprAp,14,3,1.6226607108229427,0.5717046826714655,6.099997223657219,7.098623130437163,0
ygeY_predicted,22,3,1.6225834568642237,0.6295262211224002,6.08222501917728,7.083286915631209,0
mhpRp1,7,2,1.6221853996028401,1.0252954250120874,6.0369290087964576,6.735218532592096,2
mprAp,22,2,1.622097220123492,0.639493777312448,6.04006182548392,7.032193488879892,0
gatYp,20,1,1.6220902618478623,1.1073482416300586,6.06892554809195,6.665574767835489,2
yadG_yadH_predicted,8,1,1.6220032225912964,0.6682888392528324,6.129663333605171,7.039630378005633,0
yahL_predicted,14,2,1.6219811536651152,0.683683671851852,6.109434025355398,7.017078606312807,0
yjbJ_predicted,41,2,1.6216223736381747,1.0993347597493293,6.133970665895597,6.7517841519696695,2
ygeX_predicted,13,1,1.6215256622180134,0.5472023644618541,6.068001001789143,7.12824991678269,0
ygeY_predicted,15,3,1.6214397858393865,0.6385655977196114,6.130396447282607,7.050440702597743,0
lppp2,5,1,1.6213626267723389,0.5972157936961987,6.141120947514086,7.0998149519124905,0
yadG_yadH_predicted,21,2,1.621331674339696,0.5382360962462328,6.187062252320944,7.136637932187496,0
yacCp,4,1,1.62118031121618,0.8651925691380188,6.06777665341902,6.9052116601552385,2
ompRp1,21,2,1.620879669432087,0.719974323227972,6.0948996653746095,7.02156310707079,0
acrZp,17,1,1.6208651289789797,0.8590539844924694,6.045984428963905,6.873337080379763,2
mhpRp1,30,1,1.6207941821332184,0.5412972802709263,6.051194063680042,7.110751971720097,0
yadE_predicted,24,2,1.6205700596477897,0.991608955287895,6.177344184641614,6.872407759241813,2
ompRp2,34,2,1.6205649211471367,0.722266698571652,6.100272969307653,7.011065596910605,0
intE_xisE_ymfH_predicted,34,1,1.6205552309221634,0.6111266109500361,6.111882970618106,7.071185066329992,0
ybeDp,24,1,1.6196216319139225,0.981543794703135,6.027278009654099,6.825219630193429,2
cusCp,38,3,1.619530991223656,0.8905242712344842,6.0189102551026235,6.838340072521532,2
mhpRp1,3,2,1.6194266683288134,0.602542088758443,6.149677323621016,7.105959991498407,0
intE_xisE_ymfH_predicted,25,2,1.6193969811147932,0.5520757851780332,6.033745664282641,7.115871192688463,0
gatYp,6,1,1.6193856348410314,1.1182095509691177,6.032002935602831,6.654115680150543,2
ygeW_predicted,13,2,1.6193713396668763,0.6286042588213188,6.217270706665939,7.072256106028764,0
yadL_yadM_yadC_yadK_predicted,16,2,1.6193272566483903,0.6149877761611494,6.074742949093635,7.079122067776707,0
cpxRp2,30,2,1.6192273507695911,0.7077543736851242,6.120848563572119,7.001804522098272,0
yacH_predicted,13,1,1.6188178827013957,0.6568834529084597,6.145700113229491,7.062721893410938,0
ygfS_ygfT_predicted,2,2,1.6187708127387799,0.5982981012658334,6.169622655132758,7.076525906197263,0
TSS_4655_regulondb,22,2,1.6187253539188207,0.517061553332747,6.098328089622368,7.1377698887587915,0
mhpRp2,25,3,1.6184364794071087,0.7001790563188703,6.038666819339967,6.9944864798078585,0
zapB_predicted,38,1,1.6183700422420402,0.7590721811138423,6.031565756240376,6.924449246296774,2
crpp1,38,3,1.6181126918120916,0.8878111649544116,6.048137751273675,6.896885558017056,2
ybiY_ybiW_predicted,5,1,1.618016435838687,0.5890585954086428,6.055652310898475,7.094801913847229,0
lacIp,17,2,1.6179654569008863,0.5590634263286974,6.145503233177532,7.111109801490647,0
crpp1,24,2,1.6178574213105863,0.630264671304652,6.0530541645883345,7.089589323279956,0
mcbAp5,40,3,1.6178550420722166,0.5465558766529833,6.107486195196722,7.118378391397846,0
mhpRp2,12,2,1.6175593503461367,0.658903103239594,6.084775024854313,7.010798018104144,0
rcsBp1,35,1,1.6172102106516755,0.5973771772010175,6.141102020526216,7.0874646013778815,0
yncEp,37,1,1.6168352452238088,0.7120028735426303,6.080517764221209,7.026265409467887,0
yadI_predicted,12,2,1.6166515494004572,0.5076341119247726,6.066064326832695,7.126053475021653,0
acrZp,14,1,1.6166369508275769,0.7838419143763159,6.144412517561317,6.9782037805276325,2
blrp,15,2,1.616518013669383,1.0031385216010233,6.003229131711281,6.79894130892941,2
acrAp,21,1,1.6163700520706679,0.8800517435135519,6.053313753579565,6.864295956805616,2
ompRp4,9,1,1.6163017927301115,0.769952993893686,6.1078901727551616,6.970181618301137,2
ygeW_predicted,11,1,1.6161989293854093,0.5580064557067992,6.089271451525121,7.106657311500101,0
blrp,17,2,1.616174726423763,0.7663091729120887,6.16029601701157,6.976695780328227,2
recNp,20,1,1.6159403356422624,0.7622395243543637,6.091046212500688,6.963983315923317,2
tfaE_stfE_predicted,12,2,1.6159138280274263,0.7311549230470976,6.1072509301432225,6.9870148910650975,0
ygeX_predicted,10,1,1.6158571138887987,0.5924692509408234,6.10963120195974,7.110595731226329,0
mhpRp1,38,1,1.6155144043286347,0.6291359112869275,6.197030280420995,7.083500993058514,0
lacIp,38,3,1.6154678347873281,0.8098124897577942,6.150656843936012,6.951991178648728,2
icdC_predicted,41,1,1.615441762878543,0.630596994033952,6.091450566671087,7.0709813330958555,0
yadE_predicted,4,2,1.615432664896505,1.0918415309524474,6.145187526849613,6.7736670033798365,2
rspAp,29,2,1.6153306205870759,0.9672577244608149,6.109152026289719,6.806725336295203,2
tolCp4,15,3,1.6152201545006049,0.6626343140388283,6.121265100842804,7.0340102819414225,0
ybaY_predicted,6,2,1.6151628700342537,0.6834887610236606,6.152615944263854,7.0334066196920215,0
tolCp2,19,2,1.6150329878146428,0.9276685641399772,6.139675155727598,6.862123921092323,2
cusCp,40,1,1.6150092680198889,0.761054532526028,6.1773374093750615,7.027975232979729,2
lacIp,11,1,1.6146702546367973,0.7583692819727132,6.151072603817434,6.977700754317889,2
icdC_predicted,35,1,1.6146426516820813,0.5777478481130441,6.110784106088543,7.098146187746898,0
dinQp,9,1,1.614616508218208,0.8344808962871763,6.068752616144456,6.944895553140643,2
pheMp,24,1,1.6145075446887567,0.677958841511787,6.046575405297158,7.017399233892303,0
tolCp1,4,1,1.6142492250299165,0.8478197892894523,6.121980592539752,6.9235480702311785,2
intE_xisE_ymfH_predicted,19,2,1.61413596452281,0.5446583403888036,6.2150489980155434,7.135541648264977,0
ymfM_beeE_jayE_ymfL_ymfR_tfaP_ymfT_ymfN_ycfK_ymfQ_predicted,37,2,1.6139932407491477,0.5850431380832005,6.1740412247920515,7.103784238537312,0
crpp3,4,2,1.613986058204958,0.9544322559886835,6.0192762768992205,6.799432279199525,2
TSS_4654_wanner_regulondb,39,1,1.6139190375266113,0.6052186929500716,6.070769450184678,7.0689696696026365,0
lacIp,20,2,1.6138330725874694,0.541593114694109,6.02410794879884,7.107732601798634,0
crpp2,7,1,1.6137103320316504,0.7081455369436287,6.140520740435768,7.024850021452654,0
dgoRp,21,1,1.6136610702356,0.8173249851344029,6.192193318662758,6.95253614140683,2
gyrAp,24,1,1.6135861532094609,0.5872448667244589,6.049815290793611,7.092710469158684,0
ratA_yfjF_predicted,33,2,1.6133839704425263,0.562834735714251,6.0674166205104445,7.09259726839991,0
acrBp,11,1,1.6133076285531383,0.5685930908381365,6.160403373716455,7.1105966990928025,0
tolCp3,38,1,1.6131134818533113,0.5340495772406072,6.118123064281344,7.124716810654535,0
kbpp4,38,2,1.613043987467042,0.5433131857989104,6.138694825442549,7.119508114476235,0
mglBp,40,2,1.6130274084042495,0.9317056031789296,6.07414497154795,6.806619858229274,2
gatZp,7,2,1.6128411663585633,0.5306833690264244,6.133189519078597,7.136999964353629,0
tolCp3,31,2,1.6128113316741615,0.6042589418905625,6.131403925661777,7.0782506697694245,0
galEp2,19,1,1.6128068842028211,0.7044995712341373,6.089937368747636,7.044836786961601,0
acrBp,16,1,1.612766654755857,0.5337827444670751,6.129354560095182,7.1315686123683495,0
mhpRp1,14,3,1.6126076335848465,0.6452361882980083,6.091393557703886,7.051836499463885,0
ratA_yfjF_predicted,29,2,1.6125181397128436,0.7025114997023348,6.14062481392893,7.042425750061203,0
aceBp,24,2,1.6123011118523247,0.7893674728519126,6.056966270444148,6.9162311935382945,2
ygeW_predicted,10,2,1.6121325924829486,0.5881284762892278,6.124208263458332,7.10501652440151,0
ecnBp,39,2,1.6118306967540397,0.8785077495873204,6.120574260473341,6.8963672772236,2
ompRp4,13,2,1.6117853718669393,0.774391432590189,6.056631581518644,6.913413610835881,2
yahL_predicted,36,1,1.6115989612022228,0.5972700100334432,6.106299795550844,7.091192684394458,0
ygfKp,32,1,1.611373673645081,0.6661834569105611,6.0732540644848,7.058629558337332,0
ftsKp2,4,1,1.6112650500604064,0.6049912829111836,6.09411712709929,7.073992437944856,0
cusCp,3,2,1.6112616506506805,0.5917989377760875,6.022795112718834,7.075132227340051,0
ecnBp,33,2,1.6111943118892593,0.8455758678888791,6.098052840344819,6.90559954086933,2
cusCp,32,2,1.6111414608060668,0.6718919832485656,6.120566396829979,7.059087572394738,0
rspAp,31,2,1.6111029310514062,0.7648734942294961,6.147510114013774,6.962972205333973,2
icdC_predicted,23,1,1.6110047014615823,0.6453402988233111,6.092637562804503,7.043243534657287,0
lpp,2,1,1.610990807826088,0.8974295139785197,6.127727978291192,6.858473899078723,2
ykgRp,10,1,1.610787268670825,0.9413111723481457,6.029866915354371,6.787524569585245,2
sohAp,3,1,1.6106970246187151,1.1096818233840018,6.087341951170624,6.752577112708694,2
mglBp,1,1,1.6106848005641914,0.9428205355619486,6.063967542991793,6.784481782138474,2
tnaCp,3,2,1.610650959793085,0.7507442770244174,6.0250993493276495,6.97657517755083,2
yahL_predicted,10,1,1.6103979030773112,0.6871271072650419,6.111356649102636,7.030841004230776,0
crpp1,9,1,1.6103539834021257,0.6378016149338206,6.084571237419111,7.062598124333534,0
mhpRp2,40,2,1.6103319275078234,0.7841819680682003,6.077558915957367,6.950952955793738,2
icdC_predicted,6,2,1.610184096959889,0.6858835998878605,6.059183664038221,7.01787703179663,0
gatYp,33,1,1.609977403947307,0.6977295523145651,6.1660302461218315,7.016801598217011,0
ftsKp2,6,2,1.609917742439845,0.7816782549138109,6.1610427087738575,6.996518849467934,2
intE_xisE_ymfH_predicted,30,1,1.6098146301692067,0.5286792176383031,6.123001052967766,7.128713730725598,0
TSS_4655_regulondb,19,2,1.609800324780921,0.6353126439808886,6.21600414934381,7.080315981230046,0
dgoRp,35,2,1.6097037620857007,0.7617817234103486,6.08973597105095,6.998858848678555,2
gatZp,9,1,1.6096254566696138,0.6392043835890503,6.088638152327785,7.059988553296437,0
gatYp,30,2,1.609600414395724,1.078553705031643,6.072065422455795,6.714650558221819,2
dinQp,19,1,1.6095142788939956,0.6940639987526166,6.127920744449764,7.040475822957961,0
xylAp,38,2,1.6094361056426465,0.6283048448418589,6.1129926800506,7.065486260262836,0
dinQp,31,1,1.6093507790881443,1.016124486357248,6.096902101158548,6.809849370122746,2
araCp,28,2,1.6093155200003983,0.790460736203928,6.098346346535495,6.952888386472125,2
xdhAp1,31,1,1.6092875841257623,0.5848470922935746,6.087365871259896,7.104024449662454,0
znuCp,38,1,1.6088501986079973,0.8685345434955231,6.092982224375957,6.904462683258919,2
yacH_predicted,1,1,1.6086240999228931,0.6620280860495379,6.240042867044965,7.045813924863754,0
xylFp,38,3,1.6086176240838863,0.6053941464428466,6.229351195413959,7.0906663772332745,0
tnaCp,3,1,1.6085771901766501,0.7577419210678223,6.042831451959199,6.9590858067083055,2
rdlDp,25,3,1.6084500210633235,0.9074020078440342,6.077554608019096,6.864067306814837,2
gyrAp,20,1,1.608212422460874,0.960814141066012,6.091371068596397,6.8194439904342,2
mhpRp2,38,1,1.6081817793398898,0.5419125943288725,6.0733659374577895,7.113968358333861,0
ybaY_predicted,32,1,1.6078818229462455,0.7155701380752064,6.1839071239453975,7.022513720146321,0
ompRp1,24,1,1.607878682303793,0.6040693735362604,6.163809974794507,7.081280036043564,0
tabA_predicted,14,1,1.6078217285223595,0.6502114652333141,6.051253912754019,7.065196564326852,0
blrp,16,2,1.607814817012509,0.6502322775049623,6.139678194388377,7.052910287725308,0
ratA_yfjF_predicted,35,2,1.6077986196437835,0.7059638656663356,6.109914747410423,7.011235536936567,0
rcsBp1,14,3,1.607773300757077,0.7560832795388525,6.175707968422893,6.97602341285365,2
yqaEp,8,2,1.6077671800589908,0.8366654722663661,6.093651480477346,6.893480405789285,2
marRp,25,1,1.6076235835871462,0.7877157181315667,6.171605717641903,6.958617079342649,2
crpp3,14,1,1.607481422941146,0.6834579453701044,6.22835415992005,7.063485804987344,0
crpp1,31,1,1.6073809603675364,0.7013134636980976,6.187762222108567,7.012097625577326,0
mhpRp1,17,2,1.607184592311199,0.5941776362773107,6.110283152886778,7.082829040859641,0
yadN_predicted,13,3,1.6069612495355754,0.5988833380639934,6.130912834250333,7.087081773813036,0
ecnBp,12,2,1.6069222262081206,0.6434876502104303,6.161331894104915,7.019437483885823,0
dgoRp,34,1,1.6068584335982325,0.7733429365112705,6.140840463277784,6.98485225660529,2
TSS_4654_wanner_regulondb,24,2,1.6067214114813053,0.5461436608795511,6.094244084677373,7.128041918155088,0
yadL_yadM_yadC_yadK_predicted,9,1,1.6066769632720799,0.6599340394122508,6.12958827325716,7.037905602223842,0
blrp,28,2,1.606598804244829,0.8413173342169527,6.090270919078463,6.9064030229624365,2
dgoRp,19,3,1.6065103402825536,0.7315419624856465,6.134498085178637,7.010800068901341,0
ftsKp2,36,1,1.606422282829954,0.6922741325479408,6.113640177977995,7.016859136597786,0
yadL_yadM_yadC_yadK_predicted,12,1,1.6061494524198787,0.5874448568017149,6.214004049418721,7.107525516232876,0
zapB_predicted,17,2,1.6060220664241462,0.8065269882786187,6.085760820215224,6.90066193604449,2
yagB_insX_yagA_predicted,28,1,1.6058497611092188,0.7514861469476889,6.198437864312344,7.012401454700248,2
crpp3,1,2,1.605827251988722,0.9616003172963195,6.0933136287359115,6.808736245727677,2
icdC_predicted,41,2,1.6055259952786427,0.661879310113393,6.117741426517687,7.041166385445537,0
ftsKp2,38,3,1.6052667716292783,0.8269796688632551,6.1404118155407055,6.96358688830394,2
yncEp,34,1,1.604548571062088,0.8511386153047296,6.118083806498386,6.949183193537543,2
mhpRp1,19,3,1.6044187073944265,0.6839309406854395,6.164148203498778,7.054197261767401,0
acrBp,19,3,1.6043111570770168,0.5200640196408235,6.016393552424031,7.132459567784898,0
ompRp4,32,1,1.6041391080195109,0.6727733699240488,6.112977785375561,7.039837442030411,0
ygfS_ygfT_predicted,24,1,1.6040760900305873,0.5625889478565417,6.078390168042556,7.104161223978965,0
rcsBp1,5,1,1.604015410017728,0.6806488618867104,6.149356967649178,7.0319327951447725,0
gatZp,21,2,1.6039387884259475,0.6663806924794812,6.101519014927632,7.036504525883489,0
yacH_predicted,20,1,1.6036750872348853,0.5807163898387949,6.171775129294481,7.113696694422041,0
lpp,17,2,1.6036635899450196,0.8265654894095087,6.143895074834898,6.936076402316085,2
rcsDp,5,2,1.6034567586397523,0.8647850976575434,6.10068546689986,6.907108546803563,2
ygeW_predicted,24,1,1.6033688101932175,0.6017201996808066,6.163629737697899,7.078652415553821,0
lpp,39,2,1.60336702186133,0.8616489205937724,6.105550180117075,6.905397666732314,2
yacCp,19,1,1.6033620531247386,0.7148128788031156,6.119135134351628,7.00759515639993,0
yagB_insX_yagA_predicted,17,1,1.6032545649907874,0.7434391375616589,6.075281630948676,6.990197838765565,0
lacIp,19,2,1.6028304240836,0.7939285571407889,6.069233262906687,6.959999954259402,2
yahL_predicted,34,1,1.602804477353269,0.579701735465242,6.133001494422664,7.090117564420177,0
ymfM_beeE_jayE_ymfL_ymfR_tfaP_ymfT_ymfN_ycfK_ymfQ_predicted,10,2,1.6027607828146746,0.5537752621342517,6.212154143703704,7.123121729522683,0
TSS_18061_regulondb,28,1,1.6025884248630489,0.5298310641199531,6.196965562036108,7.130383529380255,0
xdhAp2,13,2,1.6025250092297383,0.5596933888829683,6.243951509099584,7.125281117781987,0
ygeY_predicted,38,2,1.6023882058320698,0.5416840084465685,6.0721535118425845,7.118772083541928,0
ygiW_predicted,17,2,1.6022341032284917,0.8728231333244268,6.083059176153877,6.917869746461985,2
ecnBp,10,1,1.602173764065498,0.8129556223001706,6.119086087655432,6.926223342066589,2
yqaEp,20,1,1.6020301732656044,0.7942811673308456,6.086882422532685,6.96650690617946,2
ghoSp,11,2,1.6019095534868761,0.7063920444595564,6.10743907053115,7.020910171572327,0
ompRp2,40,2,1.601876258427679,0.6854917710232529,6.126940292683754,7.054655404790443,0
cusCp,40,3,1.6018099586874759,0.7327561171640423,6.155529201216905,7.012245794843983,0
gyrAp,25,3,1.6016218793870722,0.77256308402413,5.995504692452198,6.951055099177014,2
ssnAp,11,1,1.6014909493256058,0.6080689665127368,6.114639079734376,7.0725315532481545,0
TSS_1414_storz_regulondb,35,2,1.6014591399084648,0.7588300147147249,6.081753732865254,6.951950961704122,2
mhpRp1,41,2,1.6014139539509697,0.6911636416559228,6.148417265131528,7.0432756728698145,0
znuCp,5,1,1.601294556676097,0.766746784851233,6.058659480971521,6.960478892698419,2
ompRp2,15,3,1.601111288730062,0.8150536523325168,6.185154452787409,6.9429242550755035,2
yadI_predicted,9,1,1.6010664957312069,0.5369327707983534,6.041391631713838,7.1098530307997905,0
yjbJ_predicted,13,2,1.6008681860868117,0.5350828245234766,6.140659576512812,7.130640744378205,0
ldrDp,2,2,1.6006614281837144,0.6105254184741585,6.156975828993675,7.062605361044699,0
yadN_predicted,19,1,1.6006428215350477,0.5580511691038329,6.043131194871485,7.101578898850912,0
lacIp,3,1,1.6006101091401894,0.8016259505196482,6.113875121996784,6.956236542254558,2
ygeY_predicted,25,3,1.6005560458564732,0.5836033267107931,6.12187534900037,7.094466692293609,0
araCp,39,2,1.6005312885214824,0.8467931922033353,6.170992879392488,6.911636125153601,2
mhpRp2,11,1,1.6005270200199333,0.6473003105524165,6.047341306158851,7.036966681890712,0
crpp2,28,2,1.600339802361331,0.7859411113531337,6.075716126461598,6.986396961623602,2
yadE_predicted,35,1,1.6002323492367938,0.6605129927964466,6.137124805682401,7.024165115543843,0
tabA_predicted,37,2,1.6002274406352297,0.6450663773046384,6.104347300387808,7.038188952908712,0
kbpp4,9,1,1.6002040820561303,0.6324134468287185,6.14263899702885,7.080917640104941,0
TSS_4654_wanner_regulondb,19,1,1.5999563616380548,0.5953603513477173,6.109116900109919,7.0907932619370255,0
acrAp,11,2,1.5999472821644787,0.8593303689028746,6.117549790409718,6.906751264533762,2
cusCp,12,1,1.5998383450914357,0.7810259343679504,6.154940420897073,6.990458648765944,2
dinQp,13,3,1.5997694840929388,0.8722860728011612,6.051713569262766,6.8589101143784665,2
TSS_18061_regulondb,19,1,1.5996353592073906,0.4761192601010944,6.098478710067504,7.170116268426139,0
yadI_predicted,22,3,1.5995990808659493,0.7979093645182633,6.045371083463676,6.919386824966941,2
rcsBp2,36,1,1.5995431775115814,0.8427399254397041,6.10273139833545,6.909443829645416,2
yadI_predicted,11,2,1.599141726007342,0.6250471048656601,6.080093232337263,7.058005631124002,0
rspAp,11,2,1.5990895061133479,0.6834502935894792,6.156638152241172,7.023456734673274,0
cusCp,1,2,1.598934638558275,0.5805889470883014,6.146357855429464,7.081006144223346,0
ykgRp,2,2,1.5988822997754624,0.8047979965080135,6.098266344113602,6.939887237901152,2
galEp2,25,2,1.5988095772787851,0.5874653882632807,6.103479133881848,7.092220346692336,0
yncEp,31,3,1.5987785630583433,0.7532338357791215,6.144893913045813,7.009533109177211,2
yadE_predicted,13,1,1.5984787111402539,0.7904213773279511,6.078713837090699,6.95024324314182,2
kbpp4,35,1,1.5982288772011222,0.8936781904113582,6.087887519155938,6.907346221147334,2
TSS_18061_regulondb,22,2,1.5980339314002603,0.5551349816390698,6.169646817471864,7.121313983658039,0
tolCp1,24,1,1.5978810396505703,0.6287422968099126,6.149372104326319,7.0835103515074085,0
yadI_predicted,33,2,1.5977976117323773,0.590767469023232,6.17356538821853,7.113763662109587,0
yacCp,17,2,1.5976230719379296,0.9350386042869481,6.127108755494712,6.884919043500071,2
icdC_predicted,3,2,1.5973972140587485,0.607511066799286,6.118517253790956,7.076634285750577,0
ykgRp,14,1,1.5973508465678827,0.620438042529026,6.190371425512984,7.1071085431037275,0
kbpp4,20,2,1.5971496488355343,0.5923846620765536,6.099788581902724,7.085789879258611,0
TSS_4654_wanner_regulondb,19,3,1.597139942792851,0.6040407450913682,6.176822304581522,7.086046334737816,0
dgoRp,31,3,1.5971071408705204,0.8446226983871346,6.144077378032863,6.948706775264991,2
yagB_insX_yagA_predicted,39,2,1.5969841409094407,0.634520956005714,6.097872917204544,7.069369081822738,0
uacT_predicted,20,1,1.5967985418036232,0.5231878149101384,6.168831065461683,7.1261829462533,0
ygfS_ygfT_predicted,7,1,1.5966260984670233,0.7125472298582138,6.091184576723393,7.010643754006706,0
intE_xisE_ymfH_predicted,25,3,1.5965470797009782,0.6345765818234481,6.1679926126288915,7.0575162971113565,0
acrAp,14,1,1.5965236425693878,0.7317400787061087,6.098159403637176,6.994267518650853,0
TSS_1414_storz_regulondb,29,1,1.5957769344006,0.780907416618268,6.099981863624187,6.963332779894584,2
xylFp,30,2,1.5956746899363021,0.6141977317166635,6.185274879857838,7.082729482329971,0
tolCp3,21,1,1.5954731287240214,0.7057142341559585,6.210584614315994,7.021088770749684,0
TSS_1414_storz_regulondb,25,2,1.595384397908949,0.6147995496943235,6.13217510770265,7.070621474232933,0
acrAp,32,1,1.5953652382008272,0.7350612946494482,6.16433938448587,7.0015108723314885,0
blrp,22,3,1.5948888240092995,0.7266624752404863,6.164951952315069,6.993246295637145,0
ftsKp2,21,2,1.5946310539040431,0.6745623993035355,6.054260035963081,7.025464862836425,0
crpp1,32,2,1.5944957338379686,0.8683323982103986,6.052332132968431,6.898528588067455,2
mhpRp2,9,1,1.5944374487984367,0.4977050488019654,6.049826310032834,7.147109254934405,0
cusCp,19,3,1.5944158812563913,0.613630259850382,6.2820279676839075,7.120530192617478,0
yncEp,32,2,1.5942244497278388,0.724278243220669,6.183577697418545,7.026121939426632,0
recNp,4,1,1.5942155188045792,0.5748220649040765,6.14313103223625,7.089848583561996,0
ybaY_predicted,25,2,1.5940289028043715,0.49722118331001325,6.201168221174295,7.151727018442299,0
ymfM_beeE_jayE_ymfL_ymfR_tfaP_ymfT_ymfN_ycfK_ymfQ_predicted,25,1,1.5939934778780516,0.6128126016341654,6.0791081783817,7.048250874894766,0
yahL_predicted,12,2,1.593923723375983,0.7124375468919902,6.128754437553832,6.98984106250334,0
gatYp,10,1,1.5935691879800384,1.0382242130748445,6.052609950689098,6.7327618176791395,2
araBp,32,1,1.5935582386867535,0.6653495239442387,6.2193285030352605,7.054124568368064,0
yqaEp,29,2,1.593544622094721,0.9748561898235109,6.028849712254361,6.797972070568199,2
xdhAp2,13,3,1.5932217396434787,0.7210594552907662,6.204228867109004,7.046000260243111,0
acrBp,14,2,1.5930605866932797,0.48132655653932727,6.10719522227421,7.1588835677646845,0
ompRp1,23,1,1.5927908224845586,0.6792677795997273,6.153732829361641,7.016527886221416,0
ompRp4,16,1,1.5918922586494633,0.7644881077386021,6.1705158585593605,6.979411544881891,2
acrBp,37,1,1.591877419215815,0.6162070424853155,6.047397790005673,7.0370134873878945,0
rcsDp,4,2,1.591870280408217,0.7710160650907985,6.068863368455482,6.986647307898179,2
yagB_insX_yagA_predicted,21,1,1.5917298826386495,0.6364719196083635,6.117493111534671,7.074840657093161,0
mprAp,16,2,1.5916155540757377,0.7214922153322532,6.077655090295671,6.974689957843392,0
tfaE_stfE_predicted,31,1,1.5916109346910186,0.6081498619900806,6.090166628201399,7.090260182572207,0
ompRp4,35,1,1.5914923131106615,0.8952290897075176,6.090838119883806,6.89667473186792,2
zapB_predicted,20,1,1.5912673658956649,0.7432510368060745,6.101025363754229,6.946145079535339,0
araBp,15,1,1.5909373920716312,0.5437588458699788,6.066391159659032,7.114905480354826,0
gatYp,28,1,1.5909209167719056,0.6359331469369163,6.166853700798847,7.072147667952089,0
lpp,19,3,1.590858906243105,0.7342068403958879,6.063128626623495,6.977972763429726,0
xdhAp2,38,1,1.5907443041205631,0.6074265801607173,6.100440615302805,7.09578055887874,0
ompRp3,3,2,1.5906286428753662,0.6812709057503195,6.198542831616822,7.037403078770224,0
ybiY_ybiW_predicted,33,1,1.5904970517071126,0.6479317021036767,6.179302657564827,7.068646207253691,0
furpa,4,1,1.5904820270908586,0.8733835192995598,6.178358748948611,6.923988719415544,2
yadI_predicted,13,1,1.5903845170693531,0.893448751201705,6.108876049256424,6.847760107290796,2
yncEp,41,1,1.5903333980398429,0.697473452045509,6.156849585016117,7.033483887984268,0
rcsDp,33,2,1.5901832580483348,0.6429590897509134,6.16702633414753,7.074353900023418,0
sulAp,7,1,1.5901443651819964,0.8509116078367688,6.167536238557791,6.924534606052273,2
ybaY_predicted,28,2,1.5901433535743792,0.6440225556390904,6.126832012158666,7.047061156447724,0
mcbAp5,34,1,1.5900458128722523,0.5515779800760895,6.159440202612095,7.122462898279919,0
yadI_predicted,8,2,1.5899649651022256,0.9797292175231388,5.998096224414716,6.7704709870396425,2
recNp,25,2,1.5898632314595151,0.773381712746691,6.095748799910459,6.981230037305227,2
gyrAp,28,1,1.5893867771715118,0.7063340892540451,6.1754375397491295,7.02735805716051,0
ygeX_predicted,19,3,1.589367408841537,0.6798258890682213,6.253137802594145,7.059864162503881,0
acrBp,38,2,1.5892502467407843,0.6104846434141141,6.133746224323577,7.077744446176819,0
tnaCp,40,1,1.5889795124901045,0.78149269895062,6.043959748472224,6.93437418816937,2
xdhAp2,12,2,1.5888607372718593,0.5611688252389401,6.055746326431677,7.095070878269681,0
ygfM_xdhD_predicted,17,1,1.5887515939869885,0.5823692923794092,6.167091856385164,7.087145696152391,0
gatYp,30,1,1.5884720530476568,1.0040192558922518,6.146516547871631,6.758919859021082,2
ygfS_ygfT_predicted,39,1,1.588345175254605,0.5518499433575661,6.189683570496085,7.1246110363365585,0
TSS_1414_storz_regulondb,32,2,1.5881866930911643,0.8189753063769347,6.108603137973319,6.89499778008482,2
gatZp,19,1,1.587934958680478,0.4729699897504428,6.094311720479678,7.171373043559528,0
xdhAp2,10,1,1.587808028324349,0.5995395160482474,6.137834666018601,7.100755366048549,0
ykgRp,4,1,1.587628578705077,0.8573290051194338,6.090693319634198,6.903047121361736,2
ymfM_beeE_jayE_ymfL_ymfR_tfaP_ymfT_ymfN_ycfK_ymfQ_predicted,13,2,1.5874920430797077,0.6228796430770215,6.1913043995522195,7.075669489711944,0
pheMp,14,3,1.5872425814381153,0.7754874898882521,6.108099776064419,6.9552744710154935,2
relBp,22,2,1.5872316175757921,0.7913591621360275,6.110805571323974,6.938636893503842,2
tabA_predicted,5,1,1.5872267038789194,0.6445170616937995,6.0992882012547325,7.050294865864137,0
ybaY_predicted,2,1,1.5871313884050975,0.7045025375026345,6.1781479695455,7.042403946172611,0
lacIp,15,3,1.5869134170488735,0.6070895664032818,6.162623400898753,7.088732116793215,0
gatZp,19,2,1.5868786471248877,0.5974418774430879,6.1643377721163235,7.081653256461134,0
icdC_predicted,25,3,1.586776332837873,0.7183617133178143,6.202047232826382,7.025617745088924,0
rcsDp,12,2,1.5867210594612835,0.8300996997841182,6.0929245519131765,6.921447881305468,2
blrp,38,2,1.5864448290948234,0.6984579634530322,6.156212924855456,7.055037897015922,0
yadE_predicted,22,3,1.586368401535526,0.6634291959658153,6.081410539931313,7.04889002087903,0
ssnAp,12,1,1.586366864064174,0.5828223728044575,6.155258570257707,7.10011975586358,0
galSp,9,1,1.5860847128137365,0.6401461117870996,6.113408317303734,7.052241860360091,0
ykgRp,20,2,1.586022158572542,0.7285431910575981,6.191247439423769,6.992096968234899,0
blrp,38,1,1.5859986779669446,0.8198609624289644,6.172881230967312,6.967532205868026,2
rcsDp,9,1,1.5859906166017315,0.5858935459926059,6.1533222359839534,7.088795155515419,0
acrBp,40,3,1.5858927275926966,0.6202471122017572,6.088500340394123,7.069626285013388,0
ymfM_beeE_jayE_ymfL_ymfR_tfaP_ymfT_ymfN_ycfK_ymfQ_predicted,10,1,1.5858443883708524,0.6604125859958125,6.139939952869889,7.016852313355786,0
yncEp,4,2,1.5857361281442588,0.8072855588487782,6.144150613141343,6.978835355536656,2
cpxRp2,17,1,1.5855757294633024,0.5190085383514741,6.2511371807699465,7.150141618400939,0
mtnp,17,2,1.5854726875470329,0.8027349323959023,6.178501342237753,6.96759756097297,2
TSS_1414_storz_regulondb,13,1,1.5854096950225658,0.7353108719033851,6.099400315867224,6.959629987014219,0
yadN_predicted,8,2,1.5853995258511069,0.5681726594200303,6.166607954337378,7.103539840132883,0
gatYp,3,2,1.5853971940177416,1.0249542876277584,6.102475485068795,6.762960433240198,2
rdlDp,20,1,1.585352498698869,0.7477720244895069,6.1331093506581835,6.978540463448912,0
crpp1,41,2,1.5852455776474894,0.9205803008051803,6.050933061070319,6.853023811981477,2
yacH_predicted,35,1,1.5852065534204547,0.6318862639109494,6.164807490114546,7.087071609030048,0
yadE_predicted,19,2,1.5850490512866806,0.8062596673060773,6.10258064491112,6.922532621308716,2
ompRp1,28,2,1.585048442923351,0.5340211129267978,6.198874355645098,7.134012124723733,0
crpp2,25,1,1.5849543975397042,0.7009045075908855,6.126011325934153,7.041600213606105,0
ybiY_ybiW_predicted,34,2,1.5846373775445666,0.8459219934683713,6.074180279029136,6.844489050699055,2
tnaCp,10,2,1.5845821517558731,0.7449995821169828,6.090656479649729,6.979131532488827,0
cusCp,25,2,1.5844863056699272,0.5776945006058489,6.161311286171932,7.103434086489081,0
ssnAp,17,1,1.5842935626172565,0.6372753577471222,6.19957019575895,7.067790903333448,0
TSS_4654_wanner_regulondb,13,2,1.584270024256413,0.5716384921360472,6.253515263400946,7.110985382633071,0
lpp,35,1,1.5840957977633425,0.8006336236132434,6.110027437268357,6.919183373940169,2
yahL_predicted,33,2,1.5838894556884302,0.6635258709644907,6.246734556479103,7.036376133255851,0
yahL_predicted,11,1,1.5838552928716836,0.5950427805697132,6.254693477434897,7.093269891537373,0
tolCp2,30,1,1.5838005555662857,0.7593928258997693,6.2697009921775235,7.009046694906233,2
icdC_predicted,34,1,1.5836937660658676,0.6765611286157583,6.139271160319068,7.03757608290252,0
TSS_18061_regulondb,10,1,1.5836616968300892,0.48111799943450817,6.113233134250023,7.166250293377702,0
yacCp,8,1,1.5836108817210028,0.9523157235938821,6.099508087878281,6.87812265253493,2
mprAp,28,2,1.583456391336034,0.775987439058567,6.118649469262354,6.961571023398091,2
ratA_yfjF_predicted,37,2,1.5833573880393692,0.5739489323420792,6.111429655177512,7.097789811924461,0
uacT_predicted,1,2,1.5831333163821895,0.549341748753284,6.104831746938277,7.124744561872194,0
kbpp4,22,3,1.583027092113567,0.6270973256167597,6.182190451329703,7.075112645741454,0
yadI_predicted,32,1,1.5829898396565945,0.7325517582869594,6.1748406039817185,7.037493569713536,0
icdC_predicted,18,2,1.582944887533264,0.6398581269896205,6.145668468286554,7.072197395589109,0
rdlDp,28,2,1.582826912516531,0.6874726068181432,6.10072938544732,7.03830028842589,0
yadL_yadM_yadC_yadK_predicted,34,1,1.5827149973121464,0.6263372879841093,6.2280155642200015,7.08336662105555,0
TSS_4654_wanner_regulondb,1,2,1.5826423199464419,0.5275671196937158,6.13397781778615,7.1229637212399215,0
yncEp,34,2,1.58240438922117,0.5712482818688427,6.158036364140273,7.116286255730182,0
ompRp3,17,2,1.5820997413652582,0.6371615815906826,6.187810976270229,7.069292738199794,0
crpp1,31,3,1.5818666957724932,0.7691189749027071,6.03069882379812,6.936600219726463,2
acrAp,33,1,1.5818298770460073,0.9030190653485312,6.09433860436431,6.849989219005121,2
mcbAp5,36,2,1.5817181240089835,0.5414234480698218,6.158593246871085,7.11410835772221,0
yncEp,18,2,1.5817146214166597,0.7514751018147915,6.197977698454203,7.017287849529731,2
tabA_predicted,12,1,1.5816331206915342,0.6562315047563619,6.154123867469585,7.040882472265453,0
tabA_predicted,41,2,1.5813448711515448,0.6211149620394503,6.161828502485099,7.071263276402738,0
ratA_yfjF_predicted,23,2,1.5813049627143432,0.4687925896293208,6.177513873611477,7.167409856811366,0
ompRp2,4,1,1.5812517082211515,0.5958301104370234,6.114293622695241,7.087450426115514,0
galEp3,39,2,1.5811987765227073,0.6077773124463023,6.210162238717171,7.086934724441027,0
sohAp,17,1,1.5811334704514732,0.8405443573927178,6.134104390313845,6.920159559181053,2
TSS_1414_storz_regulondb,21,1,1.5809991559385557,0.7326837048261984,6.1466257999867056,6.988224240434326,0
xylAp,39,1,1.580980754318228,0.6569106871503386,6.113547454478544,7.066901240810235,0
TSS_1414_storz_regulondb,4,2,1.5809127593491525,0.736089457456318,6.126266641609395,6.980725269379711,0
yjbJ_predicted,24,1,1.5808916240097093,0.5937201568026581,6.155989926508678,7.08072221823437,0
lpp,32,1,1.5808567430139298,0.9797150359171907,6.0899945268714415,6.7961370789605215,2
crpp3,12,2,1.5806497206997763,0.9900870129956906,6.045536549724236,6.7802374023725775,2
icdC_predicted,37,2,1.5805660973513025,0.5892632848952046,6.172342606783837,7.098151516953569,0
uofp,22,1,1.5804683305602822,0.5379095992251283,6.204290611891151,7.142395296389752,0
galEp3,11,2,1.5802727305289808,0.5468314685569428,6.086029813737817,7.106080205151025,0
tabA_predicted,25,3,1.5802312171037787,0.5633803197443109,6.167559645707863,7.11637897080439,0
icdC_predicted,31,3,1.5802226559919619,0.5656405067629527,6.1853907921659275,7.118974552612684,0
TSS_1414_storz_regulondb,7,1,1.5798886461952715,0.6363441277484537,6.097491173735361,7.051949864746211,0
tolCp3,6,1,1.5797046846567238,0.6926337918179349,6.149502529018453,7.016404009631501,0
mhpRp1,15,2,1.5796638398900296,0.5989245260103141,6.221589560706731,7.103010462392184,0
yadE_predicted,6,2,1.5793003243203025,0.8674954015891905,6.097480854797188,6.908345139783184,2
lacIp,28,1,1.5789758458387535,0.677296513608302,6.1490833673820555,7.045277242658865,0
xdhAp2,14,1,1.5789576112574804,0.5768548195754793,6.187612551346058,7.102317287066995,0
xdhAp1,20,1,1.5789422832995628,0.6158901094568726,6.059937694518728,7.071403473479421,0
ygeW_predicted,33,2,1.5787831668817354,0.5285922428880371,6.1389688542624175,7.14634666948216,0
ecnBp,5,2,1.5786812590533432,0.7351330214356565,6.138432188147794,6.985777371679027,0
yadL_yadM_yadC_yadK_predicted,25,3,1.5785580159271844,0.7358502814231458,6.205057216872475,7.046043832588863,0
ygfS_ygfT_predicted,16,2,1.5784610804265118,0.577728326627943,6.138124556436978,7.096410894688388,0
ompRp1,15,1,1.5784338943763243,0.5577327270830152,6.255279408787878,7.132580478139412,0
galEp3,15,3,1.578409762721198,0.7615129823050161,6.140311628843492,6.98087729609461,2
yahL_predicted,32,1,1.5784058308878033,0.7267826961548802,6.1673174037126035,7.013254010811699,0
ymfM_beeE_jayE_ymfL_ymfR_tfaP_ymfT_ymfN_ycfK_ymfQ_predicted,40,3,1.5782873229940266,0.6183024559200856,6.191923633508703,7.07948146308675,0
cusCp,41,2,1.5782353837791359,0.7404090025676082,6.046184856394476,6.972649536853542,0
yjbJ_predicted,31,1,1.5781414733778067,0.9713957433124762,6.13686003726201,6.8411000395749575,2
acrAp,17,1,1.5780531443825327,0.6861277597214039,6.067611331883704,7.01420210536034,0
yadL_yadM_yadC_yadK_predicted,19,1,1.5779698920501006,0.5869331350349438,6.111679612124076,7.081440343962452,0
ygeX_predicted,38,3,1.5778323174024689,0.7196513083724011,6.226316501176052,7.00253449552352,0
ecnBp,25,2,1.5774037764856923,0.45860959334135776,6.151759443301263,7.177052699876244,0
ygeX_predicted,9,2,1.577368277485417,0.5969023685020215,6.145883627815044,7.101998832299323,0
yahL_predicted,17,2,1.5773089062036232,0.5672997025235248,6.1207044274313205,7.098128036349507,0
cpxRp2,31,2,1.5772618586319282,0.6451707961323103,6.152854021304508,7.066041301372656,0
yadL_yadM_yadC_yadK_predicted,35,2,1.5771721690430511,0.7675850759553521,6.164810044061074,6.9944651093218555,2
yagB_insX_yagA_predicted,20,2,1.5770689594019005,0.5957822451155423,6.098425254134605,7.059938644146873,0
galEp3,40,1,1.5770514575258683,0.6039428047112075,6.087521287352837,7.0545499754855,0
ompRp1,14,3,1.5768373853349102,0.6723671232817596,6.230727964621215,7.048104124882953,0
tmaR_predicted,17,1,1.5767189500120622,0.7359552420907696,6.193077403503934,6.997121941542949,0
rdlDp,35,1,1.5766088790984971,0.7428869159282332,6.111396987140456,6.988962991566289,0
ybiY_ybiW_predicted,35,1,1.5766045246701907,0.5025811115028458,6.150158527676966,7.155896893140033,0
yjbJ_predicted,11,2,1.5763984507829274,0.6486043372080849,6.076788241403973,7.027621789967911,0
rcsDp,19,2,1.576369336341098,0.6160599309787322,6.231002398969521,7.110321394939923,0
ygeY_predicted,1,2,1.5763402777337117,0.594767239901769,6.095520302001955,7.095287286640876,0
znuCp,25,2,1.5763167293608042,0.6539061924114314,6.131861078457822,7.055627241618191,0
yncEp,18,1,1.5762540915316952,0.825254030948047,6.173987144951717,6.9511024416953635,2
crpp1,20,1,1.5762180587361976,0.7165076101279196,6.079043502207796,7.007296367876882,0
ompRp3,25,2,1.5759672995156273,0.7594453927198607,6.056536457722892,7.021111094175248,2
galEp3,38,3,1.5759523335372574,0.5984135055641934,6.0859688474697595,7.0807522606266335,0
crpp1,36,2,1.5758708541545285,0.7065269671161648,6.144319921240196,7.03316260898917,0
elaBp,17,1,1.5758597623033477,0.7178478790369315,6.167476567871936,6.999144133474957,0
xdhAp2,39,2,1.575819245132337,0.630089559534645,6.155836681067898,7.089215835491416,0
ssnAp,16,1,1.5756237843336596,0.5871139928580345,6.183569643902153,7.111636471456562,0
yadL_yadM_yadC_yadK_predicted,11,1,1.5755176744782489,0.6181681881696138,6.059612399277421,7.040353467209872,0
ygiW_predicted,23,2,1.5754200374559029,0.5591930407801451,6.113607724900274,7.114959974582005,0
crpp1,7,2,1.5753924646154018,0.8306779612232859,6.173834141439375,6.921774385106412,2
gatZp,23,2,1.5752318654649993,0.4697647574143127,6.155736439067091,7.156796619738493,0
ratA_yfjF_predicted,32,1,1.5752180409166232,0.5594066998038001,6.05765182042295,7.114142101248608,0
galEp3,14,3,1.575198513467654,0.7655582376211609,6.123169854810417,6.950702683308592,2
yacCp,19,2,1.575050287674982,0.9043369956977915,6.0495921854468,6.8615076013818666,2
ompRp4,3,1,1.5750139391376985,0.8133017500636356,6.150777202545571,6.941997759169904,2
mprAp,30,1,1.5748298259136995,0.8262826940446847,6.02732131506815,6.8808712278805615,2
yacCp,38,1,1.5747624086231675,0.8638437837268833,6.218053586382486,6.93905157620008,2
ybiY_ybiW_predicted,31,1,1.5747178026754183,0.6024041227541801,6.082494936623828,7.075847323777396,0
TSS_1414_storz_regulondb,31,3,1.57452709247974,0.7826887348580118,6.142540527815413,6.946213068043928,2
ldrDp,3,2,1.5744475213992253,0.5858548397851325,6.205819649455105,7.0959224367697145,0
ygfKp,41,2,1.5743633003959907,0.5396120203658302,6.17438869111586,7.115693235647596,0
TSS_1414_storz_regulondb,2,1,1.57432291385049,0.6844407015862487,6.129681895970094,7.017144487847239,0
yadI_predicted,21,1,1.574181768999669,0.597312150871743,6.153906589055479,7.089420670348467,0
yadN_predicted,38,1,1.5741654286139326,0.6507289533933245,6.154680002787861,7.078623336577863,0
lacIp,21,2,1.573959995378456,0.7530440783584146,6.129856144482469,6.977740959045697,2
acrBp,39,2,1.57388911310854,0.5778813997648886,6.129889051916571,7.099856605499741,0
tabA_predicted,37,1,1.573865015116139,0.6115730906477548,6.253407644147352,7.109752280013069,0
hyuA_predicted,11,1,1.5737992058370676,0.567316853183967,6.184507008679271,7.122206170341659,0
xdhAp2,17,1,1.5736516899558377,0.5344874791468877,6.094367307637034,7.119033118495885,0
yagB_insX_yagA_predicted,31,3,1.5736462758496148,0.64929756413793,6.1830004561573535,7.0625758853441845,0
crpp1,17,2,1.573635416014074,0.7019733501802801,6.078775318013167,6.985406496489151,0
tabA_predicted,3,2,1.5735823834539326,0.6672340725076665,6.215485305915285,7.041596947328851,0
icdC_predicted,5,2,1.5735659154454094,0.6484363202614742,6.177092578677591,7.070843529590502,0
TSS_18061_regulondb,15,2,1.5735265406698233,0.6297036819803226,6.15282564176338,7.070875951830048,0
aceBp,31,2,1.573142894303492,0.8977696437050481,6.136770788442275,6.8830212411201535,2
yadI_predicted,37,2,1.5729587571887984,0.6192883666715889,6.15942378705063,7.074338390334271,0
mglBp,37,1,1.5728271796157864,0.9384732488347391,6.097232794631302,6.782246553384842,2
dgoRp,5,1,1.5727552755690537,0.6401630932704453,6.097755018784227,7.058848230284116,0
TSS_4655_regulondb,11,2,1.5726219047629861,0.6094388447626427,6.25477313379555,7.107219053902922,0
yacH_predicted,16,1,1.5725096959978664,0.6038000728328712,6.180517926985997,7.089318368868491,0
yadI_predicted,19,2,1.5724415380330432,0.7967179532246413,6.049052274416207,6.934597351142827,2
yqaEp,2,1,1.5724413990038322,0.5913804017235806,6.066070287159443,7.093699358925681,0
xdhAp2,20,1,1.5721772336254958,0.7326925970654643,6.192142444802217,6.994070740708392,0
ompRp2,1,2,1.5721330274104428,0.6392972739041772,6.174111746824682,7.050146275721801,0
ygeW_predicted,21,2,1.5720974733306132,0.6281584374202067,6.092294683702514,7.059300853443817,0
tnaCp,34,1,1.5720603678139375,0.6531913964534519,6.166891407526252,7.0582854700703965,0
rcsBp1,7,1,1.571940826021464,0.640605679842555,6.059812271800169,7.059969790724857,0
mhpRp1,1,2,1.571711820634452,0.5570336886937606,6.219483698625952,7.12843920130403,0
mhpRp2,1,2,1.5714100976927199,0.6365729829858213,6.07964200283932,7.0569537773259565,0
xdhAp1,35,1,1.5713042985631658,0.5851181364902349,6.072656204961451,7.07638053322769,0
yncEp,9,1,1.571233953517137,0.664516157592494,6.139702837884844,7.039400413964888,0
rcsBp2,31,1,1.5712153983631183,0.7948152467167527,6.107386986808085,6.948388783257201,2
icdC_predicted,12,2,1.5710926778879515,0.6235051103565921,6.143413211708262,7.089722606238451,0
dgoRp,13,3,1.5710821506525807,0.7509218475146641,6.222249388330035,7.002483431002712,2
galSp,14,1,1.5709866401403898,0.5322827890583611,6.095191141503033,7.143717593307438,0
mhpRp2,23,1,1.5709732634365727,0.7032795861901152,6.229390768025288,7.018339350478501,0
gatYp,5,2,1.5709487237970399,1.0126055265560507,6.072549182297937,6.7498427611912195,2
ygfS_ygfT_predicted,11,1,1.5706997530580082,0.5375011216394866,6.13722826152371,7.122459342502271,0
ygfM_xdhD_predicted,18,1,1.5706424506640948,0.5689952228729864,6.215004623490362,7.101019006396481,0
ygeX_predicted,6,1,1.570561311008077,0.4573309142150345,6.089197301418356,7.175391150002088,0
mhpRp1,39,2,1.5704800579611737,0.6002232478591999,6.1399479737808855,7.079313816904735,0
tolCp4,30,1,1.5704524800988782,0.6068199395625492,6.198607700527106,7.070114405918114,0
acrBp,17,1,1.5704188218502795,0.7010822113354367,6.073589391576151,6.994485543814896,0
tolCp3,22,2,1.570309722775714,0.582622911987411,6.11618961130873,7.097927590800188,0
lpp,6,1,1.570285427505904,0.7385558942186291,6.155098022930961,7.004540051525614,0
xylFp,15,3,1.5701791695425198,0.5840080716340775,6.173341049979715,7.07806063974045,0
mglBp,38,1,1.5701272156361008,0.8588916024845604,6.133393626102475,6.914813290803789,2
acrBp,35,2,1.570008053957562,0.649058212684587,6.063200712968436,7.0394431951234395,0
ompRp1,31,2,1.5699256691114007,0.5873864519950193,6.236982450145154,7.094312020322749,0
yacH_predicted,40,1,1.5698389029019821,0.5505668946554819,6.201974609221877,7.117102108637111,0
dinQp,1,1,1.5698318443016042,0.8410937608813718,6.1694999028860185,6.920173299266551,2
TSS_6311_regulondb,15,3,1.5698089277599208,0.6013501857936123,6.112123840095544,7.095195769892051,0
galEp3,40,2,1.5695478667612401,0.5709406287176987,6.221016758036598,7.103828552214473,0
xylFp,19,2,1.569509051095412,0.5360245232147482,6.18202956486919,7.119229255121211,0
araBp,35,1,1.5694496939294877,0.6641805838991528,6.143382381026198,7.047782373323807,0
rcsBp2,30,1,1.5693224263974863,0.7882525818820306,6.153784480612824,6.977084612046749,2
uacT_predicted,9,2,1.5692512611597083,0.6091634357208313,6.165364078734821,7.073677170833836,0
ompRp3,7,1,1.5692217720331243,0.9802797276525982,6.1257406695250465,6.818645957244955,2
ybiY_ybiW_predicted,19,2,1.5691837282229737,0.6586872997730718,6.190359990731714,7.029652743354627,0
ybaY_predicted,31,3,1.5691791870215432,0.7233250663678675,6.104919639632812,6.993991299529388,0
tisBp,15,1,1.5689698626172295,0.6774127746235798,6.169331837697052,7.0490776730393065,0
lpp,9,1,1.56886245806867,0.6211657638496272,6.152347071197612,7.067274318169903,0
tfaE_stfE_predicted,4,2,1.5685528535829958,0.5034668667836338,6.12993504947207,7.143056055252375,0
ssnAp,19,3,1.5685481991807708,0.6544848801291967,6.139455143922953,7.06058930370679,0
yadI_predicted,28,2,1.5684236731376264,0.569019554593499,6.207517400065425,7.115727202082016,0
gatZp,30,2,1.568363694678845,0.6346494606403625,6.102073775372679,7.06440438670839,0
lpp,31,1,1.5683592314074086,0.7935400044820978,6.146870824741145,6.965666395728099,2
dgoRp,19,2,1.568331828057693,0.748434230916827,6.191410125643417,7.029397391654836,0
xdhAp2,2,1,1.56831568120852,0.5688410582139364,6.281689148389728,7.130625736373376,0
ymfM_beeE_jayE_ymfL_ymfR_tfaP_ymfT_ymfN_ycfK_ymfQ_predicted,40,2,1.5682269166762948,0.6134356034527592,6.180729823610502,7.0811693197804555,0
crpp3,22,3,1.5681934505926065,0.8648343439211259,6.14538454849257,6.9126581878430065,2
rcsDp,31,3,1.5681667427762793,0.8253723185447545,6.167793405786185,6.958997436515871,2
rcsDp,31,2,1.5681652093938938,0.6724424105105085,6.143629560998766,7.023410421057388,0
crpp2,13,1,1.5681059109630415,0.8425443882039123,6.156034728630708,6.940928837419591,2
gatYp,1,1,1.567889627553404,1.0489627827852719,6.083147323620567,6.731135123636106,2
araBp,30,1,1.567845904365919,0.5016749435025875,6.152846253907586,7.1474443431655725,0
lppp2,3,2,1.5678163776046248,0.5580413738057108,6.24182518468748,7.132002951443594,0
rcsDp,31,1,1.5677399708077546,0.7059910444570907,6.158900765863024,7.021920691093447,0
yadG_yadH_predicted,32,2,1.5676670248322653,0.5691950918090399,6.135513767469405,7.093681900024081,0
ssnAp,14,2,1.5675883813765417,0.6288144223718216,6.087613827819852,7.052693520462044,0
araBp,17,1,1.5675786476227909,0.616355579690969,6.161456767159484,7.073215260925931,0
gatZp,23,1,1.567356311387121,0.6201779187338926,6.114647357593242,7.090256868743616,0
TSS_1414_storz_regulondb,40,2,1.5671538815977617,0.6890232073003197,6.245372234090979,7.032463161688058,0
galEp3,10,1,1.5670492703534844,0.47060835383163857,6.205951606364593,7.171827437933197,0
hyuA_predicted,16,1,1.5670169640602793,0.6905158828885865,6.124116175582007,7.008527138779558,0
yahL_predicted,7,1,1.5669971046241267,0.5161422518196727,6.108121566057514,7.133211306668793,0
ygeX_predicted,4,3,1.5669426976147283,0.5496780670121344,6.152733751571114,7.124021933399034,0
ssnAp,31,2,1.566827360954968,0.5082085858433951,6.226793211980548,7.142746132445925,0
yahC_predicted,39,1,1.5667656357088742,0.6355769808921702,6.085638608451053,7.075829562215685,0
ybaY_predicted,33,2,1.566752840771918,0.8216698800771273,6.115235626510145,6.910869886673575,2
cpxRp2,8,1,1.5667384062259548,0.6308460636531008,6.149133729221538,7.05212491831719,0
yncEp,21,2,1.5667120014702085,0.6906102838650645,6.095354700319814,7.02094223114131,0
araBp,3,1,1.5662150405451554,0.756661805746844,6.186381568152731,6.973611572559945,2
cusCp,5,1,1.5661947615988783,0.6436105333357869,6.137398510567248,7.081972808633482,0
xylAp,2,2,1.566138523137579,0.6655679501315449,6.1980866856004,7.0244381220985606,0
mcbAp5,34,2,1.5660220316050582,0.5187420308353841,6.174612565649828,7.137765892112112,0
tolCp4,4,1,1.5659578031069854,0.613678965002127,6.102936782214046,7.070451364830244,0
ygeW_predicted,18,1,1.5657781398679298,0.7432484487597647,6.143056120707573,6.991025801379926,0
yacCp,22,2,1.5657288967999177,0.859407474773813,6.141877624597523,6.927450239716762,2
TSS_1414_storz_regulondb,16,1,1.5657271244868907,0.5838700277272156,6.170728763378882,7.087419779526623,0
lppp2,3,1,1.5655569488724816,0.6208931824792677,6.254633050110925,7.093039763610747,0
ybaY_predicted,9,1,1.5653040642836225,0.6946219271019484,6.226045196364453,7.051224728459459,0
gatYp,21,2,1.5652267688245936,0.6120591493615322,6.2405598482385525,7.093887451592499,0
tabA_predicted,18,2,1.5651628816376,0.5262304041836715,6.1459085280598575,7.144635631228812,0
araBp,20,1,1.565067049395677,0.6587326665982426,6.129823057103202,7.063346226889768,0
galEp3,32,1,1.5646781289190232,0.6170387394204521,6.122694129489545,7.059536476167192,0
araBp,28,2,1.5646108398686964,0.6129444888020797,6.223064821610759,7.090478295100331,0
yncEp,17,2,1.564507041028429,0.6708921971056786,6.127042473654742,7.0456754263672945,0
xdhAp1,4,1,1.5643741577668908,0.5622642322127517,6.095741156428859,7.111614020046977,0
lpp,22,3,1.5643665239032956,0.7931186636138279,6.098674244346547,6.950207200120116,2
yadG_yadH_predicted,17,2,1.5643612097988275,0.6234557829312952,6.181325601973544,7.0839438741167875,0
yncEp,13,2,1.564353149064308,0.8081582632399986,6.1546314339677926,6.968118348025941,2
intE_xisE_ymfH_predicted,29,1,1.5641571306336404,0.5572358993678355,6.232769325753177,7.115498067914299,0
mtnp,8,2,1.564054923044357,0.7823621747808581,6.121659646482032,6.939918379915469,2
tolCp4,31,2,1.5639314620759397,0.6062962089938196,6.17829003128688,7.074150033333825,0
yadI_predicted,2,1,1.5639151747703655,0.7005606520602854,6.151611304150091,7.0093478405363125,0
ymfM_beeE_jayE_ymfL_ymfR_tfaP_ymfT_ymfN_ycfK_ymfQ_predicted,41,1,1.5638649680265322,0.5754065668197765,6.192034131384277,7.104647121326414,0
rspAp,9,1,1.563659137296953,0.6118039966316738,6.122894556192003,7.077738777648685,0
acrBp,12,1,1.5635961162178733,0.6140134462168456,6.13264067212078,7.087674478705923,0
ompRp3,23,1,1.563431286946782,0.8401445128834985,6.09635244318161,6.896733055844898,2
mhpRp2,31,1,1.5634165827339344,0.5582355576529048,6.199429610865141,7.1116422587990655,0
lacIp,12,1,1.5633621082912041,0.8734920441984521,6.114501740791919,6.9010413737059535,2
ybiY_ybiW_predicted,36,1,1.5629726188438315,0.5649559851294638,6.1363817068085655,7.120226426870337,0
sohAp,22,3,1.562956073369308,0.9044398446477533,6.111518348579257,6.93790258665673,2
acrBp,32,2,1.5628743456539362,0.6478370422025512,6.129042074551155,7.095822231443326,0
rdlDp,7,1,1.5628678290507716,0.847880993775143,6.156284741982072,6.964112465596584,2
ldrDp,33,2,1.5627821024089963,0.6238927319873006,6.200037194555856,7.080564011857962,0
xylFp,25,2,1.5627660178510423,0.6237393964711268,6.081599208539279,7.052749859342784,0
xylFp,32,1,1.562660269920667,0.5071760243797739,6.143211367209137,7.157499754212308,0
yagB_insX_yagA_predicted,39,1,1.5623220896506933,0.6402703324845108,6.10170891667298,7.042187876404563,0
xdhAp2,41,1,1.5620786988255695,0.6665064264783338,6.142928991888695,7.060124475049948,0
icdC_predicted,4,3,1.562011997530178,0.590039282490013,6.204994541699989,7.1036952971287715,0
tfaE_stfE_predicted,36,1,1.561893612651194,0.6264316165526975,6.119264487981626,7.071477657265891,0
yadI_predicted,14,3,1.5616805330191583,0.9172305674278933,6.092921108972645,6.85006998055567,2
acrAp,7,1,1.5616621677708584,0.6577805669889443,6.135452206414364,7.044839057899577,0
dgoRp,4,3,1.5616548954895542,0.6437926797216386,6.127887161997041,7.045854370563063,0
xylFp,20,1,1.5613848628508697,0.5396343395630921,6.17315459493342,7.128833845986463,0
crpp3,19,1,1.5609575303526135,0.5618452399159893,6.153145298555754,7.123579426555338,0
ftsKp2,41,1,1.5609393563166898,0.6592320255480429,6.240565970046621,7.049094451726086,0
mglBp,22,1,1.5609226180458708,0.5211586695828971,6.162826258100304,7.124769026604638,0
aceBp,14,3,1.5607731901333208,0.7664207886171871,6.078948561129163,6.956398669230844,2
dgoRp,14,1,1.5607523631987874,0.4946526766084673,6.199295755911322,7.154045280069587,0
gatYp,38,2,1.5606342738515149,0.6425269430879302,6.091933034143551,7.064528452471055,0
tmaR_predicted,30,2,1.560175144345689,0.7098407071256377,6.081042550409679,7.00151252344784,0
dinQp,17,1,1.560151687446918,0.6836727367150883,6.082620919228741,7.011559368461651,0
mglBp,10,1,1.5600768593220047,0.9419544381001084,6.084838819979845,6.775759403163692,2
rspAp,21,1,1.5600595819248337,0.6794669660435629,6.210239567934845,7.052649295863167,0
tfaE_stfE_predicted,2,2,1.5600161353703308,0.7174203426754577,6.155843472165509,7.012814827065791,0
dgoRp,8,1,1.5599708886659402,0.724224338414183,6.141119487901913,6.985935131480802,0
TSS_18061_regulondb,35,1,1.5598748155278124,0.4415402974775288,6.132785214587692,7.1853326998282485,0
yadE_predicted,12,2,1.5598018150006447,0.783535147561323,6.062631090029964,6.974290118895482,2
yadI_predicted,13,3,1.5597196675129388,0.8766723569838027,6.1033752511084165,6.854672986003413,2
yncEp,40,3,1.5597047600180522,0.7595245190292526,6.181750689113203,6.997736000834584,2
yadG_yadH_predicted,14,3,1.5595765718461156,0.7115256506053317,6.187627555608077,7.027797794092102,0
gyrAp,14,3,1.559542373042247,0.8850238359415876,6.224709140893538,6.924277331447086,2
yadG_yadH_predicted,3,1,1.559437715990037,0.6384344651707026,6.244121551348021,7.041508329507277,0
rspAp,7,2,1.5594333069505935,0.9150880954732977,6.163945944928406,6.841113855344462,2
TSS_18061_regulondb,35,2,1.5593430918594504,0.633095787925815,6.149860473811095,7.083435497876701,0
hyuA_predicted,8,2,1.5593178578505602,0.555379204474384,6.111225408052551,7.115987138877831,0
sulAp,14,3,1.559295716027898,0.7927144919815464,6.078456505295055,6.928259397813116,2
TSS_18061_regulondb,38,1,1.5591987401852354,0.5289461209171765,6.190769574873788,7.145491162320681,0
yadL_yadM_yadC_yadK_predicted,38,2,1.559134360467335,0.54246258004143,6.091823264327632,7.116939697079384,0
ratA_yfjF_predicted,10,2,1.5590215516528796,0.615644485469057,6.197931708090089,7.086179235657143,0
ftsKp2,37,1,1.5587430385132768,0.6453598544025986,6.225464656243201,7.090523744017636,0
ygiW_predicted,38,2,1.5587083662301948,0.6062770927782045,6.148295624800454,7.097452124276259,0
cusCp,15,2,1.5586814463164993,0.5725323464873725,6.154060594328311,7.0996724208554545,0
ssnAp,22,3,1.558472427218464,0.6366031105448301,6.072266249973853,7.037651895938864,0
intE_xisE_ymfH_predicted,9,2,1.5580304494953152,0.6137333423148219,6.149830163737235,7.051611515071587,0
galEp3,36,1,1.5579258406087946,0.6817469663686566,6.27774462244615,7.035787173348926,0
recNp,7,1,1.557825076195325,0.788221453207739,6.1765115030916125,6.9368295571288,2
ygfKp,24,1,1.5578234650653429,0.577251547595167,6.185204352562088,7.089609590142074,0
yahL_predicted,7,2,1.5574503547575025,0.5746049203084804,6.181455671913261,7.099520709253699,0
mprAp,9,1,1.5574113535279066,0.7557767741792981,5.982072954258042,6.949835335555333,2
TSS_1414_storz_regulondb,29,2,1.5573746918197784,0.8191819969421993,6.133729273870152,6.943430599335803,2
hyuA_predicted,15,2,1.5573340741049446,0.6193765766461484,6.1957130551102075,7.089159364376668,0
dgoRp,36,2,1.5572269726483379,0.7998717732441092,6.097753090748399,6.951304253453044,2
zapB_predicted,22,2,1.5571572524398485,0.6886044938225254,6.168676130545878,7.027910479487931,0
TSS_4655_regulondb,7,2,1.5571538386485293,0.618014788024868,6.204124116135507,7.0717774086969944,0
dgoRp,21,2,1.5570992481917656,0.7578352507044481,6.218808216443861,6.98251459801414,2
yqjE_yqjK_yqjD_yqjC_predicted,13,3,1.5570194866043787,0.6588595034770266,6.116865895140803,7.058029938443504,0
tolCp3,7,1,1.5569407714515675,0.6171900974888802,6.227796466450878,7.064673357805664,0
crpp1,23,2,1.5568833969038711,0.984772535893802,6.137102684285674,6.844679026040818,2
yncEp,39,2,1.556877459272219,0.6746775470173404,6.144108960014672,7.044340875302646,0
cpxRp2,28,2,1.556802873792386,0.6320744764048568,6.193748947546399,7.071670977867688,0
intE_xisE_ymfH_predicted,31,1,1.5565030878540158,0.6334905856955546,6.115851593758498,7.063152192641927,0
ybiY_ybiW_predicted,37,1,1.5564789103253769,0.8440147522465505,6.078769067548858,6.84844740784024,2
galSp,24,1,1.5561544616292329,0.6192475935164972,6.227409413940121,7.0718985173016895,0
TSS_4654_wanner_regulondb,20,1,1.5559643506699707,0.5101050542252884,6.115619534258185,7.140277989475472,0
mprAp,14,1,1.5559493614674211,0.852965577484967,6.077566201930057,6.902615680147578,2
znuCp,4,1,1.5558945619191944,0.6655001837740471,6.115621102496672,7.022965602369819,0
ompRp4,14,1,1.5558176759725957,0.8152115155832577,6.229722895227635,6.96148944522979,2
TSS_18061_regulondb,15,1,1.5558020168915747,0.5272950009986396,6.133937073039897,7.128694054788851,0
ykgRp,25,3,1.5557760481197822,0.5256199780309216,6.134957378258309,7.1231360003197155,0
yacH_predicted,24,2,1.5556282313768104,0.7100242382553604,6.212572449875887,7.02822563408623,0
rcsDp,25,1,1.5556109904481081,0.5493909693752362,6.162459934035875,7.122929437419395,0
ygeY_predicted,28,2,1.5554513987816552,0.5568516604156382,6.172886747358312,7.119559413066178,0
ybiY_ybiW_predicted,34,1,1.5553418117303661,0.8334358293227773,6.120625924753146,6.86225409817996,2
crpp1,6,1,1.5550652183189126,0.6842728486551953,6.101299190456849,6.997751461880119,0
galEp3,28,1,1.5550650492344682,0.5288204036022378,6.1658370004047125,7.127157329837438,0
icdC_predicted,20,1,1.5549900033484916,0.5649206656848159,6.209159433531333,7.126093848078462,0
cusCp,25,3,1.5549443297095682,0.5441015340723803,6.135429687467905,7.118472965938579,0
tnaCp,30,1,1.554885631488738,0.5122931062624048,6.156141335461877,7.151051063884917,0
lpp,7,1,1.5545238257784424,0.8831208721436238,6.140274514377605,6.907022372418589,2
hyuA_predicted,28,1,1.5544004352092333,0.58301152124876,6.189517358413731,7.09048978104639,0
TSS_4655_regulondb,9,1,1.5542731962845118,0.5925876249745138,6.2019004084473695,7.100497329640971,0
ygfM_xdhD_predicted,10,2,1.554215411638602,0.507951094225477,6.136378980113772,7.15733158585334,0
ygfM_xdhD_predicted,32,2,1.5541553790136142,0.5977486418933786,6.175352513315907,7.0962659041738805,0
recNp,38,2,1.5540698513399658,0.5261174576749688,6.1464335010980875,7.122907650533184,0
znuCp,19,1,1.5538075572815446,0.5501974479406692,6.167957034180209,7.13385744811824,0
aceBp,25,2,1.5537591437258522,0.5601542241446418,6.152551581448757,7.108221417542788,0
TSS_4654_wanner_regulondb,33,1,1.5534363975198935,0.5171546322623125,6.184921018916155,7.129393366261509,0
acrBp,34,1,1.5533278374960626,0.5390894926930972,6.182205305786509,7.127301866241666,0
TSS_6311_regulondb,30,2,1.5531915406936636,0.7261116542138177,6.153239662855595,7.009197038056781,0
uacT_predicted,10,2,1.5531525888259639,0.6293149787896987,6.130326113172345,7.0492493760936705,0
ompRp1,9,1,1.5528580883559104,0.5900620198779998,6.255552896265372,7.093652425946763,0
yadL_yadM_yadC_yadK_predicted,24,1,1.5524637281130227,0.6087859928140957,6.175489472821122,7.084477874167395,0
acrAp,33,2,1.5524278866331473,0.8396451576050852,6.139955743896069,6.919674675553625,2
ompRp1,13,3,1.5524030356655663,0.5986537591473972,6.230245093543967,7.094071992879362,0
ompRp2,28,1,1.552130482892418,0.8295043709086433,6.13882780114037,6.889570631461007,2
cusCp,5,2,1.552027497760684,0.7290004871176023,6.162437671109515,7.025110377628929,0
uofp,15,1,1.551973110805637,0.527914521785809,6.100862800942756,7.122768241835557,0
kbpp4,31,2,1.5519704141854147,0.576183760602069,6.106229740830663,7.103082571992791,0
ompRp2,32,2,1.5519634756595773,0.7222407505193736,6.115952956217379,6.980841264459206,0
TSS_4655_regulondb,24,1,1.5518453106111365,0.5490470956077911,6.227473795880514,7.117935202878563,0
yacH_predicted,40,2,1.551599495740531,0.5666214096528573,6.109389014980503,7.119644843747361,0
galEp3,25,2,1.5515971373875417,0.48813967081776766,6.159371116173449,7.1586597087133015,0
ftsKp2,24,1,1.5515689525990148,0.5332303048085613,6.2128151810525125,7.134330090800607,0
yqaEp,13,1,1.5514483746436658,0.663074390340301,6.192436565786487,7.0657264449343735,0
crpp1,35,2,1.5513975128553978,0.6732183214125813,6.094340989628423,7.016134709758546,0
ompRp1,39,1,1.5512869495377102,0.6575311983851511,6.183486509760207,7.047025409581293,0
ymfM_beeE_jayE_ymfL_ymfR_tfaP_ymfT_ymfN_ycfK_ymfQ_predicted,20,1,1.5511440125566125,0.7069463840434336,6.1751978284196944,7.014312192785644,0
yadE_predicted,19,3,1.551035201494715,0.9387403441371016,6.098797121256267,6.866607809255802,2
cusCp,3,1,1.5509440676663035,0.5402426495155536,6.177409672982845,7.120919268919102,0
ygiW_predicted,34,2,1.5509402455117276,0.5913883069095691,6.129746247493539,7.099965392610511,0
ygeY_predicted,8,1,1.5508046111458758,0.675039727672545,6.067639956694656,7.038816339133431,0
cusCp,14,2,1.5507467437308626,0.5519257445880185,6.281477109111311,7.148455593635955,0
xylFp,30,1,1.5506738409105818,0.5262539404339078,6.200899560048004,7.140665327618047,0
hyuA_predicted,29,1,1.5506545779142067,0.503927122575837,6.183247502591252,7.148172308108228,0
lacIp,34,1,1.5506208598038527,0.8316617418401054,6.136220598222983,6.94000719234903,2
dgoRp,33,1,1.550579865112993,0.6989113515673079,6.103147575825061,7.022973948341715,0
mcbAp5,7,1,1.5505661877860328,0.5658238027226767,6.223726409250711,7.116590277456607,0
ygeW_predicted,21,1,1.550338333033304,0.47401558295560436,6.157216418172656,7.160832998371952,0
lacIp,7,2,1.5501918123457816,0.8602732744895525,6.04847842240237,6.9199379594912145,2
yagB_insX_yagA_predicted,24,1,1.550028362192006,0.5436066951130043,6.169453615934852,7.121008399484875,0
mhpRp1,8,1,1.5499586891832808,0.8714320846078423,6.1017715624206215,6.8952256676711885,2
acrBp,40,2,1.549727316904755,0.6936354066015005,6.102739668738705,7.011707509124063,0
ssnAp,19,2,1.5496515530069674,0.5485684324909256,6.128205392460987,7.114501924392286,0
tabA_predicted,30,2,1.5493013824054993,0.660630788257502,6.150692850264184,7.031096953801036,0
dgoRp,32,1,1.5492459286759093,0.7678761205783954,6.160408005505652,7.000393615894826,2
ompRp1,20,2,1.5492419691867814,0.5913680137468861,6.151546473478427,7.074251748327368,0
ompRp1,35,2,1.5492257233699624,0.6233933977943675,6.108872549943133,7.056197600991579,0
ygiW_predicted,40,3,1.549073088093026,0.5002752089616042,6.170953224916529,7.144590998308886,0
yahL_predicted,19,3,1.5490566543700386,0.7252651197810187,6.205702261491033,6.992112472639082,0
xdhAp2,21,1,1.549001667724028,0.47698322237373064,6.151758692239297,7.157277048051751,0
ftsKp2,14,2,1.5489297904990127,0.8300962429871588,6.172081751264547,6.953459503459572,2
ompRp4,37,1,1.5488528693128927,0.8271258324214354,6.167288388520851,6.9260048258698195,2
ompRp2,31,3,1.5486575228531387,0.6837473516941244,6.1845817121808135,7.02238602063901,0
acrAp,28,1,1.5484336818078845,0.8002764607480671,6.182038726495678,6.979188612142428,2
sohAp,38,2,1.5483907726492185,0.5170749669456384,6.138724346113744,7.131327742120742,0
acrAp,19,2,1.548224845306185,0.8202323519304834,6.15393900736219,6.922562270938867,2
ompRp4,33,2,1.5482228738903043,0.7830413140452366,6.102952916574613,6.920933408063111,2
tabA_predicted,31,1,1.5481746973076735,0.5238761705085384,6.118546837835121,7.135661317086321,0
rdlDp,5,1,1.5481135695860624,0.6177187927766741,6.10597724896237,7.0711926481403395,0
ygiW_predicted,24,1,1.547645283943451,0.5500392456186245,6.152829918610589,7.105095906498695,0
gatZp,22,3,1.5475702224508858,0.5305947929827532,6.092777617622927,7.108662102110966,0
cusCp,2,1,1.5475278060246933,0.5472174080710828,6.1587052115191625,7.109595558842867,0
crpp3,35,1,1.5473494180328957,1.043864981452153,6.0629374737392965,6.761930559161565,2
mhpRp1,20,1,1.5469799305741239,0.6492648136164716,6.12594245218631,7.054942442466318,0
ybeDp,9,1,1.5469628612171678,0.8105569815086165,6.146145190646245,6.954238233560663,2
ygfS_ygfT_predicted,40,1,1.5469485911517724,0.5284470708897145,6.14562180705116,7.133187464657918,0
yqaEp,7,2,1.5469382859594378,0.8409725062391481,6.110504365304232,6.922525811167896,2
rcsBp1,31,1,1.5469335136415234,0.6748845257836453,6.151384420060241,7.05445830086429,0
ftsKp2,25,3,1.5469147441654842,0.6167252304710794,6.193636207883856,7.076058880658799,0
yadL_yadM_yadC_yadK_predicted,39,2,1.546597990474846,0.5548455019514956,6.250176962337156,7.127183135351549,0
ybiY_ybiW_predicted,13,1,1.5465291910848182,0.6978065842488527,6.174356439277109,6.9811738447725284,0
crpp1,30,1,1.5464805365541379,0.5594107361724778,6.092527643470383,7.095565989814028,0
galEp3,35,2,1.5464722066003898,0.5226585807786651,6.188597772419248,7.1493137882962134,0
galEp3,3,1,1.5464711695916782,0.5904837258269856,6.1076796752088995,7.093847657969155,0
crpp2,20,2,1.546308387791449,0.689849808037822,6.175393514265259,7.062380933770327,0
tfaE_stfE_predicted,23,2,1.5462734399115496,0.5611178430260196,6.1552111009466515,7.106398742920503,0
rspAp,21,2,1.5462116909847616,0.7318847438826807,6.1651281398217765,6.980821155668501,0
xdhAp2,36,2,1.5459334580287551,0.5501628189834299,6.118039690499389,7.104229961650615,0
mcbAp5,15,3,1.545738091521825,0.5943927189480256,6.07715164290993,7.06256889765552,0
tolCp2,20,2,1.5456097735328853,0.6751978285473169,6.0896216861756125,7.038640217384866,0
ecnBp,6,1,1.5455070379086882,0.5374039681151224,6.102912663569995,7.122757525965845,0
yacH_predicted,38,3,1.5453397086613399,0.6009003136974411,6.157603822346673,7.085891691588666,0
ygeY_predicted,4,2,1.5453046134691066,0.5960348573788056,6.244535890453893,7.085630609761331,0
TSS_18061_regulondb,32,1,1.5451485975836596,0.48274824455884086,6.137188999105975,7.166102265795506,0
rcsBp2,15,1,1.5450979223768162,0.606625663018053,6.213112465824969,7.080308300091608,0
tolCp2,38,2,1.5450811847470558,0.5695518008906458,6.2038297749657865,7.114977410906068,0
tabA_predicted,28,1,1.5449874470827392,0.6076044980065511,6.176036826749075,7.092973707608508,0
ymfM_beeE_jayE_ymfL_ymfR_tfaP_ymfT_ymfN_ycfK_ymfQ_predicted,12,1,1.5449770687591933,0.61791093029495,6.186689652677526,7.079919895760637,0
TSS_6311_regulondb,14,2,1.5447135505159901,0.5862465470423627,6.154650390071142,7.124825825421118,0
yadI_predicted,30,2,1.544674710729316,0.6440928211689024,6.236953279139566,7.054018568456415,0
dgoRp,25,3,1.5445323574378322,0.7119795745641986,6.194402878972349,7.031633327148391,0
gatYp,40,2,1.5444331681368366,0.9017543390539355,6.084278726773872,6.857100642342986,2
yjbJ_predicted,37,1,1.5443281884247102,0.8317237990372476,6.154646487569833,6.957404659935496,2
ygeY_predicted,21,2,1.5441941286179504,0.4940459465334836,6.151744326229539,7.150358915695087,0
yadN_predicted,5,1,1.5439811190470023,0.5110974943894934,6.208524347771877,7.147331646901543,0
crpp2,5,1,1.5439223968962412,0.9795540584776841,6.14153396194747,6.80550222159389,2
tolCp2,13,1,1.5437855641425422,0.9137219899050527,6.198469624580014,6.872334005459083,2
rcsBp2,25,2,1.5437279222126952,0.7331342088369531,6.176394230497424,6.992962788450845,0
araBp,15,3,1.5436791543426343,0.6745795924454706,6.1794542363952925,7.034580393427597,0
recNp,17,2,1.543629940428257,0.7552298708860912,6.145821061991716,6.987348627748734,2
ybiY_ybiW_predicted,31,3,1.5436172184879533,0.7308509712082022,6.152368701201446,6.999684547301813,0
acrAp,19,1,1.54354974805952,0.6460658977868181,6.1426279747173815,7.0535445741407825,0
crpp2,31,2,1.5434257509848206,0.7553720727463776,6.131576562114177,6.98677094886631,2
ykgRp,29,2,1.5434082206414232,0.6440329372198553,6.1124368017149635,7.017604680642746,0
blrp,15,1,1.5431990000682279,0.6140123001944139,6.144627822271439,7.060955402153243,0
rcsDp,10,1,1.5431806269549917,0.7123766214092292,6.207780818429647,7.021845756636632,0
crpp1,11,2,1.5431231784064292,0.7472769880138692,6.1415751435404236,6.988067138445052,0
mprAp,4,1,1.543116345463896,0.8120000217541384,6.173284159323677,6.933724580949594,2
yadE_predicted,17,2,1.5430594421190873,0.9648955477415773,6.113944589662582,6.874168955369886,2
rcsBp2,31,2,1.5430100705222909,0.6855569731776783,6.2049998411510385,7.042828552835715,0
yncEp,29,2,1.5429297296568796,0.8595575264424705,6.158371252733277,6.907719941594751,2
pheMp,22,2,1.5428833613818327,0.6589921868466823,6.189490318345756,7.064215631540984,0
yqaEp,5,1,1.5428248958799011,0.578068497560252,6.219930891968561,7.125082657291673,0
ygfKp,13,2,1.5427819075489324,0.6164497415457189,6.231025872604453,7.108486145100581,0
yadG_yadH_predicted,19,3,1.5424956298535721,0.5306871106352404,6.130954162802193,7.130146831722207,0
ygfKp,22,3,1.5424790847451986,0.5844185034659242,6.202528473817187,7.1068222744078176,0
ecnBp,1,1,1.542222925783489,0.7755714066340952,6.128366238719024,6.938771815259853,2
ygfKp,35,1,1.5420823920772024,0.7413336822994198,6.16219789890282,6.995374517563501,0
ftsKp2,29,1,1.5420088216871464,0.8911358504876813,6.251605854128697,6.893071935481019,2
lppp2,16,2,1.5418986635898733,0.5504177097065516,6.176925764678424,7.130095239743754,0
tfaE_stfE_predicted,1,2,1.541811227278575,0.6663734881620172,6.09764933585026,7.045207863357894,0
xdhAp2,23,2,1.5417806371259,0.5926720014415644,6.184183363795981,7.097378288059653,0
TSS_4654_wanner_regulondb,37,1,1.5417001508540382,0.5610312138890066,6.1916324088442884,7.110803874733142,0
rcsDp,2,2,1.5416002964719546,0.6315115948868161,6.121649807700949,7.06519434294099,0
ybaY_predicted,5,2,1.5415798208271185,0.611876134958678,6.137274224396759,7.076974672865299,0
ghoSp,25,1,1.5414020752583046,0.6188565017456883,6.125623854237634,7.071832822146398,0
galSp,17,2,1.5413911047245994,0.6151375553913021,6.115047271124565,7.072098303163198,0
TSS_18061_regulondb,18,1,1.541321324464301,0.5658959404214712,6.215874384391554,7.1237808883382625,0
hyuA_predicted,38,2,1.5411951112296103,0.56545845062708,6.131603636982266,7.102821382265739,0
yadI_predicted,40,1,1.5409877804789955,0.6461827238540572,6.240820727892266,7.061445401847324,0
tabA_predicted,6,1,1.540717909436313,0.6504454869790465,6.212683019353774,7.069687801517346,0
ygfKp,34,1,1.540687698241354,0.48467710826331983,6.184335485883249,7.164791375893797,0
ygeX_predicted,7,2,1.5406056697824497,0.5069454194345835,6.16172146762254,7.142421290837301,0
ymfM_beeE_jayE_ymfL_ymfR_tfaP_ymfT_ymfN_ycfK_ymfQ_predicted,29,1,1.540558151015086,0.694128493047514,6.1915364982153145,7.029149079578652,0
yadI_predicted,19,1,1.540255456809436,0.591967523825432,6.099160277331938,7.080584263593231,0
gatYp,9,2,1.5402196762284655,0.849099872858581,6.159967287710922,6.935141586181725,2
yacH_predicted,12,2,1.5402027730204388,0.5287790571874181,6.207389990982438,7.1413664214407575,0
yadE_predicted,5,2,1.5401604171746808,0.8662480720397749,6.111753921979229,6.934099867385218,2
acrBp,11,2,1.540085923186827,0.5166358352777187,6.252157927675666,7.163043955414559,0
mcbAp5,32,2,1.540019113647816,0.5168114353164244,6.132075477334501,7.137363385475401,0
xdhAp2,33,1,1.5399601164795507,0.5658883930311488,6.136464820355311,7.097487039237663,0
yadI_predicted,41,2,1.539603369255202,0.8171780190252539,6.106588826690585,6.90090707635086,2
yncEp,11,1,1.539436149838391,0.7059700953023671,6.180382223155286,7.02017204232404,0
lpp,14,1,1.539389587331063,0.8008512292453345,6.158776819372666,6.965350102478092,2
zapB_predicted,5,1,1.5393397833076476,0.8319265266431156,6.145296299818838,6.918810216860386,2
zapB_predicted,39,1,1.5392464480897858,0.7942458101957997,6.140156559581281,6.941713800400539,2
yacCp,20,1,1.5392451007892787,0.89545048786392,6.138358956053375,6.885383692835672,2
galSp,16,2,1.5391122332550997,0.46441739609772,6.221906796601402,7.19449254804783,0
yacH_predicted,32,1,1.5391068382470838,0.6810756485162089,6.0879837366471055,7.04368988072337,0
galSp,9,2,1.5388353771078296,0.5020689721650188,6.2501499589210825,7.158696609781389,0
TSS_6311_regulondb,41,2,1.538810730419244,0.6576008175924952,6.181904667563444,7.047293906289799,0
tfaE_stfE_predicted,32,2,1.538803186593886,0.6697619740702948,6.199648195914922,7.050785571198764,0
hyuA_predicted,5,2,1.538708223451519,0.6137853705785447,6.145806452191415,7.0638943256306606,0
icdC_predicted,19,3,1.5386832277038662,0.5588173217928387,6.202764608039239,7.124576233554977,0
intE_xisE_ymfH_predicted,6,1,1.538492359267145,0.5031545377322172,6.131339792108877,7.142886967341886,0
dicCp,22,1,1.538261509620449,0.7728436871553839,6.1462448718188085,6.984774239233157,2
mhpRp2,5,1,1.5381894465255883,0.6004494521618143,6.241122026292545,7.114031361701868,0
ygiW_predicted,29,1,1.538184550220593,0.6527543314579712,6.208377137706333,7.052209198095737,0
uacT_predicted,29,1,1.5381826867361523,0.7715379894259015,6.21281052858198,6.989448313325379,2
ftsKp2,1,2,1.5380937531972168,0.6743232645157737,6.20498026663053,7.062132429599321,0
blrp,24,2,1.5380911723088384,0.6025399988832718,6.184049289218726,7.079735477354168,0
znuCp,19,2,1.538074591696861,0.8230605637280044,6.227877954502821,6.947912897190823,2
tolCp3,30,2,1.5376104428104427,0.7081910645042637,6.143971386303344,6.985974119522259,0
tfaE_stfE_predicted,14,2,1.537601963850078,0.7107962397229318,6.194429695828597,7.034623158984312,0
gatZp,32,1,1.537332511774949,0.5104177054881823,6.147231258221502,7.133196819135959,0
TSS_4655_regulondb,37,1,1.5372899537330302,0.5466418876220934,6.194462431224118,7.115344260790682,0
TSS_1414_storz_regulondb,38,2,1.53725433868652,0.5169006578016331,6.136716043742138,7.130326990566358,0
tfaE_stfE_predicted,8,1,1.5369344185977172,0.5424946709533944,6.186003178083896,7.118294126454652,0
rcsDp,21,2,1.536771218590286,0.8175703344824057,6.1528375417171315,6.944883994747215,2
ghoSp,20,2,1.5367067830118077,0.5295133034250149,6.159874168754557,7.124044100345665,0
icdC_predicted,32,1,1.5366980080701818,0.5077655848085911,6.167502897787447,7.1420699001083765,0
yqaEp,16,2,1.536688828397175,0.5721119930944458,6.1331451064218,7.094251686608523,0
tnaCp,12,2,1.5366175405845688,0.6798798372446613,6.129970840139721,7.015736689056201,0
yqaEp,38,1,1.5365901370646762,0.7169920229793506,6.093014212920895,7.014506032391721,0
TSS_4654_wanner_regulondb,5,2,1.5365694485846968,0.4496973217171436,6.116588506348203,7.174529108874131,0
rspAp,41,2,1.5365241899801967,0.7180230079963815,6.199523924876735,7.017471190583085,0
rcsDp,16,1,1.5363723330648058,0.739780558555628,6.069877841972408,6.959200549424379,0
tolCp2,24,1,1.5363239471024446,0.8583597398091931,6.123772890320321,6.895786114809067,2
yacCp,30,1,1.5362924812620944,0.7856293432358195,6.236454513844175,7.011669463781966,2
pheMp,20,2,1.5362430866434742,0.8858524726344444,6.183443520472275,6.901035062815032,2
ompRp4,3,2,1.5362077558412397,0.7763306217470224,6.151862458541094,7.004975034013373,2
xdhAp2,40,2,1.5361233443706108,0.5721864161633831,6.190753814539072,7.08580341038053,0
ygiW_predicted,36,1,1.5360910585096326,0.7257950539655152,6.140121395393788,6.991581254703569,0
lppp2,14,1,1.536043680842557,0.6164104574966589,6.256827113329983,7.08568295955614,0
yadI_predicted,10,2,1.5359678206028093,0.6082119813328954,6.221881890533109,7.081920713067593,0
galSp,12,2,1.5357971796289773,0.5221525105390505,6.164646005001034,7.135678156216599,0
yadG_yadH_predicted,11,2,1.53575164597853,0.4781042652965361,6.086953675230045,7.164658196231381,0
rspAp,38,1,1.5357339912088905,0.8602161340683996,6.165880784590298,6.872435043235619,2
rcsBp1,15,3,1.5356923884867266,0.7299741887618099,6.185228942859029,7.018176167642576,0
TSS_4655_regulondb,3,2,1.535527223321889,0.46569413897677536,6.242932340485925,7.177921713049956,0
ftsKp1,25,2,1.5354683887659488,0.6641462430014781,6.194051010845214,7.062816077821831,0
znuCp,24,2,1.5353164622312843,0.6418302504278808,6.219376121533836,7.078339134418362,0
lpp,13,1,1.535127562756926,0.8852734125729935,6.162615538967458,6.8870223677430635,2
yagB_insX_yagA_predicted,40,2,1.5350446607984327,0.5702705412877315,6.183352557661004,7.119440587736456,0
dinQp,5,1,1.5349971667933642,0.7639181376967712,6.192920981326079,6.977243154922255,2
yacH_predicted,6,1,1.5348566774709123,0.5631828012701846,6.149680744930477,7.098935215554526,0
uofp,25,2,1.5347594465444652,0.49747121642199854,6.193400461544555,7.1483340767903085,0
yadE_predicted,28,2,1.5347535014422602,0.7682973852093432,6.1114003337337675,6.991355262196781,2
crpp1,18,2,1.5346671984311198,0.7783666968277821,6.152191652361177,6.949686222857816,2
yadG_yadH_predicted,16,1,1.534657328601141,0.5266620019511229,6.167766298018398,7.120318052529866,0
ftsKp2,12,2,1.5344756961298174,0.6597602981743744,6.218912746155979,7.072406398297719,0
ghoSp,3,2,1.5343949132132602,0.6001317803205394,6.260309136293932,7.0993506360979985,0
rcsDp,17,2,1.5342033488354945,0.7037084180525444,6.133331218476497,7.014285583584919,0
yadE_predicted,20,2,1.5341235588126745,0.673158874569446,6.221834463734513,7.029422820496767,0
ygeX_predicted,37,1,1.5340910230665978,0.6901730801215062,6.271753323480036,7.0440491875756175,0
araCp,13,3,1.534070783814817,0.8217966170502771,6.203223541630756,6.923894029490781,2
ompRp3,19,1,1.534036014526369,0.6526870734018537,6.2137256823919955,7.049714373100561,0
galSp,19,3,1.5337852897021294,0.5061469561705412,6.2174509780025895,7.151475639746182,0
lacIp,22,1,1.5337733388566286,0.6772905780625056,6.139172222020368,7.030036074872548,0
yadI_predicted,38,1,1.5336836656385826,0.6219141091951081,6.1428603784216484,7.056260254128028,0
yagB_insX_yagA_predicted,38,3,1.5336762731322608,0.72971670460704,6.132916887031103,7.000116948599288,0
ompRp1,30,2,1.5336036385094682,0.5789358148632558,6.226972659663643,7.114210935087584,0
TSS_4655_regulondb,22,3,1.5334606488247755,0.6189662863295821,6.100609637626604,7.057220184503077,0
ompRp2,14,1,1.5333210244925348,0.5732687820678689,6.241416258954841,7.118174642208899,0
ssnAp,5,2,1.5333060228482085,0.6940643596426673,6.157509289626814,7.029341049520662,0
aceBp,15,3,1.533208508668885,0.7201186697759225,6.144486351250462,6.9903685933363535,0
yahL_predicted,31,2,1.533121143942299,0.5068544683442282,6.177311240143853,7.141771306844101,0
xdhAp2,1,1,1.5329935123522223,0.629771131473614,6.122374051077825,7.085351245696465,0
yadN_predicted,13,1,1.5328260605822963,0.6080552866286028,6.133001896538573,7.075950233541265,0
mhpRp1,8,2,1.532824871768189,0.8799062835415974,6.079181233678446,6.885437090929937,2
tolCp3,16,1,1.5326797803376686,0.570691268191549,6.199932187794915,7.113074816116502,0
gatZp,14,3,1.5326618800409304,0.47741705491981623,6.1674318309881215,7.163115293269082,0
mcbAp5,14,1,1.532558343274229,0.4683194416382474,6.134630478568868,7.157308954098189,0
ompRp3,6,1,1.5324260419324762,0.6278861752836066,6.22661956098006,7.080572793273167,0
lacIp,38,2,1.5322830214520202,0.4986523096303984,6.14633997024086,7.147975909290713,0
ldrDp,5,1,1.532150119368556,0.5843126169257344,6.226265394429901,7.090979732010364,0
crpp1,39,2,1.5320698388975627,0.798697576054394,6.156128003320615,6.950795754662467,2
yahL_predicted,31,1,1.5320509263069706,0.47643667438641335,6.213667494295879,7.166693559247474,0
crpp1,7,1,1.5320229697308245,0.7920859043525851,6.147750994438006,6.950199637284966,2
gatZp,6,2,1.5319598978342879,0.5633813498389203,6.1804014620005585,7.105734659720402,0
xdhAp2,31,3,1.5319487236212062,0.5800907775915559,6.144674121633608,7.101006205335726,0
yadN_predicted,16,2,1.5319274790163337,0.6277617076254676,6.1996377562713345,7.0820940750268395,0
yadL_yadM_yadC_yadK_predicted,4,1,1.5318046687328044,0.6071613115777136,6.172787061183411,7.089005392979126,0
rspAp,33,2,1.5316480609689094,0.6119152411082809,6.186991600251249,7.075596052868875,0
tmaR_predicted,19,1,1.5315069163155435,0.7973031646014316,6.119371947124614,6.983910017430475,2
hyuA_predicted,3,1,1.531463999014165,0.5441412304878145,6.166806866895414,7.124108587746477,0
ompRp2,18,1,1.5314583066595149,0.7038733574788524,6.131492645746512,7.00373583637314,0
lpp,13,3,1.5313620754972728,0.8287106376263985,6.155001750609534,6.932293871719363,2
ybiY_ybiW_predicted,37,2,1.5311735358044711,0.5601320034200384,6.295563620519548,7.123447175755445,0
tnaCp,31,3,1.5308584891993158,0.7434009881014088,6.131144751467495,6.9770182842543065,0
yagB_insX_yagA_predicted,16,2,1.5306857104741463,0.7013779298505454,6.159954024333488,7.009243727111822,0
TSS_18061_regulondb,8,1,1.5306021061061754,0.655665385574871,6.090369209083201,7.028390892090528,0
acrBp,24,2,1.5305871309453516,0.44065961710510937,6.125862023166604,7.171730702041405,0
ratA_yfjF_predicted,18,2,1.530535622370424,0.5750466764753785,6.227297952043134,7.115435395267925,0
ygeW_predicted,29,1,1.5303800557531448,0.5349554872981024,6.1539533301102916,7.128808791094718,0
ybeDp,22,1,1.530311134013313,0.6729086852086563,6.1556197370084575,7.025786268730393,0
ratA_yfjF_predicted,22,2,1.530298904180862,0.5291993098318267,6.204071361344781,7.12952223566155,0
ftsKp2,17,2,1.530259640343352,0.6222726193546206,6.132723450016266,7.088277388690814,0
yacCp,31,2,1.5302579736167512,0.6712548190792029,6.214023198710761,7.028997764154157,0
ompRp2,10,1,1.5302222987268872,0.6040302895109945,6.126293388799241,7.079832346741284,0
cusCp,21,2,1.530171050034538,0.6067031171406556,6.223537639658659,7.080417613910221,0
mtnp,19,1,1.5301534222701567,0.5582049832744556,6.09090900423803,7.097936602925241,0
ybiY_ybiW_predicted,19,3,1.5301365086423913,0.6076090934567673,6.182633547764977,7.076535653932141,0
tolCp2,17,2,1.530100288138343,0.7532350440696675,6.224438479367575,6.979083221057226,2
mprAp,7,1,1.5297377500621943,0.6927392812720415,6.189422411982638,7.0216614384186675,0
yadI_predicted,24,2,1.5296862007102492,0.5944038699804945,6.219972085227906,7.08785785246558,0
lpp,2,2,1.5296457237491161,0.7981895338936804,6.0965069196995945,6.928840551893365,2
TSS_6311_regulondb,8,2,1.5293764072635847,0.48735384929992065,6.190798901976535,7.160544582700224,0
galEp3,22,2,1.5293692596668658,0.5284875652769153,6.130005866980679,7.132405169116884,0
ssnAp,31,1,1.5293675748795237,0.5744073837787371,6.21310045696057,7.086855074280784,0
ompRp2,41,1,1.529295170786573,0.8143127965006426,6.134536053057601,6.95656167891827,2
gatZp,40,1,1.529204416123878,0.5696028286350114,6.153604788088142,7.0949713041956715,0
ompRp3,37,1,1.5291253027028646,0.5892499006933113,6.155216415014156,7.087009567887945,0
rdlDp,7,2,1.5286280362979907,0.7769893813186912,6.228592233643391,6.969236176927171,2
ygeX_predicted,9,1,1.5286183601574623,0.5265062303560508,6.200506343260546,7.132210050442209,0
crpp2,17,1,1.5285205109878657,0.8479378245887045,6.146301729966463,6.900816684712723,2
galEp3,13,1,1.5284714750690274,0.6100541425661781,6.193006907747626,7.077610718691513,0
tabA_predicted,21,2,1.5283789937623635,0.6278047319145563,6.204960420760325,7.073380528610683,0
mglBp,20,1,1.5283653081130222,1.0308160899243852,6.092195917874396,6.7120529838863785,2
cusCp,23,2,1.528298412911987,0.5696433199595431,6.240966460809754,7.097400723100753,0
ymfM_beeE_jayE_ymfL_ymfR_tfaP_ymfT_ymfN_ycfK_ymfQ_predicted,22,2,1.528239514748224,0.5383814299461567,6.16258271728731,7.113687029913732,0
ymfM_beeE_jayE_ymfL_ymfR_tfaP_ymfT_ymfN_ycfK_ymfQ_predicted,3,2,1.528181011743717,0.4661456068000116,6.208427051576107,7.172469156207682,0
TSS_4655_regulondb,25,3,1.5281639298711704,0.5057497450818215,6.210340723335603,7.152477858651873,0
ybaY_predicted,35,1,1.5280701010212843,0.7148690959748439,6.148204832035978,7.016728193354211,0
mhpRp1,35,1,1.5280192087041025,0.5869826136723529,6.079915364403947,7.099146100553121,0
crpp2,15,2,1.5279987176729422,0.9246179815815686,6.189607144091143,6.892912540346375,2
ymfM_beeE_jayE_ymfL_ymfR_tfaP_ymfT_ymfN_ycfK_ymfQ_predicted,22,3,1.5278763153246762,0.4908328465793393,6.176341928763033,7.145120461717646,0
cusCp,8,1,1.5275477390318994,0.5344982444815733,6.2357552052033105,7.140221027018963,0
ykgRp,29,1,1.5275397072375565,0.5575168072015988,6.172820324116812,7.1080828758541,0
rcsDp,35,1,1.5275033760202874,0.7232312140504394,6.1599116745560325,6.992296691049036,0
mcbAp5,31,2,1.5274586653072628,0.5162306421823798,6.211904651788823,7.141433583298638,0
rspAp,8,2,1.5273608784976993,0.9393432675423671,6.182364229392184,6.808548412492353,2
yahL_predicted,16,1,1.5272969549851207,0.5325876143302585,6.2298182379961276,7.133499634361936,0
yncEp,33,1,1.5272906965757325,0.737468110502111,6.181642196102862,7.01215648734566,0
crpp1,6,2,1.5271213878976884,0.8687053776182082,6.149174078458339,6.904393213554629,2
yjbJ_predicted,14,2,1.5270754267049154,0.6722865186586885,6.0980631634441576,7.008220336992522,0
tabA_predicted,5,2,1.5268073910821236,0.5930674181229658,6.167017372748556,7.09191412205607,0
dgoRp,5,2,1.5268055207043654,0.7129731993285532,6.153324357322031,7.028680189678075,0
gatYp,22,1,1.5267744604365865,0.6141499520784726,6.14065390874598,7.073245662330794,0
intE_xisE_ymfH_predicted,5,2,1.526761826754119,0.5382769771601339,6.165623455844875,7.113325125159266,0
yadI_predicted,14,2,1.5266547824035874,0.5818933786545181,6.1959414841786655,7.089626300573764,0
TSS_1414_storz_regulondb,8,1,1.5264092023817104,0.5780562503212486,6.261601961248367,7.102055746519977,0
hyuA_predicted,2,1,1.5263764601854206,0.6190988188708326,6.101389566338528,7.066175208178849,0
mhpRp1,30,2,1.526210410855691,0.6176389047194862,6.258269994692181,7.075914047937601,0
gatYp,28,2,1.5259894972311365,0.8995888588269964,6.144459633320807,6.862150583093124,2
rcsDp,11,1,1.5257008343018812,0.7575883670691955,6.193082555909262,6.995917929481965,2
acrBp,23,2,1.5253345544214125,0.6106326981239865,6.180300158263762,7.090930555127025,0
ecnBp,5,1,1.525252285943134,0.6488987213991939,6.230931535658778,7.092432222719275,0
yadI_predicted,15,3,1.5252151703627939,0.9166909924768986,6.140738326335811,6.843840541181741,2
yqjE_yqjK_yqjD_yqjC_predicted,9,1,1.5250680615783914,0.8464676340231321,6.230748363325069,6.948434801245693,2
ldrDp,24,1,1.5249679663352183,0.6309943386805552,6.141495895716281,7.066652145217606,0
rspAp,35,1,1.5249648725183993,0.7668567668504898,6.1620315870747575,6.971098351688681,2
blrp,22,2,1.524964199277549,0.7408204076598344,6.223711236935767,6.979447333915502,0
tfaE_stfE_predicted,37,2,1.5248487604397645,0.5683938622426473,6.1493607978425375,7.102906350226986,0
ompRp3,41,2,1.5246632710617838,0.6662846609114647,6.106560135075266,7.068073369414677,0
zapB_predicted,14,1,1.5246329541153503,0.9103024298459039,6.163590444398812,6.844498431200806,2
ygeX_predicted,31,2,1.5245103879595465,0.5158660285734423,6.154553250506158,7.133607805473773,0
rcsDp,3,1,1.52438686066063,0.8302599769731017,6.187575739247153,6.935928003376259,2
ygiW_predicted,32,2,1.524286760676934,0.6159152187227523,6.184828087425453,7.069550706904379,0
yahC_predicted,4,1,1.5242747009161453,0.48720549148799336,6.159313272051435,7.157373505199373,0
rdlDp,8,1,1.5242310254613576,0.826083679846944,6.1719150325353525,6.955206407286104,2
mhpRp2,21,1,1.5241682614973586,0.6333669023572986,6.19403033156326,7.059804682386931,0
mcbAp5,13,3,1.5240014468836531,0.5719438073211834,6.269568649475758,7.1252834259321585,0
cusCp,4,3,1.5239210073138354,0.5770271724369569,6.166764246097166,7.124373656681148,0
ftsKp2,39,2,1.5236823626494498,0.5753039421540762,6.221489650793792,7.106803728336262,0
ygeY_predicted,39,1,1.5236609130365941,0.7196918791323058,6.2062960532788125,7.0014634046480415,0
ygfM_xdhD_predicted,35,1,1.523623310226274,0.5360115120075896,6.193340576977967,7.131770434103486,0
uacT_predicted,9,1,1.5236206203890985,0.5770621074810325,6.166811769133579,7.081530485235142,0
tnaCp,5,1,1.5233317951157448,0.5682398530113119,6.181877263072265,7.096854744912651,0
TSS_4655_regulondb,3,1,1.5232540499212766,0.5682194154481963,6.169275458850475,7.102983763196665,0
TSS_18061_regulondb,5,1,1.523246691030298,0.6005495606167915,6.177371958040737,7.079416858889301,0
cusCp,41,1,1.5231564605441028,0.6046128837919352,6.285404819832072,7.09303360107824,0
lacIp,2,1,1.5228078829643539,0.6200899977733871,6.21141627802489,7.082923577771626,0
yjbJ_predicted,4,2,1.5225193347802006,0.6090450426396717,6.120161181129642,7.082610015059729,0
ygiW_predicted,15,2,1.5224834091849697,0.5647016784641187,6.216800383047701,7.099380300691662,0
intE_xisE_ymfH_predicted,7,2,1.522326381360682,0.6024456494009472,6.197138647618124,7.083011646928225,0
yacH_predicted,2,1,1.5222595900564055,0.5108848434033005,6.240083792265929,7.14371754138621,0
hyuA_predicted,32,2,1.5221846304057571,0.5839488999188711,6.203527953026517,7.12109899204118,0
mtnp,24,1,1.5219970323977345,0.6684546377349903,6.166262958266737,7.052784585906601,0
ygeX_predicted,14,2,1.5219495667142806,0.5276196092008986,6.314098373252485,7.1527132609282145,0
icdC_predicted,1,2,1.5219051018047123,0.5143316030512197,6.13660911557789,7.142098302434405,0
ygeX_predicted,5,2,1.5218186553471553,0.5078172459558246,6.260845588935661,7.138713688741057,0
yahC_predicted,16,1,1.5216359439333182,0.571473711961235,6.247770211143885,7.132086422738407,0
ompRp4,4,3,1.5216253356175082,0.8129113576139698,6.200829895799258,6.9276816763895885,2
acrBp,21,1,1.521514410218325,0.7126597349996642,6.126011026203422,6.998946888070567,0
yadE_predicted,30,2,1.5214227712013342,0.8779844457076569,6.08995504139347,6.901417820941598,2
TSS_18061_regulondb,29,2,1.5212060001523051,0.6672378899200363,6.208179813328747,7.024270907925608,0
tnaCp,23,2,1.521001565925836,0.6993736202518914,6.375654341323845,7.034197209038606,0
ygiW_predicted,31,3,1.5206233577512611,0.5844416548644297,6.1705388209504,7.0878932755645305,0
yahC_predicted,19,2,1.5206154314754858,0.4886592689990832,6.140897408452414,7.1439781987816975,0
yncEp,1,1,1.5204184637073435,0.6790584543380538,6.2145874198794,7.06633571762855,0
tisBp,19,1,1.5203895148972648,0.6913570641772346,6.249145126931637,7.057021068148123,0
yadE_predicted,31,1,1.5203761263238709,0.7786261809107823,6.1088587841991515,6.957554926612448,2
araBp,13,3,1.5203753971070229,0.5259961791311211,6.186519142148731,7.121142026159917,0
uacT_predicted,18,2,1.5203585268818522,0.5893959118973237,6.181796179828083,7.101474731775183,0
ompRp3,40,2,1.520266290851638,0.5365452321177075,6.285891221216991,7.12627578052721,0
xylAp,2,1,1.520245747681703,0.6183497685521017,6.298855131923232,7.058199902184514,0
uofp,19,1,1.5202021221070956,0.6947565609430503,6.178636041553688,7.00912606686578,0
rcsBp2,39,1,1.520197718987696,0.7080038252637172,6.17058404256926,6.989484815702438,0
yjbJ_predicted,16,1,1.5201624594719858,0.6819641722608404,6.1755587252644535,7.062581016807791,0
gatYp,6,2,1.5201545778709689,1.0073648746513195,6.147614581655029,6.793557737223546,2
mglBp,30,2,1.5200623792562784,1.004208143451297,6.090607891022515,6.734454628219426,2
TSS_6311_regulondb,18,1,1.5200022722426452,0.564450181904502,6.230057178068858,7.131447247326614,0
ghoSp,38,2,1.5198411450373728,0.5462109733246413,6.150838689381681,7.109100735950708,0
crpp1,5,1,1.5198299992988233,0.6998216956355293,6.2350769247339315,7.042634111143373,0
ompRp3,30,1,1.5196855097619395,0.5643213451562643,6.126841319418056,7.083183764313148,0
crpp1,14,2,1.5194708528712926,0.7506652229861273,6.110686482973188,6.9647327055948836,2
xylFp,25,1,1.5194215028464308,0.6185859430355266,6.182503621364028,7.076924871327403,0
ecnBp,28,2,1.519301811825349,0.6045741186107589,6.207520886431427,7.063033699296448,0
TSS_6311_regulondb,20,2,1.5192897067559772,0.5895125179186562,6.207015389662323,7.0943875612319705,0
ygeX_predicted,34,2,1.5192767967319407,0.5543814525821086,6.225057086874584,7.119599510996327,0
TSS_6311_regulondb,13,1,1.5192286010265976,0.5585907786319837,6.143420476916829,7.113956235038855,0
hyuA_predicted,28,2,1.5190845699347149,0.547697885373533,6.140224428717745,7.10620124124578,0
ssnAp,24,1,1.5190457725416255,0.5434811284360334,6.159089299987986,7.113960517624372,0
galSp,33,1,1.5188983732687966,0.6624218772990103,6.122340458692279,7.034327230623564,0
uacT_predicted,1,1,1.5187974394920707,0.5807075154831366,6.165168616863603,7.085605661684022,0
araBp,38,1,1.518769092553104,0.5304762219467659,6.291634656913843,7.134496625943461,0
hyuA_predicted,38,3,1.5185409669430863,0.5408689256441546,6.173445851613392,7.121266937843254,0
galSp,28,2,1.5184800502963598,0.5710290907889355,6.2116518361494855,7.1051885667373424,0
ygfM_xdhD_predicted,29,2,1.5184470735525386,0.5365923560990568,6.276527411488748,7.129965398746204,0
znuCp,20,2,1.5183710272882156,0.5687567166177646,6.185696015172789,7.1076046638618235,0
xdhAp1,24,1,1.518354368001474,0.502625535850163,6.130879881236308,7.1307408386661955,0
uacT_predicted,10,1,1.5181645853174586,0.5979092705893084,6.188229120799735,7.097627407423092,0
icdC_predicted,22,1,1.5181044185816466,0.5477586834743758,6.214464900512975,7.1319686910384945,0
yacCp,7,2,1.5180020613487488,0.5907075906209135,6.255007345040182,7.102487565639731,0
acrZp,22,1,1.517917571850518,0.6101451140097012,6.176959802209211,7.074935810471008,0
ykgRp,22,3,1.517892323422121,0.8587989901067261,6.112458660864167,6.874563489601447,2
icdC_predicted,10,1,1.5178769512588424,0.6016661293985424,6.236687615394914,7.086880280170802,0
ybaY_predicted,33,1,1.5178177967715072,0.6722715085379071,6.135998501693439,7.000796026518909,0
yqjE_yqjK_yqjD_yqjC_predicted,20,2,1.5175022849438333,0.6227627502988535,6.174776171108417,7.080174282904457,0
acrAp,35,1,1.5170996414669815,0.8051498401369696,6.23981954707831,6.943298562881159,2
TSS_6311_regulondb,22,3,1.5168845368294985,0.572550400623397,6.168441743729257,7.11514631693648,0
mhpRp1,38,2,1.516881134361672,0.5354881564167523,6.226513075437815,7.138263632696342,0
fldAp,15,1,1.5166908435657855,0.5140301197488983,6.106611291515179,7.138183268909362,0
gyrAp,8,2,1.5165737167990743,0.6946298793689746,6.160769003311146,7.0223455822683984,0
yncEp,14,2,1.5165265318656844,0.6394191331866261,6.242778051763451,7.062096573448517,0
gatZp,21,1,1.5164159526664818,0.48110438598293853,6.206641244959553,7.1541507160433495,0
mglBp,22,2,1.5163698399306837,0.6384429334411804,6.167467252184736,7.02153203849753,0
yadN_predicted,33,2,1.5162799231363113,0.574077110542171,6.195037697144406,7.098580639807087,0
TSS_4655_regulondb,41,1,1.5162750517876828,0.5314069392800758,6.184796568895436,7.1335567149588925,0
ompRp4,13,1,1.5162347999443686,0.7269581205647485,6.14873390969277,6.964237190657144,0
acrAp,9,1,1.5162210251065997,0.6899512824152088,6.261011091494639,7.040422218765434,0
mhpRp2,32,1,1.5161795560655504,0.58629450031743,6.145929024807504,7.084248150385175,0
rcsDp,34,1,1.5161521220218854,0.8597200045124528,6.17574786738109,6.951488988099563,2
lpp,25,2,1.5160673594439829,0.6551030927583549,6.117997619921306,7.040860730288276,0
yadI_predicted,38,2,1.5160301722733354,0.602278756450509,6.178211904116491,7.078847460706205,0
ftsKp2,6,1,1.5159947540340881,0.646496225579469,6.162888097550088,7.084374281175231,0
yacH_predicted,39,1,1.5157993765393456,0.6140213107268641,6.139923164579625,7.04785174998038,0
cusCp,39,1,1.515764129453733,0.6337402150174877,6.176620784039712,7.050612419916325,0
tfaE_stfE_predicted,13,1,1.515733165238614,0.5687677181365092,6.154896034332523,7.097102754562691,0
ghoSp,30,2,1.5157306957096932,0.5864161645059958,6.216199203392973,7.09033845310142,0
TSS_1414_storz_regulondb,16,2,1.5157097481033746,0.6356993709242615,6.130008075006898,7.062156907428811,0
cpxRp2,19,2,1.515631267163454,0.5167310637468662,6.281433187953985,7.148624489630478,0
yadI_predicted,31,1,1.5156240126565845,0.583543978552057,6.165653960239819,7.084657260711902,0
hyuA_predicted,22,2,1.515582773020471,0.5707230486367155,6.185036551038591,7.108643258173979,0
araBp,25,3,1.5154897769456266,0.5607729967870517,6.243028225219055,7.103308907115641,0
yadI_predicted,40,2,1.5152671271602975,0.6335231078384239,6.1537716304804375,7.072817366088132,0
ygfS_ygfT_predicted,38,2,1.5151531530935594,0.523758785100441,6.229877744201275,7.133992673306645,0
uacT_predicted,23,2,1.5150699074554288,0.6898268079981105,6.225571127174461,7.0712181184497105,0
ygiW_predicted,28,2,1.5150167203925402,0.49416219051600846,6.197713336905283,7.147754510939507,0
ykgRp,3,1,1.515010748534316,0.8052155397536179,6.128795548260269,6.926478724108993,2
yadL_yadM_yadC_yadK_predicted,38,1,1.5147058102026196,0.5956621031248354,6.158097621709617,7.077008005520156,0
crpp1,12,1,1.5146255318182342,0.7352874170756611,6.106840457865568,6.987142972825506,0
ompRp1,33,2,1.5145501894257096,0.5741675180950535,6.22002752039666,7.091306073574108,0
ghoSp,41,2,1.5145276158139933,0.6306650388460425,6.18933609640465,7.065875744862438,0
yadE_predicted,32,1,1.514422491599162,0.6636342345553871,6.203589480926573,7.049115341789558,0
mhpRp1,4,1,1.51427070905454,0.5475483371403248,6.11390472655736,7.130114591444416,0
ompRp1,21,1,1.5141741032074472,0.6650233207105106,6.219758953655848,7.062860621114599,0
ygfM_xdhD_predicted,22,3,1.5141258492724852,0.5533063205286581,6.168416872108171,7.116029175140477,0
elaBp,22,2,1.5139151622747309,0.5633927934866543,6.177081437006533,7.11954900881582,0
tabA_predicted,3,1,1.5138788643351755,0.6394074204556608,6.190791769728504,7.069583516557817,0
yadG_yadH_predicted,25,3,1.513877859415112,0.750886256938011,6.214747064830398,7.006847168768284,2
uacT_predicted,11,2,1.5137333833527964,0.6275648844214036,6.168202438039139,7.087261409923986,0
cusCp,21,1,1.5137315081915668,0.5486995736459205,6.231484477302828,7.133166427311958,0
elaBp,19,1,1.5136101482094537,0.5766024112436522,6.182277891925697,7.100093233559362,0
znuCp,24,1,1.5134706063634318,0.7442270373424514,6.182349265560631,6.999433343895847,0
yagB_insX_yagA_predicted,20,1,1.5133813269973082,0.5577860475571417,6.20543504389295,7.110342320247019,0
ygeW_predicted,37,1,1.5133526380653712,0.49393637716286615,6.209546713709081,7.147262579297187,0
gyrAp,22,2,1.513343729425237,0.5843959295713634,6.152411112634358,7.110640199884908,0
lacIp,15,2,1.5132337135936709,0.5914271913934115,6.18060695936609,7.097158284199704,0
TSS_1414_storz_regulondb,19,2,1.5132320864780187,0.6201212690232872,6.187250640430669,7.073366438748751,0
acrAp,38,1,1.5131753705181252,0.7936843214555526,6.182050020177597,6.968671470546102,2
tnaCp,32,2,1.5130908625745925,0.7672323862992471,6.115216650443886,6.952478395200042,2
tabA_predicted,39,2,1.5129338106814898,0.49138305590176184,6.214277847440435,7.152320606570246,0
cusCp,29,2,1.512919063115806,0.6614144030109417,6.220464112474846,7.072515440014521,0
lppp2,20,2,1.5128574573612033,0.6396049133351928,6.122596525150902,7.030031561715754,0
ompRp4,20,1,1.5128425409630881,0.6460731805364384,6.1726136605288575,7.048098200057923,0
TSS_18061_regulondb,12,1,1.512840680074201,0.5593306218522767,6.190722922603095,7.127677302754216,0
yadI_predicted,37,1,1.5126860670570128,0.8140949126648156,6.1396763904866845,6.910291964507757,2
tfaE_stfE_predicted,6,2,1.512404927713626,0.6466095765182739,6.13765943518319,7.040488309484721,0
TSS_1414_storz_regulondb,22,2,1.5120724617075723,0.5711199643567445,6.224302047249001,7.120117870046535,0
TSS_6311_regulondb,19,1,1.511802342137807,0.5244927254152217,6.175521012002438,7.138696329208534,0
galSp,21,1,1.5117981375008014,0.54723612860625,6.16948687239231,7.123380215182735,0
yadL_yadM_yadC_yadK_predicted,5,2,1.5117782230283339,0.66067602944921,6.133452650013478,7.0427537854681646,0
ompRp2,3,2,1.5117597650039205,0.758330400902212,6.1855227026722295,6.977989772859267,2
hyuA_predicted,36,2,1.5117221003389782,0.5235984175331623,6.156511594949405,7.124165938866377,0
xylFp,38,1,1.511602800071971,0.5869827267699808,6.185358497148834,7.093721494745429,0
ymfM_beeE_jayE_ymfL_ymfR_tfaP_ymfT_ymfN_ycfK_ymfQ_predicted,31,1,1.5115170512060239,0.6030481111126723,6.20946151941883,7.101342219391037,0
TSS_18061_regulondb,9,2,1.511487709876142,0.5307383976868711,6.139578764958293,7.121047755154221,0
TSS_1414_storz_regulondb,5,1,1.5113859943726098,0.6184460674363474,6.239236429007401,7.091709735785436,0
ybaY_predicted,4,2,1.5113182786514967,0.6518321672438071,6.170740095360301,7.051854078515088,0
ompRp1,41,2,1.511232806588689,0.59230037135805,6.156113955498961,7.084341422307253,0
TSS_6311_regulondb,12,1,1.5111228793885567,0.5578237264633781,6.174290495938861,7.110695841610796,0
yqaEp,40,2,1.5111109494374375,0.6077209047737234,6.117090898011009,7.0763150271310735,0
ompRp3,16,2,1.5110431979108183,0.8176655225730206,6.196484641734769,6.966550014830629,2
ymfM_beeE_jayE_ymfL_ymfR_tfaP_ymfT_ymfN_ycfK_ymfQ_predicted,4,3,1.5110310240029794,0.5249384978431028,6.309769980653751,7.145602122914065,0
xdhAp2,11,2,1.511023302761891,0.5824907434387168,6.2030471949801385,7.101498820493738,0
TSS_18061_regulondb,31,3,1.5109084990951638,0.5633510649588427,6.2173522280707125,7.120961883729651,0
ompRp4,40,2,1.510902550103274,0.786916542052744,6.142502611293794,6.925992056523767,2
gatYp,23,1,1.5108912469382552,0.7172128051606241,6.218517789048887,7.028540089326718,0
ftsKp2,12,1,1.5108377818631105,0.7990790187198923,6.262619137927002,6.96618303590819,2
tolCp3,19,3,1.510781293513514,0.7359444757214685,6.190252921149918,6.97855069582692,0
ghoSp,14,1,1.5107602964295717,0.6791720335828699,6.210489532769025,7.04738719170729,0
tnaCp,32,1,1.5106501351426707,0.713800910766172,6.185924149605618,7.010066882629193,0
lacIp,4,2,1.5104560287769933,0.6563008247777348,6.229263371648106,7.0926023911309075,0
yagB_insX_yagA_predicted,16,1,1.5103894864697247,0.7039289800683856,6.2372116591534805,7.028592178977302,0
xdhAp1,2,2,1.51037683242687,0.5465486807136057,6.181038756282069,7.121583961669048,0
galEp3,20,1,1.5102853885762746,0.4952020445396146,6.133284590207377,7.139600264715965,0
ratA_yfjF_predicted,1,1,1.5102649677782944,0.5469774776180862,6.156868420435632,7.120895979461326,0
ybaY_predicted,22,2,1.510237730609058,0.5854095266380959,6.181364833977968,7.078446249323271,0
ratA_yfjF_predicted,40,2,1.5101717117626077,0.6036676123912357,6.17889954836045,7.080304429583068,0
ompRp1,2,2,1.510086335209626,0.5484535670807453,6.248423828365955,7.132720835187827,0
yncEp,1,2,1.5100404680407242,0.6649658125872833,6.196852091462837,7.060712784947486,0
ybaY_predicted,22,3,1.5099946738435213,0.6138926450228597,6.193244724380015,7.076432309620969,0
xdhAp2,19,2,1.509887146486202,0.4977286380522703,6.178578803405671,7.1604240541620365,0
gatYp,3,1,1.509782300361311,1.0051231503287479,6.114902242511166,6.76274963596048,2
ybiY_ybiW_predicted,30,1,1.509769948983261,0.6059650015772056,6.2207538541086915,7.079213907608185,0
yahL_predicted,21,2,1.5097299593933688,0.6593262948269998,6.165526197633662,7.046247502670002,0
araBp,22,2,1.5096529195186525,0.5108802789039079,6.139679537181438,7.1402871566292845,0
ygfS_ygfT_predicted,38,3,1.509626697829108,0.5979860861855614,6.246096724432952,7.083788697367933,0
ldrDp,9,1,1.5095501203730943,0.570799544980617,6.215549817710297,7.090785497318343,0
ftsKp1,15,1,1.5095357960081455,0.5560910514342842,6.31430920411194,7.1165107709344415,0
yagB_insX_yagA_predicted,22,3,1.5095354620249464,0.6004654847429954,6.200690554704083,7.093479887814818,0
yqaEp,3,1,1.5094602617130373,0.5529945517688155,6.233248555137316,7.1245448718333595,0
tmaR_predicted,16,1,1.509425285313058,0.6130868564446249,6.2549915465847175,7.068151058694465,0
araCp,38,1,1.5091525786562203,0.7421537593103134,6.2297736815208085,7.005796679793088,0
relBp,31,2,1.509030936698971,0.795877835431273,6.165547479246271,6.92936233992441,2
yncEp,10,2,1.508982487604673,0.7416593143996814,6.22436171797462,7.014745587190744,0
tolCp2,4,1,1.5088858191881445,0.6473387180889755,6.172369279375845,7.059112033873683,0
rcsDp,19,1,1.5088494566529955,0.5943656296694794,6.245080399556723,7.102644321044294,0
ratA_yfjF_predicted,14,3,1.508815632097439,0.4920977487988807,6.2295107512117855,7.154832951936858,0
kbpp4,39,1,1.5088117863913206,0.9702695844149603,6.2167607501262525,6.8792545513882315,2
ldrDp,19,2,1.5087593594936386,0.6148249835317089,6.215595263662893,7.097414991366746,0
gatZp,29,1,1.5087424611840121,0.5530398227706971,6.158160369113787,7.112259142039623,0
yagB_insX_yagA_predicted,40,1,1.5087331170603553,0.7912130191618036,6.167770744499349,6.981683607297997,2
xylFp,4,3,1.5087196723920187,0.5614373804729493,6.276204508290343,7.108436718137276,0
gatYp,19,1,1.5086472696881759,0.9070585705775766,6.184955028426497,6.848220081724923,2
uacT_predicted,5,1,1.5085186504161627,0.5891889641925396,6.167509781743166,7.0815320229205945,0
galEp3,40,3,1.5084498009218392,0.5909820232378191,6.13668290867429,7.076525511689759,0
ompRp2,16,2,1.508153614110665,0.6960527452584949,6.197576280623316,7.057985931265732,0
ygfM_xdhD_predicted,13,3,1.5081434456267313,0.5191821279018582,6.151348716845715,7.138658856548121,0
uacT_predicted,39,2,1.508098465940297,0.5930314742082976,6.238600235411621,7.0993884682482475,0
rcsDp,5,1,1.5080788538096397,0.6389414434495579,6.194750201472428,7.082212137867464,0
cusCp,34,2,1.5080444402462354,0.5631647984255518,6.189498916822991,7.105893073487302,0
ymfM_beeE_jayE_ymfL_ymfR_tfaP_ymfT_ymfN_ycfK_ymfQ_predicted,6,2,1.5078566535039368,0.48626138836057553,6.228397756116382,7.162920666094811,0
galSp,6,2,1.5077210484204693,0.5558540580438673,6.203563028968546,7.0984703929230655,0
acrBp,21,2,1.5077137627071224,0.5583763312476027,6.149317349288824,7.09259263034104,0
ygeW_predicted,14,3,1.5076480381715678,0.6875925564906094,6.124552729135971,7.000064892355216,0
icdC_predicted,14,2,1.5074036150202499,0.6016699850459585,6.214377605751608,7.0936479338241,0
crpp1,33,2,1.5073288192547007,0.7043804355568883,6.194129197063626,7.022735583060785,0
ybiY_ybiW_predicted,29,1,1.5073161331889604,0.5749163341325895,6.246033877488162,7.116125785377351,0
galSp,6,1,1.5071057052901928,0.5396533568197202,6.272757623311358,7.130928342234037,0
crpp1,33,1,1.5070762325396332,0.7469424926223865,6.1406314412536425,6.979832978501214,0
tolCp1,38,2,1.5070538214738658,0.8106416687322667,6.230719231555583,7.013488052461023,2
tabA_predicted,40,2,1.5069449616922035,0.6197229296829849,6.179050949248227,7.066471307664444,0
yahC_predicted,25,3,1.5069161222513647,0.4256138169914509,6.181887657635757,7.193473143199528,0
acrAp,22,3,1.506910136497042,0.5645370961142383,6.19940978765933,7.108169550077205,0
lppp2,24,1,1.5067791181911523,0.6530702471370857,6.223078864775757,7.0793288085954424,0
intE_xisE_ymfH_predicted,21,1,1.5067654667254637,0.7095270520213129,6.2134888090154785,6.985152438433838,0
yncEp,31,2,1.5066777253823822,0.5437488494426508,6.160348140413264,7.117170520342633,0
ygiW_predicted,31,1,1.5066320007369283,0.6376777774383618,6.2598913982731865,7.094686272214981,0
crpp1,13,2,1.5066142179995392,0.7192327727282514,6.19402855845864,7.019031564800034,0
lppp2,39,2,1.5065144601825868,0.549913002664353,6.183295178893746,7.124846747520745,0
mprAp,22,1,1.5064812183041776,0.48637584581203497,6.1683661340313005,7.142822955901751,0
TSS_4655_regulondb,11,1,1.506450745597487,0.6032148969912812,6.182894385616571,7.090448213741041,0
mglBp,6,1,1.5064418349221422,0.8780518873104856,6.192302420524774,6.836722902345277,2
TSS_18061_regulondb,39,2,1.5064351317271532,0.5302431929330629,6.1743303429843746,7.119644181292189,0
yjbJ_predicted,34,1,1.5063586894063292,0.8163074202032218,6.1608396347826115,6.954137480278813,2
ompRp4,6,1,1.506330955771081,0.8712515718212875,6.183935685866373,6.91386232671841,2
ompRp3,39,2,1.5062886092591679,0.6005535772514076,6.248678548275642,7.086313523476594,0
mhpRp2,33,1,1.5062248514212517,0.5419254869724541,6.153933808258286,7.10642742037658,0
ssnAp,30,2,1.5062212693062693,0.5727698938515091,6.191528707345931,7.092090571633178,0
ompRp2,19,2,1.5061821620684892,0.663880613989351,6.228317680992113,7.04839956698509,0
xylFp,40,2,1.5061748077746706,0.5556661871228216,6.2919201617378775,7.124067688890135,0
ratA_yfjF_predicted,32,2,1.506158128850474,0.575837341892457,6.1822296667510255,7.104031331800405,0
ygiW_predicted,10,2,1.5061078284993015,0.6479242910868347,6.189356262519273,7.048118973444759,0
ygfS_ygfT_predicted,33,1,1.5060900272019766,0.6077855242611816,6.176320677504504,7.0817874283136515,0
ratA_yfjF_predicted,12,2,1.5059886246231156,0.6802521407813129,6.264221221284136,7.05288675865385,0
gatYp,25,2,1.5058965504545987,0.6005378257832694,6.30853981740506,7.112998801366135,0
ygfM_xdhD_predicted,19,2,1.5057148834945575,0.509002273179106,6.215209513904769,7.141106374897156,0
zapB_predicted,19,1,1.5055456726801382,0.7400775558646498,6.221951943380627,7.000764638391301,0
yncEp,37,2,1.505487427722096,0.7026295519877434,6.245700431330988,7.045089705421452,0
dgoRp,2,2,1.5053035666477503,0.5545174962484073,6.233709589408043,7.119720594833197,0
rspAp,31,1,1.5052902326543918,0.4902850606813044,6.130586694610441,7.154204940191923,0
crpp1,41,1,1.5049675327967513,0.8804150249184883,6.217111757184518,6.922739866669925,2
TSS_6311_regulondb,41,1,1.5048908241713783,0.6301965356572109,6.18709298270303,7.078206849422326,0
ykgRp,12,1,1.504862647673538,0.7104229876704254,6.143962374415786,6.977380744299873,0
yahC_predicted,16,2,1.5048544898255327,0.6591596895082323,6.156163142458758,7.065859110465952,0
ybiY_ybiW_predicted,22,3,1.504780220795174,0.7945341705665276,6.115489671851099,6.877389747219009,2
ftsKp2,2,2,1.5047734154448091,0.6862284389795845,6.22119839381711,7.043804189313998,0
yadI_predicted,8,1,1.5047251783097182,0.894783189688163,6.083729658033327,6.851598489703633,2
ygeX_predicted,35,1,1.5047213260659142,0.5247775031779598,6.214982428413229,7.139420786923997,0
mcbAp5,22,1,1.5046083859266512,0.5928925448633143,6.221328168283826,7.075293384969596,0
TSS_1414_storz_regulondb,13,2,1.5044244543470238,0.7013418764142461,6.16139561631979,7.003345176912473,0
yahL_predicted,28,2,1.5044187396624098,0.6160314892590583,6.233520580201775,7.079544410262882,0
yadL_yadM_yadC_yadK_predicted,28,1,1.504288436536166,0.7379011998855339,6.225396653545827,7.03940214201506,0
araBp,24,2,1.5042587253131288,0.5775328394161864,6.222395405384345,7.103564706740808,0
yadI_predicted,41,1,1.503944157368567,0.6794113351941877,6.1826945221345335,7.033284282737397,0
rspAp,22,3,1.503853452672476,0.7296431909232368,6.262477714142628,7.0082027567978304,0
yqaEp,40,1,1.5038323723218332,0.5135625018182353,6.25594547519868,7.136678111374284,0
acrZp,16,1,1.5037700853104377,0.8002554741603589,6.219142417190575,6.938374927505538,2
ygeX_predicted,12,1,1.503732766585427,0.42970581165386396,6.255256495135947,7.194898676762808,0
ygiW_predicted,39,2,1.503701797354739,0.5885033879301754,6.195208466128997,7.1004942594801514,0
ymfM_beeE_jayE_ymfL_ymfR_tfaP_ymfT_ymfN_ycfK_ymfQ_predicted,32,2,1.5036461062290543,0.6206307109393724,6.272877785513394,7.082630566199198,0
intE_xisE_ymfH_predicted,9,1,1.5035282080951413,0.49833961028528956,6.178771915773764,7.156844488738772,0
ftsKp2,22,3,1.5034016391639904,0.6010281832910037,6.154267756402108,7.061602609492965,0
ecnBp,24,1,1.5033906868165086,0.618987626105853,6.157794927668634,7.066053563832538,0
tmaR_predicted,36,1,1.503295388306823,0.6368366528151955,6.179849625428641,7.058249553809217,0
xdhAp2,38,3,1.5032556275304032,0.5951660333371208,6.148144117116538,7.089959359527798,0
rcsDp,38,1,1.5032410630164417,0.44161589998537193,6.152438918756088,7.175901007954193,0
rcsBp2,13,1,1.5030307901534294,0.7761719321817746,6.191729147861681,6.951358203478241,2
rcsBp1,22,3,1.5028615653751565,0.5900476145965856,6.208166195967857,7.095887211417954,0
ecnBp,20,2,1.5027660302896069,0.6085508292646402,6.167599499316276,7.07613363760616,0
ybiY_ybiW_predicted,38,3,1.5027460629037193,0.5376561837009868,6.225371804920619,7.133606560064866,0
acrBp,7,1,1.5027110486296873,0.5026334619628089,6.188951556931238,7.148793409777878,0
TSS_6311_regulondb,39,1,1.502688541064201,0.558494040212628,6.283570173262973,7.111773513192773,0
zapB_predicted,24,1,1.5024436937695782,0.5988594423127682,6.1245588907195305,7.079492096717402,0
ygfKp,36,2,1.5022030169576512,0.45105600308916177,6.178707145086375,7.175376218789767,0
yadG_yadH_predicted,12,1,1.5022000756149212,0.5622530832730188,6.262708863833747,7.114602187930027,0
galSp,3,1,1.5021021161533181,0.529576366161423,6.221268498225298,7.1272069542261365,0
ygfKp,2,2,1.5018322622402576,0.5786923712944658,6.222086844541828,7.109282832910016,0
gatZp,10,2,1.5017280407008238,0.5212412849370437,6.212046405746904,7.1274539417880485,0
tnaCp,14,2,1.5017219889519697,0.723882868252782,6.152511885777597,7.001679032123372,0
ratA_yfjF_predicted,25,2,1.5015673970157728,0.5550637491382716,6.177878937314663,7.112302456369833,0
uacT_predicted,6,2,1.5013657673029503,0.7534266935202136,6.192481340871613,6.977782037126655,2
mcbAp5,3,1,1.5013067352353584,0.5443811962388251,6.216297086608199,7.129874810898707,0
ftsKp2,38,1,1.5012320071248229,0.5227741501818876,6.192083758813191,7.124781556992916,0
yjbJ_predicted,39,1,1.5012039177388719,0.5492646386215501,6.220155619343006,7.126579234983939,0
ygeW_predicted,38,2,1.5011237716202968,0.5007222290346224,6.165443834523458,7.154497005803204,0
ecnBp,40,1,1.5011196517414198,0.5900424475666438,6.227430149381034,7.090954774167542,0
icdC_predicted,29,2,1.501095419880951,0.6302108363309192,6.192479026370025,7.056704619993138,0
uacT_predicted,41,1,1.5008575791508942,0.6195479241205203,6.1433537671224006,7.079433960077953,0
yncEp,10,1,1.5007903835976786,0.5986001025201789,6.15974289620967,7.106275296015541,0
ymfM_beeE_jayE_ymfL_ymfR_tfaP_ymfT_ymfN_ycfK_ymfQ_predicted,19,3,1.5007828232429936,0.48178504637326863,6.223483373423782,7.162862328891235,0
xylFp,24,1,1.5006320045349222,0.6707580507480709,6.233284722466373,7.063506170882293,0
tolCp3,22,3,1.5005434201772478,0.5613560324389633,6.114694298022198,7.097193473466141,0
mhpRp1,1,1,1.500508196592523,0.45045342467738936,6.234347649454412,7.186833230988886,0
ompRp4,34,2,1.5004169245195178,0.8604328098215069,6.241951013438259,6.942105230332466,2
ykgRp,35,1,1.500189555966421,0.683858796580159,6.102900452304679,7.032447306315852,0
ghoSp,38,1,1.5001603985994507,0.5549646065258887,6.231541482809916,7.108052939338966,0
yjbJ_predicted,1,1,1.5000912197950753,0.5563885840404182,6.213395937739844,7.121071510727441,0
crpp2,25,3,1.500016743199999,0.7156649837473047,6.152159858985014,7.0266265287611684,0
ompRp3,31,2,1.499946911760203,0.6491996019431759,6.143651088482571,7.0174854252134775,0
ymfM_beeE_jayE_ymfL_ymfR_tfaP_ymfT_ymfN_ycfK_ymfQ_predicted,31,3,1.4999327666502376,0.527334700193333,6.282933465342376,7.136936902554692,0
ompRp2,11,2,1.499852595268978,0.6353878647918294,6.150492399455992,7.035735750054228,0
elaBp,28,2,1.4996270681915895,0.7268950758594387,6.156640154414026,6.994573625323519,0
galSp,13,3,1.4996076093786894,0.5769829627984592,6.279676188906006,7.099166171385233,0
ecnBp,4,1,1.4995990617116728,0.705758048413056,6.24652781338648,7.065815297071373,0
ygiW_predicted,25,3,1.4994541730143236,0.6932679305879287,6.194941701535315,6.996798868110303,0
ygeX_predicted,11,1,1.4994345606521446,0.5795192031755405,6.15418441802249,7.098434766068174,0
yagB_insX_yagA_predicted,1,2,1.4993929952142058,0.562299580804398,6.170041317019997,7.098860394742147,0
galEp3,12,1,1.4993836317494744,0.5041553853882925,6.205143909694479,7.1515600253393625,0
tmaR_predicted,20,2,1.49932595005315,0.5903655333308798,6.142271504392841,7.0858846602453625,0
tolCp3,14,1,1.499252103154125,0.5626071817253983,6.226867663414366,7.1226908230949295,0
rcsDp,13,1,1.4990379538928733,0.6774976220726638,6.216775929478346,7.049556695608099,0
blrp,4,1,1.4989780246817883,0.7159373326732233,6.208467026824049,7.042302337379008,0
yacCp,28,2,1.4989124938785832,0.7148128478172767,6.1485172642858315,6.997819649490816,0
ratA_yfjF_predicted,14,1,1.4987680591877952,0.5405802414063664,6.169257377588391,7.118855337409187,0
ygeY_predicted,40,3,1.498722088167105,0.4816420971846556,6.301208807863853,7.175971328596592,0
ygfKp,25,3,1.4986293122356489,0.528445444128255,6.180397973166334,7.121122984503691,0
ecnBp,32,1,1.4985208099108305,0.6832512710975399,6.15803488286172,7.034907715251584,0
ssnAp,1,1,1.4985091614137793,0.5350825268614503,6.154036904414719,7.125143832046785,0
acrAp,39,2,1.4983096889772625,0.878009268433716,6.2224539491215625,6.907317808700821,2
dinQp,30,1,1.4981931470403054,0.6762365229629481,6.244882168434664,7.04729023322599,0
ftsKp2,34,2,1.4980496256915325,0.6003313452435739,6.198801025879194,7.090187294838289,0
araCp,30,1,1.4980073551593764,0.6156687425021647,6.209605882447835,7.083765193340286,0
ratA_yfjF_predicted,38,1,1.4979141201695936,0.530867059558642,6.186520118329563,7.121369734050134,0
tolCp1,16,1,1.4977950323407379,0.5644992026845655,6.234414410675367,7.125626157339369,0
crpp1,30,2,1.4977544538669916,0.7835522750246093,6.123763052638941,6.933829053027898,2
ssnAp,15,3,1.4977524444218262,0.686666617476928,6.207233201002428,7.042366828387359,0
yacCp,17,1,1.497643013461764,0.6938233936851056,6.182502810312771,7.008131297788843,0
ompRp3,10,2,1.4975747996000635,0.5877980392650202,6.237965902758825,7.0770581164735695,0
acrAp,38,2,1.497459930892249,0.5552944256230407,6.1745761608163665,7.119406048830923,0
rdlDp,16,1,1.4974289770242017,0.7250769389227948,6.242274643853113,7.032775740811021,0
ygfKp,6,2,1.4972343389548235,0.610534802846671,6.186143823013934,7.078684645489293,0
uacT_predicted,18,1,1.4971626704667742,0.5892653950219627,6.246903634308863,7.083305807459892,0
ygfS_ygfT_predicted,35,2,1.4971048920165235,0.5033574160386798,6.2221791219870255,7.142121085066207,0
rdlDp,25,1,1.49704127023679,0.8089435864375363,6.181727190267447,6.973304154009378,2
ygeY_predicted,13,1,1.4969976635148936,0.5088285185353059,6.209789665925844,7.142887880202428,0
galEp3,31,1,1.4969506207644985,0.49620885782549906,6.211231697304315,7.151846930833024,0
hyuA_predicted,36,1,1.4968212076798195,0.6311817119567202,6.173808052510893,7.062123338865877,0
ybiY_ybiW_predicted,2,1,1.4967603932338178,0.6270865887027274,6.2610804171774515,7.085848335719803,0
ygfM_xdhD_predicted,5,1,1.4966865647638314,0.5716653138936427,6.225114569929683,7.088947966660732,0
araCp,25,2,1.4965821414126717,0.5364808667986763,6.198830955062528,7.139469799038544,0
icdC_predicted,9,2,1.4965499987680724,0.6330742079140519,6.2274968077686585,7.0558985313864815,0
yadG_yadH_predicted,25,1,1.4965012818355112,0.5064834070616571,6.136800190592131,7.141833103004961,0
ygfKp,40,1,1.4964829209816812,0.6076761850378307,6.297721485093816,7.08113265808627,0
TSS_18061_regulondb,21,1,1.4964162645529653,0.6636564456461571,6.189870805839607,7.041024840378968,0
dinQp,14,3,1.49618079626412,0.8036860763955233,6.210650509724559,6.957071719289092,2
xylAp,17,1,1.496042390137781,0.5098907060515026,6.196039102756731,7.147505517974615,0
yjbJ_predicted,11,1,1.4959361801640767,0.5256109630163612,6.248802166330895,7.13905741553604,0
ompRp3,5,2,1.4958778068629506,0.5942790219581437,6.201963404740804,7.076399454568357,0
dgoRp,40,2,1.4957843910223647,0.7347036051159344,6.1994034364355235,7.001407025993696,0
TSS_6311_regulondb,2,1,1.4957790342405848,0.5756734077106569,6.152602968748745,7.098380551514744,0
yjbJ_predicted,38,3,1.495743771221893,0.6850485608503041,6.178658084613126,7.051206998740049,0
mtnp,38,1,1.4956593778660872,0.7540534605601448,6.244559291004124,7.034601150540934,2
rcsBp1,31,2,1.4956055833999464,0.6132799218809457,6.260380319764692,7.087238976690536,0
TSS_4655_regulondb,4,1,1.495473924908537,0.5161469589025961,6.17502129832491,7.143200765256507,0
ybeDp,20,2,1.4953310814487142,0.6044893184114633,6.242593597457347,7.075924338589193,0
zapB_predicted,4,1,1.4953038393492422,0.7697275820239299,6.160006721826383,6.957231980561014,2
yadI_predicted,6,1,1.4952664747267546,0.7387106633291055,6.104835309220954,6.972856068454571,0
yagB_insX_yagA_predicted,6,2,1.4951676750835028,0.6176776200251758,6.291076790027808,7.091179352945134,0
ratA_yfjF_predicted,23,1,1.4951164808744726,0.622384548912664,6.200524231498448,7.069952135208036,0
mcbAp5,5,2,1.4949404509059279,0.5326909128354473,6.171283029683167,7.123319099641334,0
ygfS_ygfT_predicted,29,1,1.4947138230095074,0.47174677455362435,6.1799861476850175,7.173805460655102,0
TSS_4654_wanner_regulondb,41,2,1.4945676699855996,0.700312116210377,6.221616497377531,7.010332395103429,0
ygfS_ygfT_predicted,14,2,1.494546343104933,0.6196977568456887,6.2147193449060305,7.070702365010881,0
ompRp2,11,1,1.4942319568454863,0.7379653042125816,6.226585863609594,6.995013838814954,0
zapB_predicted,15,3,1.4941943698608011,0.6888457004327709,6.186645868303554,7.009111079163423,0
yncEp,36,1,1.4940888558995362,0.6375686366999901,6.202172649574731,7.053722232158643,0
ygfS_ygfT_predicted,23,2,1.4939883661048206,0.5987922733893976,6.233823571709543,7.09069596485773,0
mhpRp2,14,1,1.493937801145004,0.5464675566903177,6.210245274373282,7.123935067627592,0
ygiW_predicted,24,2,1.49382201435415,0.5376727756377743,6.192297581755833,7.126583425536738,0
mhpRp1,7,1,1.4937484445330853,0.673284802910933,6.18672920259432,7.023363726617212,0
xdhAp2,23,1,1.4937102140321616,0.64269606599771,6.172044777741901,7.07587662551644,0
araBp,14,1,1.493687302845103,0.5490260943754173,6.194583516442781,7.113973427757772,0
ygfKp,35,2,1.493687093891053,0.5240378240346646,6.2009508725406715,7.134469125261825,0
TSS_4655_regulondb,36,1,1.4936055852762031,0.5636607948162041,6.1961231762855125,7.113624761886609,0
yadI_predicted,31,3,1.4935307875154171,0.5135517540429837,6.147563565522851,7.13590886326737,0
dgoRp,37,2,1.493527286860754,0.7072560084944123,6.201561361338561,7.000112598886716,0
hyuA_predicted,12,2,1.4934682419253393,0.5733679502351046,6.18688289950564,7.094824883496308,0
ymfM_beeE_jayE_ymfL_ymfR_tfaP_ymfT_ymfN_ycfK_ymfQ_predicted,1,2,1.4933181655266066,0.6350773094325961,6.171615252885143,7.065342751557695,0
acrBp,13,3,1.4932513143759167,0.5896733905199699,6.125598549634344,7.084413875865476,0
tfaE_stfE_predicted,41,1,1.4932284285340325,0.5654349034617928,6.205906598403059,7.122777780211949,0
mcbAp5,40,1,1.4932027250139677,0.5037384026832158,6.296434823837526,7.164355848486472,0
xdhAp2,3,1,1.492924563674352,0.5770938961357462,6.19389938266722,7.0993092648524625,0
yadN_predicted,20,1,1.4928073647126905,0.5112325731628213,6.145207597751907,7.132655694480806,0
rcsBp2,24,2,1.4927527934682245,0.7857972558117444,6.1553563544616345,6.9503613234673525,2
ompRp3,10,1,1.49269008230529,0.6596120103671517,6.191021186730174,7.057749606986372,0
ghoSp,22,1,1.492638744857508,0.5277703758444364,6.157683102243023,7.12831381741217,0
ompRp1,15,3,1.492634110986959,0.6691969739441774,6.245708958614069,7.044492748976634,0
tabA_predicted,21,1,1.4925793077139806,0.6339624194876292,6.148802257163052,7.058600507356219,0
ompRp3,14,2,1.4924268529722209,0.6058852589936398,6.252004338962157,7.07038677592983,0
gatYp,40,1,1.492413528404334,0.9201003316943718,6.160596242770447,6.8517417356437775,2
acrBp,31,1,1.4923481601146118,0.5103684974247961,6.238441729157982,7.1391307885088455,0
acrBp,24,1,1.4922711614580504,0.6029646958524946,6.2224376922717815,7.089282144346262,0
acrBp,22,3,1.4922554580914786,0.44598050811679524,6.185200309022748,7.185395399418382,0
araBp,31,2,1.4921377479851956,0.5995487496465707,6.136661539079837,7.0814919397516745,0
crpp2,14,1,1.4918369468941444,0.7679607318203001,6.229809163314265,6.955860863653319,2
relBp,20,2,1.4918114542086247,0.8036200983171771,6.177961354227443,6.955324633367996,2
lacIp,30,1,1.4915938742816124,0.4199530157719684,6.174429231943979,7.1958619878832195,0
cusCp,37,2,1.4915442502824745,0.6014872359024843,6.181888712675226,7.080343853708613,0
yncEp,12,1,1.4915033347038962,0.7671581674236944,6.267342137978731,7.0017718747281545,2
xylFp,38,2,1.4914886960044318,0.6385488867250861,6.168463019354215,7.040383477486182,0
ssnAp,5,1,1.4914135114711202,0.5743320225433979,6.211484881917356,7.106413675898383,0
crpp1,13,3,1.49120327319063,0.873635893511901,6.175118190441167,6.912721860819585,2
yncEp,31,1,1.4911560820404173,0.5118123776285937,6.226594782039435,7.143972226330348,0
crpp3,5,1,1.4910330247531245,0.8874022577829953,6.26136501057796,6.889484266181448,2
yagB_insX_yagA_predicted,25,2,1.491030029444379,0.5302923000506082,6.190159623898403,7.123146739363593,0
ykgRp,41,2,1.4908967916841538,0.8416979978571968,6.17187990161913,6.885932524572919,2
TSS_1414_storz_regulondb,38,3,1.4908289818120146,0.687725748849647,6.239313754517752,7.027560020938316,0
acrAp,13,1,1.490828209380088,0.9702786569199306,6.245526368567303,6.865163409498018,2
mprAp,20,2,1.490736970350086,0.6384874262441094,6.130515759845059,7.073051643967274,0
tnaCp,23,1,1.4907369196538254,0.7285893758839173,6.2193805849314705,7.023074835869464,0
crpp1,28,2,1.4906266138817195,0.5807316867672959,6.188084849188511,7.0916135629195445,0
tolCp3,15,2,1.490404570845603,0.7619754519445963,6.264402020673948,6.9558524697466755,2
ygeX_predicted,40,1,1.4901596850649017,0.5437992078554978,6.202000978014246,7.1245063464811205,0
yahL_predicted,4,2,1.4901402425480117,0.5833787308295165,6.133625072655855,7.084840770880043,0
crpp2,22,3,1.4901078158605625,0.860842147081784,6.192070452900474,6.915036139203223,2
ftsKp2,19,2,1.4900337748134715,0.5695755092103022,6.19029601858512,7.103613588223076,0
ompRp1,3,2,1.4898690591373205,0.5157799311156414,6.252176742901861,7.138715635829094,0
ompRp2,1,1,1.4898312993778944,0.6480844695191696,6.175665112179914,7.060847934373216,0
intE_xisE_ymfH_predicted,24,2,1.4898066984874532,0.5572357700979668,6.176767605777563,7.117677015170576,0
ykgRp,19,1,1.489805829380563,0.8281911145479515,6.172657219683289,6.913717273086249,2
mcbAp5,13,2,1.4896077538579215,0.480181478108428,6.221499940469874,7.14308721010445,0
cusCp,33,1,1.489577161757048,0.5744965719630881,6.18141697712141,7.107937397297048,0
ftsKp2,4,2,1.4895668422193,0.6807985410336612,6.2256466946121805,7.0492534045253405,0
intE_xisE_ymfH_predicted,40,2,1.4895627702025092,0.5794639958326432,6.132556218001745,7.111863415370055,0
yjbJ_predicted,35,2,1.489560455926576,0.5644100085033537,6.15319582588233,7.104131424746303,0
yadG_yadH_predicted,15,2,1.4892850771700124,0.5758147852201422,6.237350131545774,7.103360833651896,0
ompRp1,36,1,1.4892425636460382,0.5958004499813881,6.191863085361615,7.092630841123,0
tabA_predicted,15,3,1.4892235051268872,0.5372987475463582,6.24296252930429,7.121341966944927,0
galSp,10,1,1.4891753487819614,0.5664991351662546,6.231014997483154,7.087639213888104,0
tnaCp,34,2,1.488843138390807,0.6367199447162201,6.077120949176676,7.050289352198754,0
ompRp1,18,1,1.4888365867059146,0.6372818744333619,6.18581763745844,7.061524623143679,0
araCp,22,2,1.488771972808898,0.7028558556131907,6.195012944977503,7.025400289003104,0
yadN_predicted,30,1,1.488535871388569,0.5118706426581368,6.17780988273675,7.145731256589958,0
ygfKp,19,1,1.4885087117984213,0.5956672613623358,6.265755392429051,7.087836748461017,0
ybiY_ybiW_predicted,6,2,1.4884751691786926,0.4893961366468892,6.196993001838826,7.15422784833687,0
ratA_yfjF_predicted,36,1,1.4883326966855186,0.586068794623835,6.211115979503777,7.104776315653202,0
rcsBp1,16,1,1.4882654314282786,0.5253468134827995,6.2280504558460175,7.1175534009113575,0
yqaEp,8,1,1.4881867162246691,0.8710540947092044,6.166871538987497,6.8715041057151485,2
galEp3,17,1,1.4881252016604074,0.5090041682363762,6.205882058343743,7.145847662669436,0
acrBp,13,1,1.4880455005007227,0.5645393700000907,6.152450831887756,7.099859405235749,0
ssnAp,21,2,1.4880090329724904,0.5211496897207679,6.16795844863775,7.134278244473004,0
ygfKp,31,2,1.4878366536372734,0.5896783142105482,6.2384233998300855,7.098111314077908,0
tnaCp,9,2,1.4878012346848721,0.712289418521307,6.254606511744817,7.030234615000258,0
ompRp4,17,2,1.4876918547076017,0.7224667615103425,6.2429717261583555,7.015912680058555,0
lacIp,25,2,1.4876009962600418,0.5931392373257548,6.217721574124839,7.104604590190132,0
crpp1,34,2,1.4875770344085901,0.7785462696281077,6.174014391828035,6.987128788207648,2
ygeW_predicted,14,1,1.4874435651040034,0.6894421621595028,6.220604377054015,7.044251245908146,0
yadG_yadH_predicted,38,3,1.487419800342966,0.5215597930508051,6.216012498056042,7.135098630156557,0
xdhAp1,19,2,1.4873073752401451,0.5779090111287649,6.205972243544155,7.107827221762879,0
ompRp3,40,1,1.487180530967823,0.555365370926551,6.2402928847870305,7.103680834841942,0
yadL_yadM_yadC_yadK_predicted,37,2,1.4871198701054547,0.7339758899349138,6.1035318390626045,6.985469182292829,0
xdhAp2,15,3,1.487089494866849,0.5532779078227108,6.183228416105261,7.122336487531978,0
yacCp,16,2,1.48695556377414,0.6008075702522103,6.232989570948539,7.0835606389696215,0
tabA_predicted,11,1,1.4868944462797287,0.49865569583930824,6.165347213411013,7.14676386117525,0
galEp3,29,2,1.4865976372027845,0.6737723436479451,6.189406972667123,7.021922891217606,0
ygfM_xdhD_predicted,1,2,1.486507547679399,0.6547161579733651,6.191056922824281,7.043865378369256,0
xdhAp1,7,2,1.4863908434752537,0.848739140986444,6.219013314060162,6.969497263686612,2
galSp,38,1,1.486186421444496,0.5943127717335135,6.159136899407706,7.073345835965842,0
rcsBp2,16,1,1.4861507288227553,0.8162434933688639,6.211537534630173,6.982999481499428,2
dicCp,15,1,1.4859562286722605,0.7509147807460888,6.219597383132117,6.999109279935244,2
ecnBp,3,2,1.48590977770701,0.6643638040103268,6.203210652274404,7.056147238796189,0
yjbJ_predicted,28,2,1.4858874556673787,0.5940853102920131,6.1407327936645775,7.090118254582127,0
yadG_yadH_predicted,7,1,1.4858605367505973,0.4838897994512865,6.159941865349511,7.141950704325243,0
furpb,25,2,1.4855069246860453,0.6855562831517507,6.235877550816319,7.038966615687921,0
intE_xisE_ymfH_predicted,24,1,1.48550431393059,0.5730099398269944,6.252009319460984,7.09586301194184,0
ybiY_ybiW_predicted,18,2,1.4853099419711513,0.69904117035717,6.20296641770591,7.028577521997026,0
yadL_yadM_yadC_yadK_predicted,21,2,1.4852527468984886,0.76796338914645,6.195310489593739,6.993186439935348,2
dgoRp,11,1,1.4851984754720755,0.6785164287881021,6.2417736415891545,7.040051852140319,0
tmaR_predicted,5,1,1.4850362769308005,0.7776300662116982,6.25432195646396,6.965822898750471,2
yadL_yadM_yadC_yadK_predicted,25,2,1.4849970340736032,0.5651616341546081,6.209714633544738,7.105482952867432,0
TSS_4655_regulondb,25,1,1.4849850766644976,0.4517756419840681,6.212394263019633,7.183257967810222,0
xylFp,22,3,1.4847894457942266,0.6557876958926898,6.205165255056625,7.054389462723896,0
yjbJ_predicted,19,2,1.4847072583766885,0.5924113482736044,6.180752237930335,7.091087507343508,0
yadG_yadH_predicted,39,1,1.4846258871584748,0.5315455712997275,6.231702190174319,7.119507254114888,0
ompRp3,40,3,1.4846258189540218,0.595668902276514,6.278852080830797,7.084088346798762,0
icdC_predicted,16,1,1.4845700111343358,0.626774090101381,6.226819749685518,7.0636980052101155,0
TSS_1414_storz_regulondb,28,2,1.4844549089643932,0.6281601899781801,6.182910527579425,7.041301856063179,0
ssnAp,9,2,1.4843090447284986,0.6727673336115533,6.231718092432403,7.044842514387397,0
yacCp,16,1,1.484216961687462,0.542997068456139,6.130210561059707,7.118700928020607,0
yncEp,40,1,1.4841774489131856,0.726396248543975,6.200976174282234,7.012620292791555,0
zapB_predicted,36,1,1.4841442495589565,0.8541878191433377,6.138174676933925,6.873216833233862,2
yadL_yadM_yadC_yadK_predicted,24,2,1.4841033081381054,0.5842161879196404,6.184791704134469,7.08160866350072,0
ecnBp,6,2,1.4840238488282225,0.5333999595591419,6.230072223685882,7.133152190950184,0
crpp1,1,1,1.4840076474912738,0.7050666441798971,6.130823416988241,7.031987902834592,0
dgoRp,25,1,1.4839713714625975,0.5520263703517174,6.210028476599352,7.126240471047608,0
yqaEp,35,1,1.4839626141622588,0.48961256173264167,6.260412193340246,7.149452969586822,0
tabA_predicted,33,1,1.4837984179748078,0.5757651172017826,6.303412364473525,7.11420017286147,0
ftsKp2,19,1,1.4835289232279663,0.5875313155414591,6.146074399006901,7.0901900778944595,0
cusCp,10,2,1.4835085397141634,0.5804748684342735,6.197441034573007,7.100736378514119,0
ygfM_xdhD_predicted,4,1,1.483482705673991,0.4633851070708853,6.183072887736211,7.1688167406829315,0
ygfKp,18,2,1.4834573467750998,0.5415944836949123,6.22646283227493,7.133496588282031,0
ghoSp,28,2,1.4833174568801508,0.5655169694854931,6.212722026765935,7.1073500207534,0
lppp2,23,2,1.4833049406267544,0.6074674620241798,6.350750607587292,7.107669523934759,0
gatZp,2,1,1.483231961679282,0.5327452690977498,6.290356812920377,7.1459631282762,0
TSS_4654_wanner_regulondb,16,2,1.483229061422952,0.505299940789464,6.194703579774884,7.149147244725209,0
lacIp,22,3,1.48305027751344,0.5695668037816931,6.097524186216541,7.086201785802221,0
tnaCp,29,2,1.4829930671905804,0.6581290886533115,6.140187276798137,7.034552479646269,0
intE_xisE_ymfH_predicted,4,2,1.4828035505604353,0.5116912271489533,6.172894032209506,7.129171792933461,0
gyrAp,21,1,1.4827643132865538,0.831580971725663,6.247912887846348,6.963173796204861,2
uacT_predicted,39,1,1.4825065540055506,0.6829495608654301,6.187773276215134,7.039398176579889,0
ygeW_predicted,39,2,1.4824342973354445,0.5371835367417975,6.136975122202799,7.106487736482114,0
ompRp1,4,2,1.482357211808101,0.5554646278958422,6.285923154609865,7.122169579637482,0
yadE_predicted,18,2,1.482181839141297,1.0049639176221055,6.166902131711909,6.811556448041083,2
ratA_yfjF_predicted,41,1,1.4821748423547056,0.6912404189841277,6.1880298607592295,7.0112268832340305,0
ygeY_predicted,41,2,1.4820977511797264,0.49624168674157204,6.249975375356185,7.149906344620508,0
TSS_4654_wanner_regulondb,14,2,1.4820538514023571,0.4821193767368359,6.175118590181017,7.15062398700394,0
yjbJ_predicted,34,2,1.482014565283016,0.7483249069096384,6.213964533708117,6.970019281442639,0
marRp,24,1,1.4818538705414452,0.8047318194239075,6.211893682654193,6.931651172145556,2
yncEp,33,2,1.4818137908242246,0.6778213988114722,6.272162170826842,7.063374303115708,0
cusCp,1,1,1.4817671014010823,0.5810060589555313,6.2579803652522115,7.118184897507528,0
ompRp3,35,1,1.4815638888445049,0.5505162391524219,6.221049607394194,7.101191774548666,0
acrAp,15,3,1.4815485104339137,0.6821637794861444,6.262173394648551,7.034528716776457,0
gatZp,19,3,1.4814261938276747,0.5405254301693994,6.235480190305548,7.12079914683615,0
tolCp3,39,1,1.481391470024793,0.6779255237085225,6.271343246040853,7.039180380222893,0
galEp3,2,2,1.4813214019967231,0.48641253437928933,6.174803866017075,7.149204279632005,0
yahL_predicted,34,2,1.4812721899182464,0.5727497186829074,6.244257892760638,7.104765201530665,0
galEp3,19,3,1.4812547812934698,0.6376501448302005,6.20305768809267,7.063079713541681,0
galSp,30,1,1.4812489923542662,0.501151270462074,6.22731070490317,7.137986545914385,0
yadI_predicted,18,2,1.4812031195459567,0.6611941825388564,6.195664039216304,7.024083498259691,0
gatZp,6,1,1.4807342084486261,0.5153492945521893,6.148072559785526,7.147177758964672,0
yadL_yadM_yadC_yadK_predicted,31,3,1.4806821667251027,0.5727704137280548,6.245555495073814,7.091654425299257,0
TSS_18061_regulondb,39,1,1.4805788904586086,0.6122389376208583,6.216965410684554,7.077753450803158,0
acrBp,8,2,1.4805605045308976,0.6007899948913236,6.173202530035862,7.085510048345989,0
tnaCp,18,2,1.4805007701573443,0.6892590476893484,6.152620011239021,7.013620365505926,0
ygfS_ygfT_predicted,5,1,1.4803461870388563,0.47981896540383095,6.195606651789038,7.167237079785711,0
cusCp,29,1,1.4801125257153984,0.566998924414083,6.225593640546213,7.128336871232886,0
yncEp,16,1,1.4800804824633518,0.5241970869915501,6.2306240892051665,7.12006969156961,0
ygeW_predicted,25,1,1.4799936322442369,0.576115037396937,6.251754095655723,7.11212454514735,0
tfaE_stfE_predicted,21,1,1.4798982822289046,0.5668607638808325,6.155784765177049,7.094056662117533,0
ygfKp,17,1,1.4798732116833928,0.6581131696018713,6.2345056863469175,7.074027326574616,0
ybiY_ybiW_predicted,25,1,1.4797767895986516,0.4988138968204377,6.220592725015017,7.15647997258775,0
xdhAp2,35,1,1.479704128369098,0.5760377245842944,6.1738269423729335,7.083655022391182,0
uacT_predicted,30,2,1.4796419276916595,0.6108424005223685,6.227456744065439,7.070985663457173,0
ybiY_ybiW_predicted,13,3,1.4796181840504752,0.5248251186561855,6.233260676780942,7.139088496694681,0
uacT_predicted,31,2,1.479566268022405,0.5967162462507564,6.2335110596019465,7.077559067926817,0
ompRp2,35,1,1.479551839496015,0.7440516535685324,6.17908354805388,6.962880297512449,0
dgoRp,11,2,1.4794757916876662,0.722863435336077,6.174980450589199,7.003439216418411,0
ygfS_ygfT_predicted,40,2,1.4793793382935672,0.5773866501874505,6.293547760089519,7.110117862778605,0
ygfS_ygfT_predicted,4,2,1.4792951672013512,0.4314403011143018,6.165078400975961,7.178929500974302,0
araBp,25,1,1.479228010925847,0.4968980276163857,6.2438621703606625,7.1567137450574885,0
tolCp4,16,1,1.4791081357330922,0.5369549045094856,6.247958449364634,7.135825639747958,0
ygfS_ygfT_predicted,15,2,1.4790208397753637,0.5400611522560026,6.199829685339832,7.125829237708697,0
TSS_4654_wanner_regulondb,5,1,1.4789434893953568,0.6197488329972505,6.186133771714102,7.076876901784038,0
TSS_4655_regulondb,21,2,1.4787365065579792,0.6487750715248227,6.2175750139952095,7.043913616545442,0
ygeX_predicted,35,2,1.478725257801883,0.5853064892616605,6.311488331390278,7.1206827126225205,0
galEp3,3,2,1.478650424666269,0.567433724277964,6.1817674317877245,7.108215653044792,0
hyuA_predicted,38,1,1.4784664392520994,0.6758432706334863,6.1887924771116865,7.0507161792542306,0
ymfM_beeE_jayE_ymfL_ymfR_tfaP_ymfT_ymfN_ycfK_ymfQ_predicted,19,2,1.47845556536829,0.5170182134698552,6.172155199881382,7.140391774488485,0
ybiY_ybiW_predicted,17,2,1.4784059569467691,0.5084426481318383,6.254610094444256,7.135024997896746,0
galEp3,6,2,1.4782828682305107,0.5620065144861275,6.176865471483674,7.106873132879275,0
yadL_yadM_yadC_yadK_predicted,8,2,1.478206938305444,0.6086713879610208,6.275341417975188,7.095404343724776,0
ompRp4,10,1,1.4779982745716609,0.8975734307293549,6.206980091425509,6.914761515643715,2
hyuA_predicted,12,1,1.4779958720399968,0.542698637325067,6.195563167047984,7.131211540889921,0
TSS_1414_storz_regulondb,25,1,1.477971692259449,0.6458016250048727,6.172378592420612,7.036354435884831,0
galEp3,12,2,1.4777479225498584,0.5372404913241268,6.270788920147151,7.11868313322515,0
ygeY_predicted,13,3,1.4777341522351832,0.5110947948227831,6.2336464042770565,7.13788160781199,0
galEp3,18,2,1.4777015836825231,0.5589267438656194,6.163058395968173,7.089136921024066,0
lppp2,30,2,1.4775913814640735,0.49051402213967343,6.278089237964195,7.153169120148419,0
ygiW_predicted,21,1,1.4775844129764384,0.7050439367792317,6.256358561806361,7.029225998957074,0
yncEp,25,2,1.4775285546401302,0.5846766433372594,6.1361629456785245,7.0678661588010705,0
ygiW_predicted,19,3,1.4773568837111644,0.46250039113200125,6.228329721472335,7.1763331316233785,0
TSS_4654_wanner_regulondb,29,2,1.4772530861136046,0.5446433589187286,6.213308057707756,7.120950166112056,0
hyuA_predicted,23,2,1.477162986986811,0.496902469474265,6.310229527536906,7.159712669119853,0
cusCp,7,1,1.4771419117565217,0.5156383294642363,6.202637445570582,7.130681576341699,0
ykgRp,11,2,1.4771330977673471,0.7661205762198143,6.197798377588913,6.959411995751154,2
acrAp,30,1,1.4770094894588999,0.6888959867279288,6.225085303588656,7.0200441442244195,0
ygeY_predicted,39,2,1.4769671089614593,0.5188555572251567,6.205413980752159,7.134306964651743,0
sulAp,24,1,1.4769617964848356,0.7576942374367909,6.24347328516178,6.981234548106974,2
TSS_4654_wanner_regulondb,11,1,1.4769359073700756,0.5342504384008383,6.236555112903195,7.118218800772092,0
icdC_predicted,11,2,1.4768413964423854,0.5710050487208109,6.258561702314536,7.107055400623802,0
rcsBp1,19,1,1.476786441787043,0.5833701741138155,6.163305452482286,7.085074019766806,0
crpp1,11,1,1.476644697313915,0.6732605066689099,6.251100595954799,7.033924568686664,0
ftsKp2,3,2,1.4764931006704305,0.6594528082785819,6.262188820782642,7.051470851195883,0
crpp2,9,1,1.4764838048438145,0.7903330747052933,6.200936025684269,6.992026615386786,2
yqaEp,19,1,1.476410176780883,0.6560768178143875,6.190099374674724,7.036706954126599,0
icdC_predicted,14,1,1.4763576118831434,0.5884609892565018,6.257475467682664,7.080534370323273,0
ybaY_predicted,22,1,1.4763542010089887,0.618224621964559,6.256774991037291,7.0753795328399685,0
ompRp2,6,1,1.4762317786651775,0.6404152099199756,6.194018252174888,7.072866514924053,0
gyrAp,7,1,1.4762155571797158,0.65366194972552,6.182096327778876,7.040637955127428,0
yjbJ_predicted,33,2,1.4761247083427183,0.5681506779572645,6.166217627699806,7.097080386717618,0
galSp,13,2,1.4760062211905283,0.4654033505299441,6.2223607869821995,7.172090185980675,0
yncEp,13,3,1.4759955235475402,0.6704767377224619,6.253275642928816,7.045527020764744,0
TSS_18061_regulondb,30,1,1.4758535482011346,0.6747151664736608,6.220947873938925,7.04948500746826,0
yagB_insX_yagA_predicted,35,1,1.475801034403512,0.542679124581331,6.234996139561818,7.114348869218951,0
ybiY_ybiW_predicted,20,2,1.4757800707338231,0.538171776838784,6.217474575473085,7.1153286433643705,0
mhpRp1,37,1,1.475754312142337,0.6316561699967465,6.205713169854308,7.07275614090686,0
yqjE_yqjK_yqjD_yqjC_predicted,15,1,1.4756799145744395,0.7477693850587227,6.144693684759162,6.991480971147592,0
rspAp,4,1,1.4756674240075922,0.8055031724519378,6.165598554019439,6.916928944202352,2
lacIp,31,3,1.4754099921593162,0.7186899867030495,6.280689791652758,7.017111588208769,0
yadE_predicted,38,2,1.4753964589360293,0.6053741651493237,6.291912837085677,7.0843337219700455,0
icdC_predicted,39,2,1.4753931557994815,0.5752920670066295,6.191323569242281,7.10278218527554,0
hdeAp2,4,1,1.4752546737777215,0.6394244903753526,6.175505859961457,7.084226161660196,0
ygfKp,1,2,1.4752519666186792,0.5106153610113134,6.237979089568563,7.1517419953934525,0
yadI_predicted,7,1,1.475214504862608,0.7839497779287368,6.105585724000672,6.938653373491298,2
tnaCp,8,2,1.4752032680477176,0.7694168933970893,6.149687546101935,6.951949297648023,2
yacH_predicted,5,1,1.4750625162589848,0.5302544353391875,6.187823027820258,7.13066314498635,0
tfaE_stfE_predicted,33,1,1.4750398166821805,0.5548629830866312,6.219461218649447,7.124862794342052,0
TSS_4654_wanner_regulondb,36,1,1.474886791894616,0.4783637334639538,6.202698971883456,7.165890477462895,0
uacT_predicted,41,2,1.4748527745615965,0.5810282437526524,6.259680160233267,7.091176536540418,0
gatZp,13,2,1.4747847975209467,0.5056487244264042,6.195617593937805,7.149810736483607,0
uacT_predicted,38,1,1.4747711201831826,0.6603232994285193,6.226378416736228,7.058450973715817,0
ssnAp,19,1,1.474762607364767,0.6507806499327993,6.1604550328128855,7.035646976234557,0
gatZp,40,2,1.4746966706134725,0.57861283192506,6.1966013895611285,7.107523838108017,0
rspAp,15,1,1.4744523064633495,0.5574455421075718,6.210875571831015,7.106340820203551,0
galSp,11,1,1.4743405977441324,0.5858918490511417,6.208667252431587,7.096121809722225,0
ompRp1,19,3,1.4740484282950925,0.5566289538609643,6.22091721376386,7.1087255077537375,0
cusCp,31,3,1.4739359832405134,0.5801552671994211,6.174216895507385,7.091211672191285,0
tnaCp,28,1,1.4738380470461219,0.645739986709282,6.194724989336897,7.051913068807184,0
xdhAp2,24,1,1.4738351978750162,0.4666315576427012,6.183501374742676,7.160955550045138,0
mprAp,25,1,1.4737484798323055,0.46979688230504996,6.177662150315494,7.164593200735372,0
gyrAp,38,1,1.4735231808338518,0.7405953083348273,6.160529732675339,6.988365831349187,0
galSp,1,1,1.4733909210570448,0.4882844497584418,6.254462660736062,7.156557085598575,0
tolCp1,38,1,1.4733116932495756,0.8427783590993064,6.246676829310552,6.913961537681045,2
ybaY_predicted,38,1,1.4732316346624086,0.6168631271063437,6.279836328705727,7.090585331102731,0
ftsKp2,9,2,1.4731068622882368,0.5512826563877575,6.202327353344289,7.110495349131721,0
ymfM_beeE_jayE_ymfL_ymfR_tfaP_ymfT_ymfN_ycfK_ymfQ_predicted,2,1,1.4730928655659326,0.4995913957217038,6.248145642428373,7.157389612099372,0
xylFp,8,2,1.473045071900812,0.5472655272249796,6.2986692168869665,7.1302419373787185,0
uacT_predicted,12,1,1.4730102590425806,0.5418120288217015,6.190831314312615,7.120958381367812,0
rcsDp,13,3,1.4728970274992783,0.6480014610698767,6.262199518068243,7.074752777056393,0
ygeX_predicted,30,1,1.4728246777579255,0.5254677208931752,6.23459909077906,7.123460299465283,0
rcsDp,24,1,1.4727060940289147,0.49178030650664795,6.197273374309326,7.16400799730309,0
ssnAp,10,1,1.4726909146791187,0.5622179530614985,6.189646705103109,7.105412097254289,0
mcbAp5,37,2,1.4726207804608185,0.4781854252979244,6.216870879532256,7.16738505134591,0
yahL_predicted,22,2,1.4724723885224091,0.5949785038406176,6.229903010429158,7.085147061085986,0
ygfS_ygfT_predicted,30,2,1.4723753580922452,0.6202973230743474,6.173722757172313,7.06246806135402,0
ygeW_predicted,17,2,1.4722738385691114,0.546517489830318,6.191213096351486,7.1169654377380045,0
cusCp,38,2,1.4722459080429293,0.5637723723129077,6.31173230244059,7.116644710878774,0
yadL_yadM_yadC_yadK_predicted,4,3,1.4721806838472113,0.5571507859081224,6.239028275069882,7.127491735775337,0
ssnAp,30,1,1.472179448992988,0.6051561942743812,6.260369369578513,7.088208330837287,0
ghoSp,23,2,1.4721639393569186,0.4924295385100582,6.282756528808113,7.159029752753829,0
ykgRp,5,1,1.4720875150895891,0.5727656348555827,6.221266220025893,7.104820393278562,0
TSS_4654_wanner_regulondb,22,2,1.4719809965227997,0.5607127540519188,6.237716373636275,7.119279600019317,0
tolCp2,16,1,1.4719590129020883,0.735143475927603,6.288364394994366,7.020845115844083,0
hyuA_predicted,13,2,1.4719275817548723,0.4870639480046718,6.257285395875366,7.153825368991429,0
ftsKp2,20,1,1.4719050055769236,0.5047778736904928,6.194955967354947,7.1504549197026455,0
ygfS_ygfT_predicted,20,1,1.4718297769265292,0.5222315720251296,6.228535330059103,7.14380318433379,0
rcsDp,16,2,1.471794097095953,0.7447533750880373,6.231111999125737,6.982522348884704,0
ymfM_beeE_jayE_ymfL_ymfR_tfaP_ymfT_ymfN_ycfK_ymfQ_predicted,4,2,1.4717865596930606,0.6130147378827233,6.266453790914063,7.090297119846557,0
yahC_predicted,25,2,1.471625549708042,0.46467615620856695,6.22015108006773,7.169565879710505,0
ompRp3,12,2,1.4714983143800069,0.5694942834211635,6.200109627166818,7.094920722159483,0
acrBp,25,2,1.471492565220917,0.5283548821871157,6.22089401813855,7.127186202750164,0
yadI_predicted,4,2,1.4714790113645277,0.7620713031170275,6.148339160665819,6.94108174409407,2
ygeX_predicted,6,2,1.47124454214589,0.534278629127895,6.207708207471731,7.12043387035786,0
ompRp1,38,1,1.470996265208313,0.4127514941967165,6.208490538329334,7.200777533338903,0
crpp1,9,2,1.4709129459686705,0.8192501960724666,6.206690839058481,6.955012901253626,2
yadG_yadH_predicted,28,1,1.4708768741056755,0.6136225454701635,6.172836327005651,7.089776188476989,0
crpp1,4,2,1.4707071376408545,0.7057118307851837,6.200952921117274,7.035748244623209,0
hyuA_predicted,25,1,1.4706379035803239,0.5442564408204482,6.295022092003808,7.1252882301486835,0
acrAp,15,1,1.4705324651266565,0.5336861522602597,6.295035983054932,7.144556105202093,0
yqaEp,11,2,1.4705265844367705,0.6415414242048537,6.2128398784635275,7.051853917183458,0
dgoRp,39,2,1.4704849072966422,0.5756938665953754,6.294998481012174,7.117588160374522,0
galEp3,17,2,1.470461860508546,0.5271944458273192,6.14412943101303,7.129452172685636,0
yahL_predicted,16,2,1.4704471474895868,0.5613941213497213,6.22664785588069,7.108409068398693,0
gatZp,24,1,1.4704430827950212,0.5322688996367729,6.132804776617825,7.12447642362793,0
TSS_18061_regulondb,1,1,1.4703912873245406,0.49894027199763447,6.197604738504552,7.154196353861747,0
mhpRp2,21,2,1.4703519701975687,0.5663902739748414,6.1647919918157355,7.091248408279569,0
tnaCp,8,1,1.4702952114818308,0.7438260711061611,6.145673631272035,6.987065687037509,0
yacH_predicted,33,1,1.4702103565017621,0.5936365777062301,6.191385371084111,7.094989775419847,0
yacH_predicted,19,1,1.4700925308716852,0.5380989912553622,6.234978497105638,7.121480133451049,0
lacIp,16,1,1.4699469352229095,0.5159282586179988,6.201207374934151,7.131187010613864,0
rspAp,3,2,1.4698962304069345,0.8292109803288762,6.165500211205607,6.888105761976597,2
ygeY_predicted,6,1,1.469832274691418,0.4980021667005295,6.1734477978850055,7.152803605151293,0
yacH_predicted,22,1,1.4697828347142725,0.48975361139083,6.201039746430145,7.161780745335763,0
rcsBp1,15,1,1.4696166903565528,0.6147245124546198,6.153031188668827,7.093618248630575,0
yqaEp,23,1,1.4695588286546284,0.5332921994939718,6.236712068984699,7.128951153024499,0
ompRp1,3,1,1.4695272354290831,0.5781389897522982,6.23188000196592,7.105485118052911,0
rspAp,19,1,1.4694611170342184,0.6196326909164716,6.232312305793055,7.068435965845218,0
yadE_predicted,5,1,1.469129901096502,0.7484055239051094,6.245157036441697,7.009752141464499,0
galEp3,32,2,1.4690564610438137,0.6206741974474392,6.224628305032345,7.071866485177279,0
ratA_yfjF_predicted,16,1,1.4690450531275732,0.52255274390531,6.216651899192985,7.131541937851489,0
ftsKp2,22,2,1.4690118023796541,0.5498179514555159,6.21623407381818,7.109570065664484,0
ompRp4,13,3,1.4689728843748295,0.6857747524054413,6.179113581498804,7.017607874375091,0
lppp2,20,1,1.4689482642586151,0.604603397482113,6.13399928590872,7.078743887718043,0
yagB_insX_yagA_predicted,38,1,1.468894962057625,0.5498058149916024,6.311556547018013,7.116385221339408,0
xdhAp1,39,2,1.4687490918632482,0.6374761128640485,6.156563585413446,7.033604967716924,0
uacT_predicted,36,1,1.4686616709825453,0.5579329723258277,6.164080058882488,7.120922326014808,0
ratA_yfjF_predicted,6,1,1.4685446548906318,0.4977991330780276,6.239066656168987,7.146875020403625,0
ompRp3,21,2,1.4685165912059788,0.7367310200009888,6.202658011392537,7.02956716704088,0
ghoSp,4,2,1.4684829541417994,0.5803385142197564,6.25182009593078,7.1252009711767785,0
ygeX_predicted,25,3,1.4684644737060584,0.4487237236981302,6.212971039989298,7.182126886968685,0
ybiY_ybiW_predicted,32,2,1.4682980471857794,0.6387045611612423,6.235386091304611,7.0721294045424985,0
yqaEp,16,1,1.468030297173465,0.6837665806585265,6.2469231777785215,7.037882339419546,0
icdC_predicted,22,2,1.4680028081373904,0.4656543819043795,6.202216447668931,7.172903783240188,0
xdhAp2,34,1,1.4679501730028404,0.5276367597247142,6.329293739455189,7.144871930955263,0
ratA_yfjF_predicted,19,3,1.4679499823578537,0.5218049685734524,6.261633596792649,7.141703570884928,0
tnaCp,28,2,1.467908244223925,0.5865848663432021,6.158699765504144,7.067651407457509,0
yqjE_yqjK_yqjD_yqjC_predicted,22,3,1.4677616616008191,0.9427646124544152,6.189112806096464,6.850855224292322,2
yadG_yadH_predicted,37,2,1.4677035213111649,0.5578149745799686,6.307564793220408,7.109743177853654,0
yacCp,25,3,1.4675997856455119,0.7640666102417355,6.214044156274711,6.9815363000511645,2
tolCp3,20,1,1.4675612872237238,0.6961139464001338,6.156128594207438,7.029203466101723,0
TSS_4655_regulondb,38,2,1.4675418133463323,0.533297911429549,6.213407782036688,7.1270998736664755,0
gatZp,12,2,1.4675086052039394,0.5366058838761035,6.22751075914282,7.120162433469082,0
rcsDp,38,2,1.467488414561231,0.5330262314119018,6.206064258401945,7.1178525397452335,0
rspAp,1,2,1.4674575279524136,0.8099785924377501,6.251003806701885,6.9180263498520365,2
xdhAp2,18,2,1.4674437418642694,0.5154904731578597,6.223401148144044,7.128434040478048,0
tfaE_stfE_predicted,35,1,1.4673182717519746,0.4890851247347012,6.2189637592048586,7.162470477250326,0
mcbAp5,3,2,1.4672852701208599,0.5877210931574575,6.168341268155194,7.102667498289812,0
xdhAp2,19,3,1.467252993322845,0.625689746987766,6.217812404629261,7.0741356334057155,0
yadL_yadM_yadC_yadK_predicted,32,2,1.4671722271908172,0.6751136844037084,6.1996946071432,7.022532577231255,0
ompRp2,19,1,1.4671635540063688,0.5139231830954797,6.210650272174943,7.130093030513258,0
cusCp,14,1,1.4670276515292948,0.5018310440779389,6.1983807164351425,7.139071881817818,0
yahL_predicted,15,3,1.4670147546398937,0.5862554827132413,6.262857276703711,7.102206589719126,0
ygiW_predicted,20,2,1.4669962439549935,0.5361652784837617,6.2210783325904115,7.11286979834216,0
TSS_4655_regulondb,10,2,1.4669698492497292,0.5432562913596106,6.338159175043013,7.13260750989288,0
TSS_18061_regulondb,14,2,1.466922246690093,0.5777367663993723,6.282953570878713,7.105300524882177,0
yahL_predicted,14,3,1.466856004403914,0.6012993195522942,6.312655811030621,7.100862162247031,0
marRp,16,1,1.4666887918580198,0.8038982216328949,6.209065269991078,6.973788681788153,2
pheMp,15,1,1.4666269684007502,0.6349634395937374,6.171260521861381,7.03587319309523,0
galSp,40,3,1.4666159321866106,0.5479527726969435,6.236983670187865,7.1147100099201595,0
crpp2,16,2,1.4665781885731368,0.7665221636212075,6.172398058911219,6.988031460575613,2
lacIp,23,2,1.466518496799262,0.9190344034324313,6.229822726279725,6.891913141068629,2
mhpRp2,16,2,1.4664320173980623,0.5483348984817421,6.15326049951696,7.0917076668186745,0
TSS_18061_regulondb,40,2,1.4662542282206144,0.4926740202517444,6.2212289661190034,7.154747192832346,0
tabA_predicted,6,2,1.466192215951283,0.5178478492910852,6.190715180239293,7.139558166172742,0
acrBp,19,2,1.4661815854978422,0.5915946829231439,6.212220380484612,7.092249187821903,0
lacIp,8,2,1.4659638488046045,0.7932561349356684,6.189978086028579,6.947771222942273,2
acrBp,4,3,1.4658722716716328,0.5372647981108791,6.235826542463507,7.130445936608517,0
ssnAp,35,2,1.4658355080690375,0.5638290742977663,6.241366784278565,7.1030590590378,0
tnaCp,37,1,1.465734396717079,0.7086374590433414,6.226155358610128,7.004865805193461,0
galSp,36,1,1.4657324235341451,0.5107819833838071,6.2451426647966075,7.145291378058332,0
dgoRp,35,1,1.465669611291723,0.6971372204649088,6.202974495870834,7.0186139843771755,0
araBp,4,1,1.4656298990695675,0.4494986605061509,6.258998857645917,7.193670710483264,0
ompRp3,33,1,1.4656166807067839,0.5002842155471154,6.202514000526827,7.148905511383363,0
yadI_predicted,15,2,1.4656065282444506,0.5770103404040273,6.251843734609896,7.111136752961079,0
lpp,25,1,1.4655574326862797,0.7017703043481465,6.169757252372487,7.022874803765411,0
mcbAp5,17,2,1.4654841410048494,0.4742984885365911,6.154763632920257,7.165082451970148,0
crpp2,25,2,1.465245152778124,0.46710135566311445,6.237628206056311,7.177595962655005,0
yqaEp,11,1,1.4652056842198826,0.5119325869207662,6.198819288881895,7.13997290420601,0
ompRp1,14,1,1.4651582347363372,0.5866062669928609,6.223797116194134,7.082789494880959,0
ygfS_ygfT_predicted,3,1,1.4651205782357686,0.5194634821027383,6.241404541514106,7.123621273167967,0
cpxRp2,14,1,1.465109993838151,0.6491121956415703,6.2079602964600085,7.05629761360694,0
icdC_predicted,21,2,1.4650316707552025,0.5527208072521022,6.225301474058278,7.126867959072726,0
ygiW_predicted,18,2,1.4650173037062273,0.6479969524117426,6.158460816875783,7.046540841068457,0
dgoRp,36,1,1.464986373523488,0.7762516169149642,6.210763959054308,6.994958674172129,2
ybiY_ybiW_predicted,11,2,1.464971393544804,0.6993495339993148,6.22177246902659,6.9817197171423295,0
tnaCp,41,1,1.464798204797581,0.6733335587488051,6.16895140565233,7.036759069834485,0
ratA_yfjF_predicted,15,3,1.4645493307296398,0.48580732209161126,6.216457587585422,7.153082226569355,0
gatZp,12,1,1.4645427865601768,0.502907334889043,6.178238951303798,7.144358550094172,0
yacCp,25,2,1.4644161308977497,0.6050456270911277,6.1241411987929775,7.075973135539877,0
mtnp,31,2,1.4642614133646623,0.6319447408434966,6.235848038787232,7.047417895370519,0
ygfS_ygfT_predicted,34,2,1.464237855537296,0.5531593028084604,6.231181000746434,7.124438755172008,0
ygeY_predicted,24,2,1.463654829255781,0.5524519979613264,6.174876346101708,7.101907330803506,0
ratA_yfjF_predicted,8,1,1.4636146333280302,0.5651870125474029,6.225947264414611,7.104165044472319,0
intE_xisE_ymfH_predicted,35,1,1.4633610725165882,0.4543692871970151,6.2230570077124705,7.1790537972206385,0
ompRp1,30,1,1.4633315082621716,0.6753799005574687,6.217339686531646,7.04927096482014,0
xylFp,25,3,1.4632944907308623,0.5389607386836988,6.2679667750762675,7.1300475947204545,0
lppp2,8,1,1.463262000365177,0.6527879041048015,6.320286739615473,7.076391563236761,0
cpxRp2,24,2,1.4630871393415812,0.5175371269913076,6.239992949227217,7.1396564487539536,0
ykgRp,20,1,1.462939018030742,0.761098040024246,6.193611234934096,6.972180171565255,2
rcsBp2,22,1,1.4629073177341563,0.5829746008932191,6.115421140929736,7.084690105567347,0
yqaEp,18,1,1.4627347177485481,0.6165034251612543,6.184644983179275,7.08121558609145,0
yqaEp,31,3,1.4626174561330427,0.47825103339649067,6.214965950148445,7.162469161402154,0
ecnBp,30,1,1.4625356400155995,0.47366830276439537,6.204527588794107,7.164942074839242,0
dinQp,25,2,1.462530410466802,0.6007738867367425,6.216592096223511,7.068470442488675,0
ecnBp,20,1,1.4625003789121334,0.6220562268787504,6.185919080305733,7.071092893609837,0
ygiW_predicted,30,1,1.462469146572183,0.5246988261950715,6.200434898626579,7.133277888197216,0
dgoRp,20,2,1.4622163661716974,0.4596802409358853,6.248486275002962,7.171684153597737,0
ygfM_xdhD_predicted,8,1,1.4622139229450364,0.572357997086957,6.164644712180652,7.088010901976326,0
gyrAp,28,2,1.4621924585581192,0.6501177532548984,6.202004977164954,7.051766420312456,0
crpp1,38,1,1.4619465374626262,0.7681750934544638,6.197668958784087,6.915349521208141,2
yadL_yadM_yadC_yadK_predicted,22,3,1.4619406686675525,0.5691090704071078,6.1786895584466635,7.105293813329856,0
gatZp,16,1,1.4617991777801458,0.6141210029919086,6.251917662401825,7.09985914183927,0
rspAp,25,3,1.4617852075111808,0.6043417157987467,6.231475288991515,7.076211986911022,0
yjbJ_predicted,17,1,1.4617653549384377,0.4998196571157034,6.201426661639514,7.153112430576255,0
yncEp,13,1,1.4616148736022516,0.6240180382343169,6.200701207956165,7.095204454405471,0
TSS_1414_storz_regulondb,2,2,1.4613223068745045,0.6824356186688258,6.228422389619077,7.0212505678050725,0
lpp,5,1,1.4611759669233064,0.797682602418658,6.224322669775267,6.955401038288807,2
rcsDp,7,1,1.4611360295684244,0.5671451631758165,6.149354757464987,7.1276565468551025,0
mcbAp5,10,1,1.4610859122448172,0.5559394821314301,6.192842356846116,7.118298380314091,0
dinQp,4,1,1.461084989544893,0.5549866805788434,6.2327289450786525,7.129928105964087,0
hyuA_predicted,31,3,1.4609192128565223,0.44359268265582497,6.246353769361692,7.182337787736805,0
tfaE_stfE_predicted,15,1,1.460822940294624,0.4721293684773646,6.171946017641379,7.157919257227244,0
TSS_18061_regulondb,36,2,1.4607945578626018,0.5590719063509365,6.192174219607291,7.099274103995845,0
dinQp,13,1,1.4607629792005798,0.7913760009175197,6.209041331112408,6.938045262175062,2
ybiY_ybiW_predicted,16,2,1.460742966191515,0.5451259241431782,6.2073890828377465,7.109633447932333,0
lppp2,16,1,1.4606260658527055,0.5681215665120496,6.25063373578474,7.111126034952154,0
elaBp,30,1,1.4604609860059221,0.46455930124875244,6.16293806730798,7.1655665652290965,0
TSS_4655_regulondb,17,2,1.4603390795164033,0.4728010601406972,6.1249712222793296,7.162618611057439,0
yadG_yadH_predicted,32,1,1.4602135301346122,0.5107777950300493,6.212463367328912,7.140458733777231,0
yncEp,3,1,1.460088288765823,0.7080024474028337,6.22795214648956,7.027270475374211,0
ygiW_predicted,3,2,1.460080291873613,0.5053948491702178,6.206419903783885,7.143318263664446,0
yadL_yadM_yadC_yadK_predicted,36,1,1.4597305809781222,0.5256108389169362,6.2239206534418265,7.128481451288633,0
yadI_predicted,19,3,1.459621829128621,0.7380603844294926,6.253131151021867,6.974456039928478,0
xdhAp2,6,2,1.4595075529464743,0.5821271555500206,6.2227234690722595,7.104209066218112,0
ssnAp,21,1,1.4594212027043638,0.6383749596345879,6.176558006712004,7.069521797428498,0
lppp2,9,1,1.4594097010323845,0.4811832258418992,6.194447846776402,7.153856665881509,0
ygeW_predicted,29,2,1.459409424807926,0.6120412093731802,6.250694281352094,7.082772373923569,0
hyuA_predicted,22,3,1.4593765817089672,0.6013238915474775,6.198322558172384,7.058513202347077,0
xylFp,16,1,1.4593744089154264,0.6020370664306872,6.270058315175508,7.087429998537461,0
araBp,19,2,1.45933471275664,0.5091108773188606,6.199235911232521,7.148487254978553,0
ygeX_predicted,18,2,1.4592796003267243,0.6591151064440642,6.241090709184463,7.092002021409847,0
dgoRp,3,1,1.4592740849004897,0.7113847372898462,6.195879897858851,6.988401855891487,0
rcsBp2,17,1,1.459119476670954,0.7091809246464957,6.266119999213048,6.9836004201432,0
ompRp2,8,2,1.459006765620472,0.6998538585043174,6.215451451186237,7.005360999470229,0
ybeDp,14,1,1.4589514148887224,0.9750376301396867,6.20533970960145,6.845069471879202,2
TSS_6311_regulondb,31,3,1.4586909283651721,0.5273590382812797,6.182892672545748,7.117873461907481,0
ompRp1,24,2,1.4586536941297006,0.574133937911951,6.227129300962274,7.107422216046162,0
mhpRp1,14,1,1.4584938170760842,0.5518932825219588,6.200237178641731,7.109414585904555,0
yadL_yadM_yadC_yadK_predicted,14,2,1.4584048403168302,0.658949311382364,6.237513587464358,7.06027528260803,0
yjbJ_predicted,9,1,1.458366471352197,0.48432311370925796,6.2272177272228415,7.1617379389285345,0
mcbAp5,36,1,1.4582741734734601,0.6151620563115328,6.160756432482433,7.089421835773537,0
ymfM_beeE_jayE_ymfL_ymfR_tfaP_ymfT_ymfN_ycfK_ymfQ_predicted,13,3,1.458170287113643,0.5376914819899831,6.2499333274441184,7.117922071517286,0
ygeW_predicted,25,3,1.4581408912642122,0.4674697949243397,6.200148630292349,7.1721269213242245,0
ldrDp,20,1,1.458021281659027,0.4800675736793865,6.160314899505404,7.165571509590725,0
xylFp,8,1,1.4580209855470165,0.5541802787972894,6.277523728201455,7.115667140594404,0
gatZp,34,2,1.4579667726195205,0.5670556329274447,6.235361377685834,7.109934046920424,0
ygeX_predicted,12,2,1.4578177295489954,0.5068457687212146,6.245252510194728,7.1376526026820475,0
yadN_predicted,22,3,1.4577960033340498,0.5562145629247606,6.233476199986219,7.111698242525065,0
TSS_4654_wanner_regulondb,9,2,1.4577411864199745,0.5547338131074231,6.25240651839779,7.124667653476808,0
TSS_4654_wanner_regulondb,18,2,1.4577124176349159,0.498673772277634,6.134383627130838,7.14768237700844,0
mglBp,15,1,1.4576428795550134,0.44629949183103707,6.223505708061739,7.1823060298783625,0
mtnp,25,1,1.4575680616671423,0.6694938635300633,6.240343883425269,7.038917445843653,0
ompRp4,38,1,1.457524635389502,0.6295587434248703,6.1869440020235995,7.08196571500279,0
acrBp,17,2,1.4572939709985242,0.574087690559107,6.250305505330883,7.101969335050179,0
tolCp2,22,1,1.4572578339272226,0.5701951251746236,6.2406455281542925,7.115643932011307,0
crpp2,19,1,1.4571810558100462,0.5753396523398898,6.231743726899131,7.122731239611193,0
yqaEp,33,1,1.4570736112183773,0.5954080040290667,6.273912932430662,7.094242871771803,0
xdhAp1,39,1,1.4570398318648463,0.5283945394676393,6.154717924635302,7.124151941175029,0
gyrAp,19,1,1.4569898594537707,0.6048710431262256,6.220430681024068,7.092221752002219,0
ompRp1,33,1,1.4568413486670386,0.5567383493455941,6.189148399058698,7.1065197007212175,0
ygiW_predicted,14,3,1.4568205812681556,0.9282597826532589,6.198061207957677,6.8342438231696185,2
tfaE_stfE_predicted,9,1,1.45679241661786,0.5011347015548063,6.198734453915343,7.142113746765178,0
yqaEp,30,2,1.4565100649439138,0.8588202561397184,6.188086297265546,6.887321987784136,2
ygeW_predicted,4,3,1.456400113941927,0.544522534908131,6.15959957619569,7.1007981651343135,0
yagB_insX_yagA_predicted,19,2,1.4563347635595818,0.45018981761646537,6.218302049513692,7.172870058925998,0
rcsDp,34,2,1.4563138416902746,0.6500526647144931,6.175241397752531,7.076489256932309,0
ompRp1,38,3,1.4562904395487875,0.5785954006162417,6.275731595214316,7.1112036727029615,0
xylFp,12,2,1.4562185639381664,0.5353025598430852,6.3113048260772775,7.134702204879433,0
ecnBp,30,2,1.4559304230290921,0.6354656217540775,6.272538030869019,7.078782584924113,0
mcbAp5,29,2,1.455866167621808,0.5287785524003847,6.186963794690508,7.132296562046159,0
mhpRp1,20,2,1.4558557846439706,0.4950034821161446,6.242335602870229,7.143540204000975,0
cusCp,2,2,1.4557270371688762,0.5511113756287739,6.182045494568344,7.112545841218756,0
gatZp,34,1,1.455577108687893,0.48221519459339823,6.200810191298398,7.16170862631518,0
TSS_4655_regulondb,20,2,1.4555183071485818,0.47230109331771103,6.181667416738344,7.171411013239289,0
galEp3,19,1,1.4554311699267972,0.5375093807523298,6.255690901975722,7.132629848502458,0
ftsKp2,23,2,1.4553721129486517,0.4869341236782427,6.301452762428671,7.16563619366992,0
lpp,15,1,1.4552447389398393,0.4371984953111957,6.143382439320221,7.182889443612335,0
yagB_insX_yagA_predicted,24,2,1.4549299386516372,0.5472612083529231,6.230041694589661,7.1236636939291405,0
ompRp3,34,1,1.4549123807213438,0.5566373659944522,6.207634549104224,7.11348281329192,0
ratA_yfjF_predicted,41,2,1.4548416648268316,0.6166454311960446,6.141491888566566,7.061383065857502,0
ygeX_predicted,38,2,1.454704125158346,0.513920712244343,6.22664108378582,7.139760834619581,0
galSp,33,2,1.454683488937503,0.6224875747187036,6.214040833297004,7.076644063317203,0
mhpRp1,15,1,1.4546277200105817,0.6506269762956322,6.18915692646853,7.0283617109594765,0
ybiY_ybiW_predicted,40,2,1.4546061419535743,0.5592309800607234,6.2988571447294905,7.1263758918499995,0
intE_xisE_ymfH_predicted,11,2,1.454588238966521,0.5342609104657383,6.252719987013403,7.112746471786593,0
yagB_insX_yagA_predicted,3,1,1.4541550474498566,0.5981510558803895,6.172687929805288,7.065797880969702,0
ldrDp,16,1,1.454138120919138,0.5650896124078707,6.22749073648433,7.100964657897551,0
mcbAp5,35,2,1.4540234735483888,0.6742811596640459,6.200472011692218,7.085116055060483,0
dgoRp,4,2,1.4539673257839838,0.5755926007187726,6.237724737133692,7.095476264344052,0
yagB_insX_yagA_predicted,32,1,1.4539233799998061,0.6574730789472022,6.278258548504024,7.071308343851996,0
TSS_6311_regulondb,31,2,1.453886312685031,0.6693471126432355,6.210771694364852,7.045774506970131,0
yjbJ_predicted,32,2,1.4538689858157414,0.5855967037160174,6.1860165489744094,7.079887197029723,0
ygfM_xdhD_predicted,10,1,1.4535956618571269,0.5846634513547581,6.174504681394625,7.071918231938528,0
xdhAp2,4,3,1.4534304286897692,0.5450212423470684,6.2253514337629525,7.126809081097713,0
intE_xisE_ymfH_predicted,8,1,1.4534171414265595,0.7727887445577801,6.215566051667725,6.9948306362985555,2
yadL_yadM_yadC_yadK_predicted,18,1,1.4533709150755107,0.6456306736230857,6.261963701775075,7.058869269449274,0
cusCp,7,2,1.4533237441037927,0.5221593593163067,6.258920544600803,7.1231591274400206,0
cpxRp2,22,1,1.4532022857333986,0.5672785579102996,6.216598419809146,7.105026388500773,0
tolCp4,20,2,1.4529223451192785,0.5905337757178593,6.247808751094084,7.095587241137698,0
xdhAp2,25,3,1.4529209965282188,0.5113172491892988,6.280271676158277,7.144101542457749,0
yacCp,14,1,1.452841513818253,0.7947381040334739,6.191189246277935,6.932597391487046,2
galSp,16,1,1.4528142064881686,0.6046304291618769,6.2011062455588455,7.079114597865245,0
yacH_predicted,20,2,1.452790227029643,0.5368319652522775,6.229516526730107,7.119081010934452,0
icdC_predicted,21,1,1.4527874339952096,0.5396366275478987,6.220702429639654,7.1289466785791475,0
xylFp,7,1,1.4527577534896106,0.5321189745544243,6.327541463767993,7.1382232703295125,0
ygeW_predicted,22,3,1.452721986252991,0.4953421347076017,6.294697972601069,7.160181126450155,0
mcbAp5,28,2,1.4527142597210565,0.5266822228572214,6.202507381071652,7.141085975426138,0
tnaCp,15,3,1.4526981357290538,0.740329808560325,6.201433030068368,6.990683263207185,0
ftsKp2,33,2,1.4526934211796982,0.7161522474911008,6.168804992011859,7.032697827715113,0
hyuA_predicted,19,1,1.4526465685852454,0.4853036267947051,6.30216994151486,7.143491594787991,0
yadL_yadM_yadC_yadK_predicted,33,2,1.452622562645671,0.6976846389655318,6.274150824296478,7.035132768320651,0
TSS_4655_regulondb,28,1,1.4526011057328139,0.45389039167880774,6.272080763450838,7.180728381827124,0
TSS_4654_wanner_regulondb,34,2,1.4524791176438758,0.47041439096611964,6.2793175242477,7.16783366402494,0
elaBp,20,1,1.4523085882091475,0.5709530469502281,6.220231819907206,7.098251354679912,0
ygfS_ygfT_predicted,18,2,1.4522650068079597,0.5823035736627619,6.33120415460359,7.108408903873051,0
ygeX_predicted,36,1,1.4522417057120178,0.4545533515304491,6.1976532996428775,7.17722987198506,0
rdlDp,20,2,1.4521073037228038,0.5533000036496908,6.2110185104048234,7.1113425850206164,0
ygeX_predicted,28,1,1.45165373489771,0.4791752464101041,6.2226904120587605,7.162162352571247,0
mcbAp5,39,1,1.4516246932933585,0.5540203378243592,6.211366462622845,7.116277889222817,0
crpp1,19,3,1.4515253793167517,0.7377710236169234,6.238696876450462,7.005042693844795,0
ratA_yfjF_predicted,38,3,1.4514482409903393,0.49430587500466067,6.31114284371926,7.156705697901822,0
ymfM_beeE_jayE_ymfL_ymfR_tfaP_ymfT_ymfN_ycfK_ymfQ_predicted,6,1,1.4514219913825737,0.47370873827859644,6.330279556384695,7.167868833780938,0
tmaR_predicted,31,2,1.451404701663383,0.7227212680158388,6.205576820954893,7.019358098211991,0
kbpp4,24,1,1.4513154227238418,0.8016170960191744,6.2197885685102,6.959916178331493,2
crpp1,2,2,1.4513080218180905,0.6769990551528422,6.226794862994673,7.041643457676596,0
yagB_insX_yagA_predicted,19,3,1.451284576691479,0.6291732495088865,6.240887266426071,7.077024238518291,0
icdC_predicted,3,1,1.4511424309026388,0.5347587271993836,6.2265204956582965,7.129511842972136,0
TSS_4654_wanner_regulondb,38,3,1.450925286878658,0.4764944996677178,6.2175276377650945,7.142447436195049,0
acrBp,3,1,1.4508740321005218,0.5767167978932414,6.206520197922004,7.083435042022802,0
rspAp,8,1,1.450851526820494,0.947083474064448,6.174853230831191,6.800244752421879,2
ompRp3,11,2,1.450845240071494,0.6894292819767437,6.1772485719077,7.045090751688216,0
yqaEp,21,2,1.4507946408799235,0.6204771440847302,6.196302328696433,7.070759835610719,0
marRp,22,1,1.4507617428193185,0.5634112812600578,6.245754227465236,7.123578177997422,0
xdhAp2,36,1,1.4507561115943073,0.6381908881840985,6.228875894268447,7.073140126381876,0
gatZp,11,2,1.4507038889944623,0.4492978013763781,6.315460194966677,7.182356414252157,0
TSS_18061_regulondb,8,2,1.4505701774983044,0.5088589713814639,6.143217138244833,7.115396322583217,0
yacH_predicted,29,1,1.450569164891237,0.5596016512225742,6.3550991134353705,7.118515199181333,0
ybiY_ybiW_predicted,22,2,1.4503920123460408,0.5175969801718434,6.146700015891157,7.147467751199884,0
yacH_predicted,4,1,1.4503757374582433,0.6460426034024325,6.194324210173585,7.035412115763022,0
galSp,2,2,1.4502844353540574,0.49021846012276843,6.244689411004594,7.144187403362293,0
acrAp,31,1,1.4501369137145665,0.6225315715826476,6.213267839906912,7.067418138964702,0
galEp1,15,1,1.450092862249333,0.6542391178912729,6.2574279995873985,7.068797539705727,0
ompRp3,6,2,1.4499346486184401,0.4657074378210113,6.239290719548428,7.16654074514914,0
galEp3,37,2,1.4498715262145205,0.5573465722805995,6.234255889321295,7.10298191385199,0
TSS_4654_wanner_regulondb,16,1,1.44982066153246,0.5596135157032104,6.234858520965113,7.107650126594878,0
rdlDp,19,1,1.4497082268973982,0.6241271186621475,6.280059934259752,7.08740824627136,0
uacT_predicted,32,2,1.4497071585100325,0.5943505709481801,6.228234303911618,7.0908955671717235,0
ygeY_predicted,32,1,1.449613961503203,0.5741882489836667,6.1822417708590685,7.0944951734998405,0
ftsKp2,15,1,1.449564528369332,0.5614769469360141,6.108660145924036,7.107567209855839,0
dgoRp,15,3,1.4495019768610242,0.5491139011754931,6.2231507254175185,7.116691989873431,0
ygfS_ygfT_predicted,6,2,1.4494957055369433,0.6582837593949682,6.141914884682951,7.0068501890872,0
mcbAp5,25,2,1.4493286632225564,0.4715683282839809,6.217401921859171,7.169809255153531,0
ygeW_predicted,4,1,1.4491742657634772,0.5257339468982182,6.212776881540933,7.131289534431413,0
ygfS_ygfT_predicted,2,1,1.4490503338741878,0.7033868876450143,6.19812062093407,7.033004261220633,0
hyuA_predicted,21,2,1.448955600012374,0.5778587388118143,6.265185654536408,7.10587779539699,0
lpp,38,1,1.448940633981506,0.6544149919347497,6.204659574606149,7.0495647351690875,0
yadL_yadM_yadC_yadK_predicted,3,2,1.44888414158524,0.5557996131211506,6.223692246939082,7.102697463183501,0
mhpRp2,9,2,1.4487929797903514,0.6820933669773921,6.251313616983473,7.027983008590814,0
ompRp3,1,1,1.448734169180717,0.6120025599002725,6.269351073815692,7.085854020856659,0
ygeW_predicted,30,2,1.4485592328889532,0.525922130903582,6.229651379663679,7.137362558910736,0
xylAp,25,2,1.4485170836006018,0.5603188596512547,6.229443479607834,7.107532063057972,0
acrAp,25,2,1.4484739132420235,0.4805212697411897,6.2064830923260725,7.158508070164494,0
ygeW_predicted,36,2,1.448386989810159,0.6798956839309453,6.252434901802927,7.033330293504957,0
mhpRp1,28,2,1.4483677019789052,0.5068760848315559,6.234673291440768,7.146272150359818,0
intE_xisE_ymfH_predicted,22,3,1.4483277811600184,0.5243492642026742,6.211667994577207,7.134621566134715,0
yjbJ_predicted,5,1,1.4483126179497057,0.5049877829000653,6.2363772612411985,7.1439393979667365,0
intE_xisE_ymfH_predicted,16,1,1.4482792736835994,0.5491350182640777,6.326177713671081,7.128286186837739,0
TSS_1414_storz_regulondb,8,2,1.4482476210908615,0.6036904972043522,6.288512912688505,7.065204886215806,0
yncEp,15,3,1.448177512487479,0.5504861215225182,6.262388333528932,7.113001926326369,0
TSS_4654_wanner_regulondb,3,2,1.44811744993338,0.49825073384708146,6.1514161738834865,7.14484852252389,0
ykgRp,41,1,1.4480719428336792,0.8038639417143414,6.214241690801602,6.919241931206859,2
uofp,38,2,1.4478008948905374,0.47281295659111156,6.263639241265116,7.169065197822351,0
tfaE_stfE_predicted,28,2,1.4477911483233947,0.5200814238353432,6.1877789289883935,7.1442819426699575,0
intE_xisE_ymfH_predicted,34,2,1.447471738776996,0.5022087024519682,6.182876212310644,7.146808226896881,0
crpp1,34,1,1.4474505829568314,0.8385083745087787,6.2017083588632484,6.936922674035297,2
crpp1,12,2,1.44744090777708,0.731950781961188,6.163308757899277,6.993193347161774,0
TSS_6311_regulondb,16,2,1.4474206216423793,0.5651113267156951,6.2152914181815655,7.094688849622103,0
relBp,38,2,1.4473986643233865,0.6137427069951469,6.249361665216839,7.088233019465156,0
yahL_predicted,25,3,1.447360573532954,0.49372641785021953,6.23170414005222,7.151483186541212,0
ykgRp,21,2,1.4473448962312212,0.6343914350313999,6.280604618265735,7.085189253921094,0
yacH_predicted,2,2,1.4472574059393113,0.6551826783742141,6.251039638219608,7.062581583710154,0
ompRp3,38,1,1.4471502837459256,0.7637495831999815,6.273369431766815,6.977255157302002,2
dinQp,38,1,1.4471163636726325,0.6409471213079488,6.217039466710708,7.055583278441032,0
yadI_predicted,24,1,1.4471132097734543,0.5894799680571446,6.2777788213737,7.108354558089074,0
ygfS_ygfT_predicted,12,2,1.447087883315463,0.4491555878086179,6.270733916369037,7.18688003622728,0
lppp2,25,2,1.4470091034206094,0.5080138682568386,6.197299486575707,7.146085179104131,0
rspAp,30,1,1.446987245284561,0.5824879285936313,6.283602640618856,7.104608491538125,0
gatYp,21,1,1.4469207531342367,0.5773654059086996,6.304114382971609,7.124699944110846,0
yadG_yadH_predicted,6,1,1.4468325775963606,0.4975846227673016,6.234952088927949,7.128420135097769,0
ftsKp2,16,2,1.4468253534164954,0.5491540649437219,6.2006921422363686,7.135498992389952,0
mglBp,22,3,1.446725429427523,0.753994682970064,6.225418567740177,6.9416910673351735,2
TSS_18061_regulondb,15,3,1.4466420061141965,0.6376516997099003,6.208217010592788,7.053466104344107,0
ybiY_ybiW_predicted,17,1,1.4465819051858304,0.6237982399815284,6.239821082106091,7.071693584465869,0
sulAp,15,3,1.4465742842725542,0.8027580513208276,6.215700676514031,6.918772608918938,2
xdhAp2,2,2,1.4465474427880483,0.5841652405607716,6.187103919292311,7.087892112494548,0
yadI_predicted,3,2,1.4463912935045709,0.4636637805903606,6.179761829442329,7.164873736324123,0
TSS_18061_regulondb,36,1,1.4463873570126282,0.4764650266367822,6.239450291646908,7.167578724046959,0
xylFp,14,1,1.4463267462964298,0.5901938879679942,6.254916513000213,7.103682854943048,0
dgoRp,17,2,1.4462630403767274,0.4896251529786727,6.201913023938481,7.1528591798848415,0
ygfS_ygfT_predicted,25,3,1.4460895089909023,0.5610921924377895,6.200832052258715,7.08905625117754,0
acrBp,6,1,1.4458427592038476,0.5006279331414102,6.2853046735615195,7.153612290919073,0
ygeW_predicted,2,1,1.445824620821067,0.5918033090396431,6.183571091682465,7.078358243295144,0
ybiY_ybiW_predicted,15,3,1.445782871190413,0.6450553367890094,6.30703510880637,7.064241263018044,0
ygiW_predicted,33,2,1.44572520421381,0.5391992753879803,6.198056010168635,7.120383662069212,0
ratA_yfjF_predicted,30,2,1.4456962344155748,0.5593482082881461,6.292862786911386,7.116684140340932,0
tnaCp,35,2,1.4456867090958467,0.6839341756308815,6.211447324405152,7.031180086558997,0
hyuA_predicted,39,2,1.445650548350375,0.6202241443007623,6.228487739758279,7.094741414290882,0
ftsKp2,8,2,1.44552974851163,0.6489993784740373,6.226159894378698,7.024668353356616,0
kbpp4,15,1,1.4454951579270185,0.5674624775763776,6.288083516658421,7.1083081165727044,0
acrAp,16,2,1.445474902176384,0.43164181703372184,6.241778344599539,7.189174784625957,0
acrAp,22,2,1.4454586464829362,0.556472514150357,6.224780860339376,7.100851689288854,0
mcbAp5,28,1,1.4453513221188574,0.6639039274729347,6.178581540960922,7.019854217043149,0
acrBp,14,1,1.4451429842353962,0.5304657309011828,6.314275182391031,7.133089434343778,0
TSS_4655_regulondb,40,1,1.4451260357007651,0.5282086634116998,6.235067019860776,7.141503031120771,0
ybiY_ybiW_predicted,39,2,1.4450653308544226,0.6294303404360481,6.317955096519306,7.113352209507715,0
yqaEp,23,2,1.4450060411840895,0.5493410295393499,6.206860569039569,7.107299850982088,0
TSS_18061_regulondb,33,2,1.4449387538231389,0.48343701585251614,6.297147336334993,7.16289106483382,0
yadI_predicted,2,2,1.4448695366429105,0.6285949529831103,6.29519660119271,7.089385025864349,0
yjbJ_predicted,38,2,1.4447367814952423,0.5714456098847969,6.271223724398536,7.102347453038825,0
rcsBp1,4,1,1.444477598135011,0.6588951343339026,6.228168877424887,7.056004520830345,0
ykgRp,34,2,1.4444704918691837,0.7930309285469498,6.21294372770336,6.932052740618557,2
tnaCp,18,1,1.4443619027772112,0.6725327932204811,6.17906827118325,7.029219142179192,0
tnaCp,5,2,1.4443500243048815,0.7013030772840998,6.247897400785442,7.0229792560863515,0
yncEp,25,1,1.4442694722923943,0.5594276658114392,6.268779619954168,7.125811611875508,0
galEp3,16,2,1.4441570124342367,0.5457744834566093,6.3308013768021,7.141296099362085,0
ygfKp,31,3,1.4440781491428187,0.5758947270055195,6.236985789541366,7.091586539478209,0
dgoRp,7,1,1.4440017782598757,0.5074823612678226,6.25061711168603,7.144342785371922,0
TSS_18061_regulondb,29,1,1.443943264872016,0.5489461299861983,6.246614144261695,7.1123994496143865,0
TSS_4655_regulondb,23,2,1.4439210926654202,0.6746688688474332,6.282613077781694,7.022228100596628,0
sohAp,22,2,1.4438468939335056,0.5234722649329683,6.243730478515895,7.127478569726812,0
intE_xisE_ymfH_predicted,38,2,1.4438056989163455,0.47500986856823024,6.19705148192288,7.163619330332356,0
gyrAp,15,3,1.443739165185006,0.7460872474012138,6.221825220084264,6.99573663487886,0
ssnAp,32,1,1.443685467860853,0.5932260786224414,6.22212426257745,7.091515800192436,0
mhpRp1,19,1,1.4436577575956433,0.5046871079733184,6.226086330161808,7.142657036630741,0
TSS_4654_wanner_regulondb,38,1,1.4436322938844754,0.5454884782427706,6.261180920244909,7.113456899028696,0
xylFp,36,1,1.4435369451888271,0.48441016948785287,6.243145057534754,7.155784086031058,0
dinQp,7,1,1.4434158116372,0.8146293299444275,6.243028894252934,6.937223914924974,2
lpp,30,1,1.4433874215246667,0.7419334695109125,6.209789295465261,6.998949573861319,0
ldrDp,20,2,1.443348191122445,0.490363455414749,6.160991964990772,7.149370109747126,0
ygfM_xdhD_predicted,24,2,1.4433003897558234,0.48563811836051246,6.2447654756596975,7.15719668165387,0
xylFp,28,2,1.443201772212489,0.6058698380073645,6.18354199222572,7.063156929038948,0
ompRp2,4,2,1.4431158145725418,0.6670607812841133,6.277525737708024,7.037346298452856,0
ompRp1,37,2,1.4430638610025708,0.5887924778978949,6.289306201636208,7.095650632324423,0
tnaCp,40,3,1.442927549031055,0.7069363439455729,6.202106711737436,7.012044707954847,0
ygiW_predicted,33,1,1.4428860791849596,0.6097157646654331,6.2211368662495365,7.064464578255041,0
yacH_predicted,9,1,1.4427723079326062,0.5076311305161544,6.231371846670997,7.147582439851935,0
yqaEp,36,1,1.4426820868326429,0.6443175276879324,6.227172672061872,7.056156049672886,0
gatZp,25,1,1.4426697372504966,0.4382446229210268,6.256429417560292,7.184117396777527,0
crpp1,37,1,1.4425162025297598,0.7552362757151427,6.190867902637919,6.959479996419205,2
ygfS_ygfT_predicted,32,2,1.4423715482776633,0.4828967903311658,6.368509771354758,7.173179517337494,0
sohAp,30,1,1.4423630205076168,0.6295031126274934,6.215819158682775,7.067100669499499,0
TSS_4655_regulondb,15,1,1.4423281381151911,0.5607323988009042,6.129954768056676,7.107973904132781,0
rcsBp2,38,1,1.4421987596633685,0.6700776426221636,6.242096778346906,7.047076022426116,0
yadN_predicted,36,1,1.4421141255145666,0.5914625407647558,6.260209343840313,7.096518741619527,0
tnaCp,1,2,1.4420880553769382,0.6380592330587647,6.184345460550189,7.054500591384773,0
yahL_predicted,22,3,1.4420319009553781,0.5571683886479536,6.212460137892764,7.109433321121465,0
ykgRp,25,1,1.4417276506366148,0.5008193381424341,6.177248746131388,7.151531207880421,0
yadI_predicted,22,1,1.4416834152298441,0.5305087775322298,6.243512942747385,7.118113281081452,0
TSS_6311_regulondb,34,1,1.4414673552901869,0.6108083655657703,6.239005893706619,7.070012164144442,0
cusCp,18,1,1.4414088322764027,0.5425878788408487,6.262577914205169,7.131654745505493,0
rspAp,4,3,1.44139785934238,0.9432030668195515,6.158719309504038,6.786453592422935,2
yadL_yadM_yadC_yadK_predicted,14,1,1.4413974883937477,0.5973082274637725,6.173614358412593,7.07036298380834,0
crpp3,19,2,1.441269311303547,0.7687307708224042,6.251222251944431,6.979012243287675,2
TSS_4654_wanner_regulondb,32,2,1.441254958052391,0.5597823608176992,6.221825901773714,7.10233725558847,0
rcsBp1,38,2,1.4412547062809342,0.6119516718570844,6.197915366256658,7.0641639098003655,0
gatZp,35,1,1.4412471760878995,0.5423339250910328,6.230819354122439,7.118809349419649,0
gatZp,14,1,1.4412242489513598,0.6403509042429566,6.2044290127493635,7.0412545266084,0
yncEp,28,2,1.4411067327130205,0.5187937731701026,6.306824872452355,7.144796191087572,0
galEp3,5,1,1.4410862413237466,0.5196286341145908,6.195215617459114,7.12660761239561,0
mhpRp2,4,1,1.4409640480213373,0.550030929426283,6.208942543215249,7.115385868947441,0
yadE_predicted,24,1,1.440951895627753,0.6987420886372615,6.260743288629883,7.023056459342694,0
ompRp4,33,1,1.4405624194379547,0.6178425095592867,6.222631785361959,7.078048672430912,0
gyrAp,33,1,1.4404661629438584,0.640150432491797,6.278002902273578,7.064309320839772,0
ygeW_predicted,40,3,1.4404534427169389,0.6274610179452044,6.223196829661398,7.0804471404527,0
ygfM_xdhD_predicted,3,1,1.4404391857149128,0.491205321629349,6.274443496358909,7.156465163017676,0
tabA_predicted,35,1,1.4402028769675224,0.5725078192529749,6.194999642664708,7.101209747537345,0
ygiW_predicted,19,1,1.4401996463826188,0.5363226004577776,6.24690016548791,7.132046859903752,0
mhpRp1,28,1,1.4401608101726913,0.4887243075668453,6.278541868295577,7.153266317731346,0
ompRp1,41,1,1.4397758813428043,0.5969135720659775,6.24223699011179,7.089793180964456,0
yncEp,39,1,1.439748811639342,0.6141400288109884,6.3007777024952,7.077051498511607,0
ghoSp,10,1,1.439746658735073,0.610852027570833,6.229367950156872,7.093541454072303,0
TSS_4655_regulondb,35,1,1.4396997214543483,0.5130204422691371,6.227139324617927,7.132931646519677,0
lacIp,6,1,1.4395303452157564,0.746099915509877,6.223082751906706,7.01277162227968,0
ygeY_predicted,16,2,1.4393875643437988,0.3877152022947106,6.236506751917975,7.2195255866337735,0
yacH_predicted,17,1,1.4392993125562743,0.5201992598862893,6.221883523534064,7.121705254120401,0
yadG_yadH_predicted,8,2,1.4392413010492773,0.5307427531355057,6.280106854616231,7.138306130395174,0
acrBp,33,1,1.4390570549306458,0.525946614738541,6.241594096961064,7.129646535075183,0
ygeX_predicted,13,2,1.4389785002477549,0.5148907430575306,6.225839781729642,7.145277141533944,0
galEp3,31,3,1.4388504402233375,0.5203751708390102,6.263223953317418,7.1279292607987745,0
yacCp,8,2,1.4388032922412404,0.5647172643542364,6.236215604356773,7.100351774493236,0
yahL_predicted,14,1,1.4386679847538788,0.5089928202765029,6.212700982399674,7.145477824577199,0
ygeX_predicted,14,1,1.4385900849477202,0.5290012228719617,6.240178338615927,7.110047575684984,0
TSS_4654_wanner_regulondb,23,2,1.4385789014452794,0.5370481970936856,6.22757126097137,7.119295054552594,0
xdhAp2,9,2,1.4385737519570894,0.5818107795687381,6.259117130840887,7.10434663344392,0
crpp3,24,2,1.438530847290602,0.636832036998974,6.230905758792806,7.067381534287761,0
cusCp,11,2,1.4383064103450116,0.5660689596055125,6.268427609314331,7.126139800036783,0
dgoRp,39,1,1.4382651010128535,0.5371726374296864,6.216146172705955,7.143936369863084,0
ihfAp4,22,1,1.438247903475581,0.6686504848896635,6.233643838795562,7.036739047193235,0
ygfKp,2,1,1.4382195073475623,0.6161962682143032,6.212220868676578,7.070767464529236,0
yncEp,30,2,1.4381839824141305,0.5903076200547355,6.247859336502762,7.096218260899097,0
intE_xisE_ymfH_predicted,13,2,1.4381658439645828,0.6368751759224578,6.261538818406592,7.058474207070573,0
ygfKp,16,2,1.438064008443598,0.46977793896213205,6.2023483938857655,7.1612692753703415,0
recNp,14,1,1.4380619503957024,0.6359799769390806,6.259983692797496,7.075657042110699,0
ompRp1,22,3,1.4378144556313925,0.517130447708861,6.27691082154559,7.143241154365573,0
yncEp,35,1,1.4376465950862989,0.6974177514440764,6.226323469924537,7.043028127014174,0
rcsBp2,19,1,1.4375765044357993,0.6715775724229921,6.234925480907213,7.037827318703225,0
ygfS_ygfT_predicted,1,1,1.4375402885481063,0.5158593034801554,6.198923039595705,7.129620175241723,0
gatYp,18,2,1.437457187698391,0.8599499907043175,6.196348727080265,6.907069684104628,2
ygfM_xdhD_predicted,40,2,1.4374311556032853,0.5121765560219529,6.22478922238707,7.13929392635524,0
yacH_predicted,14,1,1.4373928745349411,0.5347627077342404,6.234069935128197,7.108869576399398,0
tfaE_stfE_predicted,14,3,1.4373418771812632,0.5239013158075551,6.284741162621808,7.124176613612979,0
yqaEp,36,2,1.4372192342575987,0.6132570393612874,6.246457483240624,7.092645681589334,0
ygfS_ygfT_predicted,31,3,1.437034573791479,0.6699446231957826,6.213065294760995,7.012606567186913,0
ompRp3,17,1,1.4368191496834088,0.42437338552552184,6.17703330881996,7.198463979319035,0
gatZp,40,3,1.4367761936493124,0.44526086334524184,6.245440495505729,7.187532579804882,0
galEp3,25,1,1.4367679642865476,0.6664315970729953,6.239153074512085,7.069817690344722,0
ygeX_predicted,2,1,1.4367206538013138,0.44767664424636444,6.2980993431557355,7.18520670942016,0
blrp,22,1,1.4366832526133304,0.549658625566184,6.296989654355046,7.1082099089942865,0
gatYp,31,1,1.4366581502184343,0.4953646330591426,6.249691689225838,7.151422716252777,0
ygfM_xdhD_predicted,13,1,1.4365757011454552,0.5520503573329384,6.207434060031123,7.123631575550197,0
yadG_yadH_predicted,19,2,1.4365538740725985,0.47919666089680074,6.234499617232901,7.153778746311396,0
cusCp,28,2,1.436505492336449,0.512303780594199,6.155667482124814,7.143219754802287,0
mprAp,24,1,1.4364735541951472,0.6020865369636992,6.236418562825255,7.084305461049864,0
yncEp,24,2,1.4364642110712769,0.45998144864121365,6.257997878633502,7.174000636746944,0
cusCp,6,2,1.4364414194695463,0.5583900217526304,6.221355088399865,7.124404745371128,0
ygfS_ygfT_predicted,21,2,1.4363971673154954,0.5392863951787547,6.312863261339777,7.12332677110856,0
galEp3,5,2,1.4363812577381565,0.48597040988514745,6.238117579483294,7.153707914253561,0
ygeX_predicted,22,2,1.4362811699651723,0.5283813231324649,6.235425816274754,7.138217037309157,0
yacH_predicted,1,2,1.4362711316100607,0.4688641632569129,6.21969106959987,7.1625041212677125,0
ybiY_ybiW_predicted,7,2,1.4362170619473011,0.4664718582755999,6.32091545915696,7.179697855254274,0
yadG_yadH_predicted,33,2,1.4361552352327958,0.5761036540145003,6.245342068042309,7.0992678618376175,0
rdlDp,15,1,1.4361320064168177,0.4869357063176677,6.144035537362279,7.14657804536887,0
ykgRp,30,1,1.4360708787680452,0.608422566008492,6.263738994039246,7.079387930148055,0
yqaEp,37,1,1.4360521346862323,0.5712369466128129,6.337835770291764,7.114090603222621,0
crpp1,3,1,1.4360205177546466,0.6972025509255865,6.203745059653199,7.0226887061841,0
rcsBp1,39,1,1.435936862074087,0.5859046331478185,6.221892827869053,7.101462143934868,0
tnaCp,6,1,1.4358610252008348,0.6641302771079882,6.228693452732178,7.027839130939174,0
gatZp,41,1,1.4358252731138161,0.41946933977530365,6.247432464273175,7.198913078250783,0
uacT_predicted,34,2,1.4358115624279049,0.5572693076853167,6.2591108793029555,7.119333593437686,0
tfaE_stfE_predicted,5,2,1.435644839564499,0.5764337159352247,6.233396532888953,7.076497558861135,0
yqaEp,15,2,1.4356147238969381,0.5836512153516661,6.248678578589233,7.085843022247952,0
xylAp,7,1,1.4355842682352804,0.5398562409933059,6.246184237361775,7.114710663204415,0
cusCp,32,1,1.435581788523771,0.7132883917050783,6.2285518814413985,7.005510301104323,0
galEp3,36,2,1.4355739469395432,0.7274893753449969,6.196028505406465,6.982744947596224,0
gatYp,34,1,1.4354416705445732,0.6352517646029915,6.200977082036425,7.073551454491173,0
tnaCp,19,1,1.4353392980279158,0.5723518114288336,6.2036328616148,7.096378569742755,0
xylFp,13,1,1.4351349067421775,0.5723418269127407,6.2442233773881135,7.110725695766847,0
ygeY_predicted,33,1,1.435042335121736,0.5802736710923596,6.184081768376327,7.097022006781019,0
gatZp,4,2,1.4350423004473203,0.5181098107266194,6.23050818021204,7.120254480066947,0
yjbJ_predicted,38,1,1.4347155972488326,0.5549510494133209,6.20011843476225,7.117528344496845,0
ygfM_xdhD_predicted,28,2,1.434513623276484,0.4992904132220443,6.194549396517177,7.1451482702916085,0
TSS_4655_regulondb,23,1,1.434352803065593,0.7179539979305888,6.269747661312585,7.029735984480949,0
ratA_yfjF_predicted,9,1,1.4343320101856698,0.6558829128503024,6.225978288019025,7.044622058535575,0
tfaE_stfE_predicted,34,2,1.4339893939551094,0.4769054772976129,6.377956588817452,7.175184125810249,0
yadE_predicted,30,1,1.4339103495364778,0.6006275862457492,6.174112171049217,7.083826730850687,0
ompRp1,11,2,1.433703906727348,0.6118352243428896,6.246412744822192,7.074424443131206,0
mhpRp1,24,2,1.4336750910400617,0.6102242732507632,6.254456246317308,7.093185071795727,0
rspAp,28,1,1.4336749857399587,0.5945121907710719,6.263510644874325,7.104456294132721,0
xdhAp1,9,1,1.4336157133249898,0.49419979494906296,6.219924811672174,7.155026186828826,0
TSS_4655_regulondb,28,2,1.433518292468966,0.37992102369553177,6.23812255958148,7.220142568323876,0
TSS_6311_regulondb,10,1,1.4334382810171837,0.5141694051176813,6.257329633705192,7.137758201356498,0
galEp3,29,1,1.433434097419513,0.5678994416486496,6.2070297234470395,7.087799487664821,0
TSS_4654_wanner_regulondb,38,2,1.433422526782443,0.5187589715355225,6.380877585901122,7.1691258057228815,0
galSp,32,1,1.4333690458301,0.5584592666174165,6.198630785875263,7.107186817758231,0
ftsKp1,19,1,1.4333256596545727,0.5725607319808994,6.194030072090109,7.109711072181024,0
ybeDp,38,2,1.4333060257988957,0.49999095754725414,6.186928473277247,7.152329981676013,0
ssnAp,14,3,1.4332690470056968,0.4953333408772111,6.213294380470918,7.1524539051386,0
galEp3,28,2,1.4332310139471018,0.6589144867522458,6.2636036036312595,7.047610412954043,0
galEp2,15,1,1.4331615221000953,0.44907394507770415,6.18379259662931,7.179566412705273,0
xdhAp2,17,2,1.4330078093116798,0.5927914755131327,6.259790593536783,7.114185303992394,0
xdhAp1,13,2,1.4329672062031102,0.43250070219241815,6.222153026875456,7.193383631075788,0
lppp2,30,1,1.4329222939841022,0.4889203971613947,6.228672042329393,7.149216161968561,0
ftsKp1,38,2,1.4327615430151892,0.5198419658405496,6.214356538168034,7.135768900460616,0
TSS_4654_wanner_regulondb,8,1,1.432725981744677,0.5968132860520486,6.190390910994937,7.092983850024778,0
recNp,39,1,1.4324070095639518,0.6174126765648957,6.24049446183648,7.061885981522514,0
ompRp3,37,2,1.4323480906588488,0.5726460603027436,6.280383776753213,7.113148848921684,0
ygfS_ygfT_predicted,10,2,1.4321903851044933,0.49515798758379953,6.291377962063573,7.154216959154428,0
TSS_4655_regulondb,30,2,1.4321340879422397,0.6467660867955094,6.235522276245418,7.045053610665289,0
yadG_yadH_predicted,29,1,1.431986623325512,0.5011124631525783,6.25084608071914,7.153302233128864,0
ybiY_ybiW_predicted,15,1,1.4318343903908055,0.43436568588390634,6.254258001177269,7.184867768255328,0
mhpRp2,19,1,1.4318284654749276,0.48013033608163413,6.1956401275648005,7.166610834051771,0
ghoSp,41,1,1.4314599152302685,0.5944639610971738,6.200465238243725,7.092874956304942,0
aceBp,24,1,1.4313894368152973,0.6268323629419061,6.241519292094041,7.062502779164909,0
ompRp3,16,1,1.4313174276188596,0.7728469380484341,6.2269669253124995,6.973678489475754,2
ompRp1,10,2,1.4312663220249653,0.6076326182998351,6.179983249610988,7.065365997524896,0
gatZp,25,3,1.4310317204717828,0.4513891024979738,6.2523067471544564,7.187897140020764,0
yncEp,7,1,1.4309474014610315,0.5073701683294808,6.268649944145583,7.149220212408766,0
yjbJ_predicted,1,2,1.4307605993394876,0.6243928080322212,6.298846557972311,7.0961688980632855,0
TSS_4654_wanner_regulondb,31,2,1.4307582059360835,0.5694185106572235,6.29413733399781,7.1115592691704155,0
dinQp,31,2,1.4307248142359976,0.4551532376782834,6.319153353078283,7.179844179046894,0
uacT_predicted,11,1,1.430579384218128,0.5443894625216454,6.249815554293849,7.134453754356816,0
TSS_6311_regulondb,36,2,1.430579104681579,0.5375992737126458,6.27876188243123,7.133834202652259,0
ygfKp,39,1,1.4305596505548999,0.5232996498436926,6.3573051186269325,7.138207538025936,0
ompRp4,19,2,1.4304908193385113,0.8328157210973026,6.194991848893129,6.941396703451131,2
crpp1,17,1,1.4304182426135923,0.6350467162176389,6.21868378009899,7.066383847992514,0
mhpRp2,24,1,1.430224437313384,0.5085864659941386,6.2568530910543725,7.143506329023145,0
cpxRp2,14,3,1.4301687267920127,0.5791962662989131,6.271684168488533,7.08681023161283,0
araCp,20,2,1.4301392137899627,0.6359513442825913,6.333600494512941,7.089038723902084,0
TSS_4655_regulondb,40,3,1.4300228864038522,0.5701812770403414,6.258169523704563,7.100052064027679,0
crpp3,31,2,1.4300035855431323,0.5639058439228105,6.186067303909704,7.117655253070492,0
ompRp1,12,2,1.4298612419887025,0.508973151780612,6.247978311771057,7.133703374845937,0
galSp,17,1,1.4298270966873603,0.4539811540964834,6.228053378015337,7.171935742401594,0
gatYp,18,1,1.4298096632205552,0.8959651289870139,6.1725333311015,6.877006054389419,2
uacT_predicted,32,1,1.4297873042549432,0.5460221756405707,6.27115756069588,7.126845498794249,0
TSS_6311_regulondb,35,2,1.429732811709502,0.5870213733267303,6.177006221679094,7.096029665408271,0
icdC_predicted,2,2,1.4295066946838078,0.52987524639797,6.224258954927899,7.134446255733883,0
tnaCp,14,3,1.4294922848179445,0.7814459290417746,6.2552241926858185,6.975747593411047,2
TSS_4654_wanner_regulondb,4,2,1.429478032878233,0.5670450851009797,6.270303717256084,7.1396850584537574,0
yadE_predicted,22,2,1.429415552530286,0.6431988357471431,6.197415833972138,7.080826084050287,0
yadE_predicted,38,1,1.4294054128018865,0.5342698599958218,6.207752113701867,7.133708408908624,0
ompRp1,40,3,1.4293734663535638,0.625762979969911,6.237424371288314,7.073733114695381,0
yncEp,5,1,1.429365772019724,0.5342228936084561,6.1864770376853375,7.132251967300701,0
tabA_predicted,14,2,1.4293546065532385,0.5356099199336835,6.318994191101282,7.126469557132454,0
yagB_insX_yagA_predicted,33,1,1.4293115945320836,0.6194476907571385,6.223101649708999,7.072119061277936,0
tnaCp,37,2,1.4292673368175048,0.6227663967391802,6.205167192418365,7.07070549162741,0
ygeW_predicted,19,3,1.4292493288913126,0.5306534818201853,6.213914098951378,7.145043309643727,0
hyuA_predicted,30,2,1.4291724738220661,0.5835543890126801,6.33321608114868,7.1008702419831655,0
galEp3,4,2,1.4290920587925757,0.5070915085680596,6.258863952592652,7.1408938627067915,0
icdC_predicted,29,1,1.4290490440747583,0.6426583523116003,6.252193663325691,7.0353974366923335,0
intE_xisE_ymfH_predicted,38,3,1.4290473227645144,0.44349545617073294,6.258713795589044,7.182153162655361,0
TSS_18061_regulondb,23,2,1.4290282011997661,0.5210131419979688,6.241931205144189,7.137497955213141,0
tfaE_stfE_predicted,13,2,1.4289969873468222,0.5893951657014872,6.196514211816702,7.086469817983244,0
acrBp,23,1,1.4289694230255274,0.5359318029021439,6.228578105412363,7.134991786089645,0
yahC_predicted,20,1,1.4289582719452765,0.6250624510284579,6.206664472338972,7.072759820830505,0
ftsKp2,39,1,1.4289424138652997,0.5544144992552789,6.311107641235963,7.126549833972011,0
ompRp1,5,1,1.4288203982485153,0.5100265060499435,6.291615323865433,7.148207647029246,0
TSS_4655_regulondb,38,1,1.4286897277067787,0.5202306138388897,6.263315174891494,7.132246831312716,0
xylFp,4,1,1.4285790887066296,0.46495265513291645,6.26437540979402,7.1702867668918095,0
TSS_1414_storz_regulondb,19,1,1.428578628113086,0.48757589869886436,6.257045254070858,7.154222334677403,0
ybaY_predicted,15,1,1.4285728859728448,0.6015094714526038,6.255563595993161,7.100216122685786,0
acrAp,22,1,1.4283970437021338,0.5141569117967549,6.279853143112293,7.139148259176904,0
yncEp,38,2,1.4282006109629302,0.5608985885199892,6.269257875494433,7.1259287378040135,0
gatYp,32,2,1.4280505627749158,0.8724695368691691,6.20183104010654,6.8936287769128,2
cusCp,11,1,1.4280139125378353,0.5625073744986168,6.232528376969798,7.091825572952962,0
galSp,23,2,1.4279994692694558,0.6389104739606148,6.341177564954506,7.075393736291011,0
intE_xisE_ymfH_predicted,12,1,1.4279955089553626,0.5056190252932582,6.238624484096272,7.13988762676999,0
yadL_yadM_yadC_yadK_predicted,10,1,1.4279046864590208,0.5790029209064841,6.199420712098579,7.103112242689898,0
rspAp,15,2,1.4278061820306134,0.567925350241571,6.237198901433576,7.0962343046769405,0
ompRp1,34,2,1.4277604668930826,0.6398395590807051,6.252208480718443,7.078430897647868,0
yqaEp,2,2,1.427615940144219,0.46637618048069224,6.284777180251805,7.17197818229437,0
TSS_18061_regulondb,3,2,1.4275791060149685,0.6396970835191648,6.32189364566365,7.086967676615622,0
mcbAp5,30,2,1.427573441588234,0.4271506775631287,6.22477505117318,7.1992376699518,0
ybiY_ybiW_predicted,39,1,1.427535818496536,0.539503610005186,6.208810123770236,7.1163082385105,0
rspAp,17,2,1.4273242972452407,0.5121447158865884,6.255361900185871,7.13794127804101,0
ygfM_xdhD_predicted,39,1,1.427274708253735,0.5466375886988184,6.242327156162315,7.120907579842594,0
intE_xisE_ymfH_predicted,2,2,1.4270444723441842,0.48727005328615774,6.221475998624468,7.154447801407562,0
TSS_4654_wanner_regulondb,41,1,1.4270028015250027,0.6142403250481704,6.237628420944237,7.075303377176979,0
acrAp,39,1,1.4269849532369487,0.6736791381656554,6.270907304208389,7.056637360390888,0
ftsKp2,23,1,1.4269358972578747,0.5565272137975202,6.191273847344437,7.109282153243694,0
tfaE_stfE_predicted,15,2,1.4268868271631479,0.5830057119859617,6.293416561213018,7.084937491157875,0
yqaEp,34,1,1.4268776608353728,0.7051476996636626,6.225136632177357,6.9955127271739,0
rcsBp1,36,2,1.4267596596365564,0.6683634342774027,6.195412410120585,7.015082466236637,0
yacH_predicted,38,1,1.4267577208046853,0.4900860319686023,6.3550702424428165,7.167061718482525,0
ygeW_predicted,28,1,1.4267261138969995,0.41631603942594725,6.240441955384906,7.203220270234591,0
icdC_predicted,22,3,1.4267012979248483,0.45522006070866966,6.211807173612316,7.1730057731426005,0
ratA_yfjF_predicted,40,1,1.4265544609649692,0.6398321751517724,6.2578602195321995,7.084396998682635,0
ecnBp,31,1,1.4264479408584594,0.6757704497034247,6.234268783951478,7.020653748578731,0
xylAp,30,1,1.4263461287655426,0.5497833775226098,6.1460506711913325,7.093902415392941,0
tfaE_stfE_predicted,38,2,1.426196925195293,0.5010807844998494,6.286455870043688,7.149242214821545,0
mhpRp2,17,1,1.4261166594718755,0.5665095652099525,6.2175302879647525,7.097549507720268,0
galEp3,33,2,1.4261132929538274,0.49333822767442004,6.306403963478877,7.166624000361907,0
ygiW_predicted,28,1,1.4261111812114962,0.5600793995195328,6.192811169056386,7.115696769125763,0
ygfS_ygfT_predicted,10,1,1.4261059723567282,0.5144203796688432,6.201223329490796,7.132452341805294,0
tnaCp,13,2,1.426025363123145,0.5967259351432472,6.224271731074781,7.080103849611115,0
TSS_4655_regulondb,41,2,1.4258955583403605,0.44798410089303803,6.278159311186123,7.172591456245721,0
ygfM_xdhD_predicted,7,2,1.425833275991637,0.5518042221925841,6.268367411038055,7.106752602577284,0
lacIp,20,1,1.4257695386242344,0.6989077094488336,6.25021052945651,7.028582433864647,0
uacT_predicted,13,2,1.425764665418368,0.6605318874578443,6.233505557320594,7.075137272193959,0
ygfKp,10,1,1.425699444083989,0.4840975459377656,6.1984870378400885,7.149359049136423,0
TSS_18061_regulondb,37,1,1.4256880456664651,0.6315873640453501,6.294832181058165,7.073512192083029,0
ygeW_predicted,6,1,1.4256486111910025,0.49578851718219247,6.256286526566381,7.144132308166061,0
yadL_yadM_yadC_yadK_predicted,34,2,1.4256346842647067,0.6622393319912602,6.2332416030378095,7.032147484256955,0
tabA_predicted,28,2,1.42560116681339,0.6414003488748239,6.2862069918112,7.086731852653813,0
crpp1,21,1,1.4255985306323493,0.650855408519326,6.298485018971791,7.0847131644364465,0
tfaE_stfE_predicted,1,1,1.4255260660763958,0.5734428710156135,6.291993761743079,7.110862145731202,0
mcbAp5,20,2,1.425522496209378,0.5454610443906355,6.2865168456037965,7.119191785167035,0
tfaE_stfE_predicted,20,1,1.4254926636279153,0.5729048784064112,6.336244926890894,7.114041863193359,0
ygeY_predicted,2,1,1.4254713570899196,0.5051131255906647,6.323978151654522,7.144937063443839,0
ompRp1,14,2,1.4254001705576327,0.5871509441531042,6.216770273405183,7.091909943060836,0
icdC_predicted,4,2,1.4253837191511638,0.5637157346508559,6.276315156182354,7.115859406142931,0
rspAp,41,1,1.4253474776706154,0.6798421395067982,6.289057340938727,7.044613780060609,0
ygfS_ygfT_predicted,4,3,1.4252471339741477,0.4389737506118812,6.261414550955007,7.179885898909072,0
gatYp,38,1,1.4251754881335423,0.8958344942229685,6.272211547319446,6.863423594301652,2
crpp1,3,2,1.4251457202389726,0.5712320398677512,6.238352437290224,7.108316593505903,0
ygeW_predicted,9,1,1.4250862265231943,0.5420963045953,6.240403650997514,7.105380636200979,0
xylAp,16,1,1.4250143791680696,0.5607583485088461,6.240792390826767,7.120002650663366,0
intE_xisE_ymfH_predicted,36,1,1.425001049912441,0.4454183926179037,6.32189853140188,7.189000013484446,0
ygfM_xdhD_predicted,28,1,1.4249911751866347,0.522580844045884,6.2049311761469905,7.138387531703433,0
ygeX_predicted,41,2,1.4248833556309959,0.5044900292208675,6.29631029295555,7.1596060143277285,0
ssnAp,3,2,1.4247818660363736,0.48769319357035035,6.211644389107963,7.162983560482029,0
ompRp1,22,2,1.42476001486717,0.48383153326462636,6.251123532772796,7.151210899490326,0
gatYp,1,2,1.4247321408228877,0.8389059253386614,6.21096761184754,6.939347025471693,2
rspAp,36,2,1.4246967471353913,0.6492580662122908,6.1595563905764745,7.041358376569722,0
galEp3,4,1,1.424569583044147,0.5805677594183427,6.250211927660562,7.104768325492383,0
cusCp,36,1,1.4245539768951556,0.4781268534407224,6.273119698174456,7.159078972338022,0
mglBp,19,3,1.4245421604548099,0.8656193469288608,6.224653205073452,6.84674963615489,2
mcbAp5,41,1,1.424472425360679,0.5067291334333318,6.285591707134116,7.14313858257585,0
intE_xisE_ymfH_predicted,22,2,1.4243926303991112,0.5776421687559563,6.257473943252714,7.100946090576757,0
ratA_yfjF_predicted,33,1,1.4243370312350185,0.5952147742101987,6.240310473141097,7.090963863725051,0
tolCp3,20,2,1.4240639742685066,0.47755275431841654,6.275345018671398,7.157019873962032,0
mhpRp2,38,2,1.4240441244887576,0.5856058413357839,6.220044334053692,7.0900093413655,0
ybiY_ybiW_predicted,12,2,1.423987897013996,0.6166658670110691,6.198116364052186,7.075823307416945,0
galEp3,11,1,1.4239705159402907,0.5139514961095284,6.249036167569637,7.129162664528046,0
ygfS_ygfT_predicted,22,3,1.4238231640520533,0.514144985495331,6.218407800937709,7.137937528185492,0
ygiW_predicted,32,1,1.4237778708960231,0.4999257883796607,6.248970017177145,7.133332195024014,0
kbpp4,38,1,1.4235393543291366,0.5939726756388701,6.276907367669978,7.098430620319447,0
tolCp4,25,2,1.423470471082675,0.4411057467324906,6.2417775353243865,7.1964442576132095,0
uacT_predicted,23,1,1.423267576340242,0.609967610623651,6.2700551881429885,7.085792038450803,0
gatZp,31,2,1.4231890996581218,0.5230694528747132,6.275395199237504,7.141106776955683,0
yncEp,15,2,1.4230630005762974,0.5327951663810054,6.233485271905195,7.1080095594288615,0
galSp,34,1,1.4228528765303912,0.4766886737229974,6.250875482539355,7.165106357854379,0
yncEp,2,1,1.4227619551476947,0.7008826544988678,6.257343456374155,7.033255448263841,0
ssnAp,33,2,1.4227113701927985,0.4937294776734177,6.303609363207475,7.148501011801499,0
tmaR_predicted,4,1,1.4227063380194027,0.5668523391602679,6.214271890794763,7.108176333810217,0
ygeY_predicted,23,2,1.4226471495659965,0.5793854701466936,6.2464460362099485,7.096818197908855,0
ygeY_predicted,17,1,1.4225097182426811,0.43957097355625446,6.186496167053054,7.178858942190585,0
ompRp3,32,2,1.422470860118542,0.6078847090926741,6.195804796439717,7.056379423668902,0
mcbAp5,9,1,1.4224486030351944,0.5507383062107187,6.278752227935194,7.119717072572983,0
acrBp,18,2,1.4222468887246398,0.49695791282500246,6.264035775302746,7.146224730503432,0
ldrDp,14,1,1.4222303733567614,0.48461076198608005,6.306501224906705,7.163551615908648,0
ygeW_predicted,32,1,1.4222208942776182,0.463416381755537,6.328640360157419,7.174133411398376,0
intE_xisE_ymfH_predicted,19,1,1.4221720265015036,0.5016645889808286,6.282288232009797,7.144194051277311,0
ghoSp,19,1,1.422126443102988,0.47507351176013796,6.209858412594519,7.160986195937994,0
rspAp,25,2,1.422080593203518,0.5341982000082557,6.193861645755469,7.118744419240141,0
rcsDp,4,1,1.4219706504696865,0.5359404305982107,6.2254755563187665,7.122954725191212,0
crpp1,14,3,1.4219155414594637,0.5487074144339934,6.3818499017041805,7.12623524981883,0
galEp3,31,2,1.4217939521347176,0.5485593830138351,6.290791882977162,7.13185867050119,0
rcsBp1,17,1,1.4217888292610312,0.5360211618830217,6.3008839940543115,7.126192247296935,0
ykgRp,1,2,1.4216917028982485,0.5977333209258933,6.2376464870323325,7.080350977619623,0
yadG_yadH_predicted,34,2,1.4216525423947484,0.5065066609469256,6.227491814021468,7.134085071047734,0
tfaE_stfE_predicted,10,1,1.4215212153576262,0.538674611529102,6.313154768132025,7.142168302256283,0
tolCp2,25,2,1.4213336863176023,0.686511404198692,6.228923298806391,7.057227014168074,0
lpp,24,1,1.4213284490281017,0.5005012319552365,6.215006609143518,7.160854054836173,0
tabA_predicted,1,1,1.421325145077158,0.5180680998579166,6.247533689703721,7.137870984610204,0
ygeY_predicted,30,1,1.4212753038685444,0.5151202771337647,6.255310968995564,7.151711643665871,0
lpp,30,2,1.4212381608156686,0.6007228559960694,6.20478889402567,7.079562290298114,0
mglBp,31,2,1.4211757937461214,0.7056323176168626,6.2019263948013545,7.010367966450581,0
ecnBp,12,1,1.4211279281126887,0.6686152189845855,6.26372463201945,7.030416882737472,0
tolCp4,14,3,1.4210732932787313,0.561265705191347,6.21598147209669,7.111559825297322,0
yadE_predicted,19,1,1.420936628764775,0.5140343906428293,6.216143870670223,7.12983966710487,0
ompRp3,13,3,1.4209024401705626,0.41488816450033356,6.244102741539402,7.206343725667991,0
mhpRp2,17,2,1.4208362926777316,0.5134049860937004,6.2951433136082695,7.150167189122757,0
yadI_predicted,1,2,1.420755571946823,0.5757380310525004,6.304205595401245,7.111552228954902,0
ygeY_predicted,40,2,1.4207297334976374,0.5611286908605239,6.261634215036061,7.096521105467053,0
rcsDp,3,2,1.4206664698671343,0.6163298657817602,6.233730140977318,7.082410704295819,0
rspAp,38,3,1.4205837458716535,0.9101718463800097,6.1762437590022925,6.810763120416301,2
ygfKp,4,2,1.4204825954315194,0.5047457582125652,6.263944885444799,7.143407959658932,0
tabA_predicted,24,2,1.4204383573490271,0.4657729409740073,6.236518816849975,7.1644791581921385,0
ygfKp,10,2,1.4203966377943673,0.533279145226777,6.247580996256176,7.129277207141301,0
TSS_6311_regulondb,6,2,1.4203651601982035,0.45713409530910837,6.205882760967691,7.16855965880177,0
yqaEp,12,2,1.420299139988484,0.4926041884924352,6.309147094601111,7.170752849970334,0
dinQp,16,2,1.4202425244799353,0.7038142793292693,6.2356260782881385,7.0354685782726225,0
ssnAp,25,1,1.420198827268104,0.5002716562522226,6.227193672226315,7.137694257974426,0
acrBp,9,2,1.4201095639040917,0.5870394554630534,6.262976420798633,7.095146491952825,0
icdC_predicted,25,2,1.419994050760179,0.5297828481459278,6.27373406309435,7.127756834129055,0
ompRp1,25,1,1.4199362970366516,0.6467563349621646,6.262908233857331,7.049972594127356,0
uacT_predicted,16,2,1.4199232316994477,0.6352276836465895,6.2679802738656205,7.072490436922375,0
yjbJ_predicted,6,2,1.419917672688742,0.5790567569923342,6.247966803492549,7.104184408407076,0
ygfS_ygfT_predicted,30,1,1.419665819800513,0.4702456646773051,6.249276589654203,7.17168412697065,0
TSS_1414_storz_regulondb,14,1,1.4195559663710566,0.6292928906180731,6.270424179073529,7.060613509808547,0
rdlDp,17,1,1.4195396046622086,0.5989544222268395,6.203514857201127,7.081912508058103,0
xdhAp1,14,1,1.4189948994883266,0.5217507175795214,6.235420929229631,7.129826896909078,0
yadI_predicted,39,1,1.4189900005338112,0.8030486468566915,6.231016530665309,6.921910065034035,2
tabA_predicted,30,1,1.4189520458654648,0.5639767574405089,6.251178185173975,7.10266964906301,0
gyrAp,30,1,1.4188680715223654,0.6694765527196695,6.332379258389192,7.065517943515391,0
uacT_predicted,34,1,1.4188428993921696,0.5459272233200206,6.222708659332839,7.119530794813624,0
hyuA_predicted,35,1,1.418814966120689,0.41666749806272574,6.209353665785583,7.1919832801074755,0
araCp,19,2,1.418702826646225,0.754872384014892,6.254807821754185,6.969693466634092,2
ssnAp,6,2,1.4186606502990093,0.608288555824147,6.267633535281298,7.111383992035398,0
yagB_insX_yagA_predicted,22,1,1.4186551367689537,0.5233011872333222,6.256177551182041,7.145437033521315,0
ssnAp,17,2,1.4186415677666986,0.57112356250706,6.312790165112517,7.126357266757363,0
ykgRp,34,1,1.418514943325584,0.7505628095430806,6.277011490291725,6.959099213083993,2
ygeW_predicted,10,1,1.4185001610231307,0.5202435843820895,6.201912006147557,7.142705252736433,0
mhpRp1,5,1,1.4184692023784227,0.5412951772140597,6.252384935495207,7.1206541827017835,0
ykgRp,9,1,1.4184462887434515,0.5544530761839798,6.2604123962315,7.121417132191665,0
rcsBp2,24,1,1.4183034575877667,0.5285089371473706,6.211005918036031,7.12537031749849,0
ompRp2,4,3,1.4182978034387468,0.6430907338471542,6.223405748823982,7.054977166391028,0
sohAp,20,1,1.4182120560083484,0.9562795484125424,6.258397691656432,6.8798041941413235,2
uacT_predicted,4,1,1.4180948102700515,0.4663507074853984,6.206880349378951,7.163448123358043,0
ygfKp,5,1,1.4178887476620274,0.4987567915757386,6.197833165906429,7.138660403404755,0
gyrAp,22,1,1.4177855766398924,0.5550973878731196,6.1988180400421715,7.120098856920734,0
yadG_yadH_predicted,33,1,1.4177679809171662,0.5151348052118284,6.268661700345049,7.139503515755469,0
rdlDp,22,3,1.4177565985525895,0.6433432561224871,6.33434408593592,7.089324832609896,0
ymfM_beeE_jayE_ymfL_ymfR_tfaP_ymfT_ymfN_ycfK_ymfQ_predicted,21,1,1.4176558261430132,0.48786518328602174,6.339121287606353,7.155720567533453,0
yqaEp,6,1,1.4175980314584236,0.5445214159239377,6.269469296766367,7.122200247662913,0
ompRp4,20,2,1.4175481202187576,0.6745213970764863,6.2839203845576925,7.0303103711767,0
ssnAp,13,1,1.4174857295976508,0.5481946174121983,6.274436603695346,7.131058883903794,0
tfaE_stfE_predicted,6,1,1.417424464614638,0.604395513995558,6.1917770623034265,7.0765867513723055,0
elaBp,38,1,1.4174120627657731,0.5810410032770206,6.239455971389118,7.112543526246919,0
mcbAp5,32,1,1.4172149273760482,0.530385561068919,6.245601687383958,7.1248582541604755,0
tnaCp,14,1,1.4171868804024543,0.5957842313243205,6.286054871464463,7.091932389756354,0
dgoRp,3,2,1.417125859953727,0.7042757276543351,6.2828290296712765,7.048421552754505,0
ompRp3,21,1,1.4170201561415183,0.4743083415079115,6.273366379938062,7.1616782252503315,0
xylFp,20,2,1.4169339372025824,0.5689179027681427,6.185026748639583,7.098262315865146,0
xdhAp2,28,2,1.416777545936439,0.6216336437426908,6.205919517058652,7.077571402869158,0
hyuA_predicted,13,1,1.4167678017363483,0.4768819595826371,6.257849235701138,7.1665854731454,0
uofp,20,2,1.4164408474947399,0.5769863884788319,6.273582932741364,7.110089314299145,0
TSS_4655_regulondb,39,2,1.4164086406257521,0.5280821827523057,6.297834530780483,7.134137001282093,0
ghoSp,9,1,1.4161798137182329,0.5400802462797907,6.254399532441873,7.119857564110681,0
hyuA_predicted,19,2,1.4160251351231177,0.49468851121912577,6.266440796681454,7.1452659724353165,0
xylFp,9,1,1.415883835958084,0.5705305043538588,6.2608258912958865,7.0938054612921,0
yadG_yadH_predicted,22,2,1.415587222197042,0.45788186391330477,6.238618599047699,7.175133364763708,0
tnaCp,7,1,1.4155610294767138,0.590697331486257,6.203981830109726,7.0916715883378085,0
ybiY_ybiW_predicted,3,2,1.4153990030211374,0.4931246893399863,6.251196688099704,7.14706141980907,0
TSS_4655_regulondb,19,1,1.4153311848445254,0.5563244438271824,6.237458698697834,7.127688608003048,0
acrBp,16,2,1.4150363205910645,0.5061035798927733,6.303600258064501,7.1469090336295675,0
yjbJ_predicted,2,1,1.4150245294534647,0.6029150489189812,6.243878191211728,7.062932873758474,0
galEp1,38,2,1.4150130866279031,0.48369680837331286,6.244197812831885,7.158602712713334,0
gatZp,15,2,1.4148741146718413,0.42580615980791925,6.26351090818387,7.187900923296933,0
yadE_predicted,25,2,1.4148465529593852,0.5902429018822535,6.189802089613797,7.090997335101642,0
mhpRp1,19,2,1.414734847777975,0.4776231583106107,6.28086424297901,7.162016836058204,0
TSS_18061_regulondb,31,2,1.414710637404598,0.46361956206401567,6.2564854073310805,7.165251779493424,0
lacIp,4,1,1.4146670639455698,0.5314913112777119,6.18526713414685,7.132105046374193,0
ratA_yfjF_predicted,39,1,1.4146522128772077,0.6995982268051222,6.269756159429122,7.035855065062208,0
gatYp,32,1,1.414631542919641,0.7836833428614323,6.246647147220779,6.966218826904282,2
galSp,30,2,1.4145482135476368,0.5226132595791728,6.2834355116294045,7.130520072752574,0
hyuA_predicted,40,1,1.4143200253544748,0.5682615856164461,6.228867749295848,7.111028883376319,0
ygfM_xdhD_predicted,38,1,1.414241411245656,0.5007519104932942,6.1839763202943665,7.150730002929057,0
TSS_4655_regulondb,7,1,1.4141780434295,0.5300546186841752,6.29401205339503,7.142116351344956,0
yqaEp,13,3,1.4140554847935418,0.4845821299606575,6.212110457162891,7.160906803705902,0
TSS_6311_regulondb,7,1,1.4137938554567977,0.5236382009054175,6.223746980963362,7.1288821910207405,0
lpp,19,1,1.41378130653087,0.5661719459915376,6.262157748669655,7.097231829779586,0
ykgRp,2,1,1.4136105870295406,0.7243573418546286,6.246083965006423,6.981534210553615,0
rspAp,14,3,1.4135657846632097,0.8301358556562689,6.198411840022303,6.894901900619422,2
ftsKp2,31,1,1.413532819349373,0.6488203696028578,6.300860953524278,7.054420741604454,0
gatZp,1,2,1.413415535057428,0.4901105264410613,6.309120536431164,7.161853273274042,0
gatYp,14,2,1.4133124369414376,0.8275829045240917,6.199674908707417,6.932778973293343,2
galSp,19,2,1.4132873815609999,0.5291579431281564,6.271971405432756,7.126770104822077,0
TSS_18061_regulondb,16,1,1.4132236139221934,0.44459562852578854,6.209409296309676,7.170929985447974,0
yadG_yadH_predicted,15,1,1.4130603201138379,0.556483578149768,6.235060916147749,7.113610750339589,0
yadI_predicted,11,1,1.4129437211261,0.6567555084566661,6.224333276201385,7.027696135572652,0
tolCp1,20,2,1.4128547805687173,0.6450624038687789,6.277786980044455,7.063450883725684,0
mcbAp5,14,3,1.41269723696722,0.5808149612069695,6.340234494128044,7.105800784982574,0
mcbAp5,25,1,1.4126851284051145,0.5433348247693977,6.257184043803505,7.137180963363905,0
mglBp,24,1,1.4125140283833895,0.4938745391818988,6.229077957971254,7.1628498354671954,0
uacT_predicted,33,1,1.4124698653852885,0.5844428691355348,6.309185068080469,7.120883590393235,0
uacT_predicted,24,2,1.4124454959424908,0.6371372006612028,6.291652254101585,7.062690010119075,0
TSS_6311_regulondb,20,1,1.4124449971104807,0.49018813308094283,6.21086724699197,7.146255750649013,0
mcbAp5,12,1,1.4123208521737973,0.5155297568264724,6.245903450693933,7.1362285847170845,0
hyuA_predicted,24,2,1.4121379976271276,0.4567909287508802,6.2618031200357605,7.182913970976019,0
rspAp,10,1,1.412126225835652,0.7659380911730961,6.226815310917058,6.934924303920379,2
tabA_predicted,19,3,1.4121079361369437,0.5429455336966895,6.27482638190565,7.117594720077051,0
galSp,35,2,1.4121018225068422,0.5030612024208427,6.294041748101435,7.156549794842574,0
ygfM_xdhD_predicted,24,1,1.4120825749868542,0.5057413991269152,6.291059412671477,7.1512927582597285,0
crpp2,22,1,1.4118297452528388,0.5072872457047614,6.260785656653223,7.150431564853072,0
ygeX_predicted,17,1,1.4118141832799858,0.47820618722773434,6.263375882450935,7.164313703923714,0
gyrAp,15,1,1.4117680248858564,0.5251373693447067,6.20184345834733,7.124432937708251,0
ompRp1,37,1,1.41172352547923,0.611190572005194,6.317818022571357,7.067215018692512,0
yacCp,15,3,1.4116691534238375,0.6539333353743199,6.296301794826244,7.079768062516725,0
ykgRp,31,3,1.4115275505243834,0.6924808657715437,6.207662048084112,7.02210554930099,0
yjbJ_predicted,39,2,1.411484249354919,0.6035678974391427,6.2808908006707105,7.0818774355112595,0
sulAp,15,1,1.4114641776758352,0.5726972559072093,6.271130986212075,7.10285970548729,0
elaBp,24,1,1.411320259938108,0.5247724263724799,6.237585312701643,7.138209213629086,0
mhpRp1,11,2,1.4112990581533689,0.5063962552438454,6.293192689840918,7.158479673962955,0
yjbJ_predicted,40,1,1.4110235635659143,0.6060412614561616,6.296083427000073,7.086030496724792,0
ygfS_ygfT_predicted,41,1,1.4109995151322758,0.5495522400936158,6.336640654520732,7.134394782588258,0
yadG_yadH_predicted,25,2,1.4109792429461638,0.543020640329761,6.231315735290561,7.120062005190663,0
TSS_6311_regulondb,22,1,1.4109646029572225,0.5799168438689741,6.184643546811217,7.104046275764713,0
ratA_yfjF_predicted,10,1,1.4108885929054285,0.48926993665804513,6.231370683827576,7.156265612935766,0
yqaEp,1,1,1.4108782678178404,0.5113591524403335,6.216023045588979,7.141795408196668,0
acrBp,39,1,1.410827186069423,0.5002310331230739,6.233624719543138,7.147582863179892,0
crpp1,39,1,1.4107968237584807,0.6048102555303441,6.245467551458434,7.092989842532804,0
ompRp2,32,1,1.4107788679393367,0.577803253317193,6.297998618476004,7.10004547625347,0
mcbAp5,31,1,1.4106409577779535,0.5649477410361268,6.308007223625662,7.105810575196259,0
tabA_predicted,32,2,1.4105025185966662,0.5265190828990504,6.285133801681583,7.133675402620115,0
intE_xisE_ymfH_predicted,16,2,1.4103473926444658,0.5156260998288295,6.232821262066647,7.130738573229591,0
yncEp,2,2,1.410280287749304,0.6214655482526498,6.25423109435843,7.081831154830089,0
ybaY_predicted,17,1,1.410212081382673,0.6871501572565377,6.279859347656846,7.007608407979736,0
gatYp,37,2,1.4101757222902218,0.8641386049256932,6.208152968030648,6.918062784690562,2
ompRp3,22,2,1.4101428400456106,0.47155090023386165,6.183001033413846,7.160831119640706,0
ybaY_predicted,12,2,1.4098768244491513,0.6169337212099333,6.274750885783689,7.094038059468528,0
yadL_yadM_yadC_yadK_predicted,22,1,1.4098363947679162,0.5299753165081814,6.30037265514643,7.120331225643856,0
mhpRp1,22,1,1.4097171679806897,0.503376710387357,6.26526262758961,7.147774005551012,0
xdhAp2,4,2,1.4097024618343656,0.7570108957233391,6.211777568941194,6.977348644305907,2
rcsDp,24,2,1.409700597134842,0.42586405744806644,6.254127128875287,7.190409052690424,0
gatYp,16,2,1.4095731057850267,0.6537403048471988,6.330936189286346,7.059376832612618,0
ykgRp,31,1,1.409444090992089,0.5595227015604758,6.2605578906506505,7.111985064348725,0
ompRp1,40,1,1.4094358642813118,0.6233835292572871,6.239086775776803,7.062500400161852,0
ompFp,22,1,1.409253740860941,0.5069675741917311,6.299928332770156,7.148163731377478,0
ygeW_predicted,41,2,1.4092509452023458,0.5321064931591017,6.218641630208893,7.133670536468964,0
ygiW_predicted,7,1,1.4092345457919826,0.7364358030429685,6.279012280749458,7.0191547238376994,0
lacIp,25,3,1.4092164377558685,0.601524019176751,6.289139369647108,7.0925890962563205,0
acrBp,4,2,1.4091930500521823,0.47228534396173544,6.302268334381501,7.168515008913093,0
tnaCp,19,2,1.409139875559973,0.6481242756767674,6.303626884938419,7.041343144411598,0
ygiW_predicted,25,1,1.4090365958788313,0.5010341567154464,6.296057049769399,7.149358999167695,0
ygfM_xdhD_predicted,21,1,1.4088149146551585,0.683344750181415,6.261411040975135,7.0168252740938915,0
ftsKp2,28,2,1.4087815691924719,0.44888811374302107,6.248991892373327,7.171805862964846,0
yjbJ_predicted,10,1,1.4087812746756656,0.5809031401103527,6.2392137310116285,7.103205861451016,0
intE_xisE_ymfH_predicted,5,1,1.4085881028284897,0.5033607596819233,6.2550377913378785,7.150011894517129,0
yqaEp,12,1,1.4083177067051766,0.5234977778468762,6.211646289637798,7.1369200856107415,0
mcbAp5,14,2,1.4082923834261507,0.4588296305581686,6.351264122092136,7.185772469885827,0
gatYp,40,3,1.4082645949583517,0.8862892128617303,6.203906040593004,6.88512113527254,2
yqaEp,32,1,1.4082362355597513,0.4992645807953815,6.3176698238873925,7.1584579183478585,0
ssnAp,16,2,1.4081826572626617,0.5567378796596605,6.189862213798561,7.106409369111286,0
lacIp,36,1,1.408114605984174,0.4684835760079484,6.286395961184139,7.1677392086088805,0
mhpRp2,23,2,1.4080660895386035,0.8106246696968414,6.299264125135947,6.962311477526468,2
TSS_6311_regulondb,3,2,1.4080651642379856,0.507362486028211,6.230641851172702,7.1485983368055885,0
ygeW_predicted,31,3,1.407923655982088,0.5590398329131375,6.268151961528575,7.1264226441258005,0
yjbJ_predicted,24,2,1.4078543862070443,0.5853444655608444,6.252800436462795,7.107094756016069,0
ybiY_ybiW_predicted,30,2,1.4077535305792281,0.57822523492475,6.254489591510698,7.112576298771312,0
tabA_predicted,35,2,1.4076511685996012,0.5277471456541722,6.305575068195066,7.145017544388452,0
crpp1,25,3,1.4074493637576084,0.5176912764153377,6.290139008427414,7.134308255674519,0
tfaE_stfE_predicted,38,1,1.407325334466979,0.536671484419456,6.246729793822314,7.137199077067331,0
ssnAp,4,2,1.4072648205399745,0.4817442066685791,6.293575898108415,7.159749749267794,0
mcbAp5,33,2,1.4072557068408753,0.5940804734213811,6.252463280721002,7.093276373640229,0
ygeY_predicted,30,2,1.407188513799872,0.478204546161117,6.260833675955883,7.180496238075001,0
tabA_predicted,38,1,1.4070386547567908,0.5293847305334272,6.252921249389201,7.133351497070384,0
xdhAp2,39,1,1.406887829178067,0.4828376115855011,6.200493873320767,7.152326059977456,0
tnaCp,24,1,1.406840234485451,0.45159957516926913,6.277991181331796,7.174744929226877,0
TSS_4654_wanner_regulondb,10,2,1.4067892947670004,0.49736645970389526,6.311480185557395,7.158797490490206,0
crpp2,15,1,1.406729031331218,0.4428112437457352,6.224976443346791,7.174414819906099,0
TSS_4654_wanner_regulondb,15,2,1.4065682833667847,0.500458266204194,6.319002883832269,7.156521146317994,0
TSS_4654_wanner_regulondb,35,1,1.4065674504574475,0.4292536981412478,6.194390192745594,7.173131678291454,0
icdC_predicted,4,1,1.4065335381791666,0.4597238954304017,6.338091243027257,7.179332893617323,0
ghoSp,24,2,1.406469036010303,0.5740474839563852,6.2608272497076545,7.090872278330183,0
yjbJ_predicted,18,1,1.4064638171011332,0.6198084404467877,6.280027685411808,7.069380939646682,0
ymfM_beeE_jayE_ymfL_ymfR_tfaP_ymfT_ymfN_ycfK_ymfQ_predicted,5,1,1.406398759203184,0.5207377159331683,6.220747189601003,7.12166035148198,0
ymfM_beeE_jayE_ymfL_ymfR_tfaP_ymfT_ymfN_ycfK_ymfQ_predicted,4,1,1.4063964186946827,0.5193744560654883,6.283838576317436,7.137924913748374,0
yagB_insX_yagA_predicted,30,2,1.4063484154448376,0.6519292917732942,6.282604130691749,7.043380304664359,0
xylFp,3,2,1.4063037448661462,0.5364236563896492,6.33425511773667,7.132581972451833,0
ybiY_ybiW_predicted,3,1,1.4062617381653564,0.5185640798753749,6.299653016547825,7.139925972096898,0
ratA_yfjF_predicted,24,1,1.4062455590836116,0.41892270971742346,6.271625415059759,7.189713116574859,0
blrp,9,1,1.4060889674722228,0.7011527196806965,6.214837328361728,7.007438915172405,0
mhpRp1,31,2,1.4060466090376094,0.4669058461917129,6.243025045120678,7.156572997130894,0
hyuA_predicted,20,2,1.405755067376662,0.5490587493004672,6.26929747725347,7.115671716652697,0
yagB_insX_yagA_predicted,37,1,1.4055851991424968,0.581763594440916,6.261399354925252,7.120254352097369,0
ratA_yfjF_predicted,7,2,1.405530362212233,0.5404796982266378,6.2924902220204455,7.106994019720607,0
ykgRp,33,2,1.405522611122622,0.6124620072720958,6.34689150544823,7.09146210373432,0
gatYp,10,2,1.4054263202940451,0.8212162357857264,6.188753959021543,6.93693531529785,2
rspAp,34,1,1.4053889310450045,0.636016461228996,6.322375694987317,7.082959294049006,0
TSS_4655_regulondb,39,1,1.4053772825234385,0.5364742066990045,6.266246371572338,7.130957931544043,0
ygeX_predicted,5,1,1.405370079689651,0.5268879387844959,6.302424395265207,7.135891141950738,0
TSS_4654_wanner_regulondb,40,1,1.4053401997594608,0.6820410772497568,6.316687913768654,7.026662357737474,0
yacH_predicted,10,1,1.4052981687912263,0.5400501285269633,6.293781914303681,7.114529252512802,0
yqaEp,14,2,1.4051622985139007,0.7235388424473701,6.230622141057173,7.001460802203175,0
tabA_predicted,14,3,1.4050563890766323,0.5414956219524184,6.244735566488613,7.107993729470877,0
yadG_yadH_predicted,28,2,1.4049966649582717,0.5423275430999009,6.241140721016981,7.108712094244432,0
acrBp,41,1,1.4049453865020225,0.513485121789617,6.218102302285199,7.128452768678396,0
xdhAp1,19,1,1.4049022310560024,0.4918282206575665,6.288819921758771,7.1472379241060295,0
uacT_predicted,38,2,1.4047897524660273,0.494246629291014,6.294924199133407,7.143643319897587,0
yjbJ_predicted,35,1,1.4047671452625652,0.4612849773143283,6.295031844542457,7.1780796487323855,0
rdlDp,38,2,1.4047050912216386,0.49162257817497523,6.284830326627642,7.147201702980769,0
furpa,15,1,1.4046307878422726,0.6334579421224235,6.275770089527585,7.088074023663808,0
tfaE_stfE_predicted,33,2,1.4046072100124591,0.4595985521910482,6.33388519903005,7.1851641568710845,0
ompRp3,31,1,1.4045464446546432,0.5416989505881755,6.30989043006676,7.145512917162056,0
gatZp,28,2,1.4045037192657797,0.4999879306497498,6.2946869962927465,7.136235494525658,0
icdC_predicted,2,1,1.4043732043694515,0.5556162442701288,6.2805928173337335,7.110574917021394,0
intE_xisE_ymfH_predicted,17,1,1.404254278566919,0.4715432146345412,6.235229486926695,7.178467160093357,0
ratA_yfjF_predicted,17,1,1.4042427996326576,0.5914590011893113,6.232181663774789,7.065988184808775,0
TSS_6311_regulondb,4,3,1.4042369498526392,0.5833817756045206,6.210455856493835,7.086382458269094,0
yncEp,14,1,1.4040671381933607,0.5613277769725017,6.2788316955422845,7.121095166228587,0
crpp1,31,2,1.4040317354390068,0.5451813056535794,6.2741605023083125,7.120557645356267,0
gatYp,34,2,1.4040251899496718,0.772461614485098,6.2140244221481495,6.982826618704873,2
cusCp,36,2,1.4040089801623563,0.48112887143325156,6.285682078427991,7.154794696207172,0
acrBp,20,2,1.4037633050893095,0.6059992631451624,6.237905871627717,7.085078304458598,0
intE_xisE_ymfH_predicted,18,2,1.403563528807225,0.6666322463593776,6.253590161804736,7.029851243351471,0
mhpRp1,22,3,1.4033445287737714,0.5262363310243579,6.278369626721339,7.132377500642017,0
ygeX_predicted,33,2,1.4033096862859802,0.5090447052642696,6.284509467985043,7.1299763992970675,0
ompRp2,22,1,1.4031696276225754,0.48277960493419453,6.340134571495592,7.175244875474065,0
galSp,10,2,1.4031400984843423,0.5262235798443404,6.259640765566765,7.124999885080985,0
rspAp,38,2,1.4031036638440628,0.48793253731543973,6.288590204191914,7.155622708944366,0
yadN_predicted,22,2,1.4030394613703885,0.5844334802626563,6.295418208976982,7.102075025849292,0
ygeX_predicted,39,1,1.4030098750878164,0.5721470597107292,6.215690333263499,7.12398728252035,0
ygiW_predicted,16,1,1.4029709262158672,0.5487436041388578,6.205661111147221,7.105695979403146,0
TSS_4654_wanner_regulondb,12,2,1.4029472746003973,0.5149577814066241,6.2994707202417235,7.136853363529061,0
ygfM_xdhD_predicted,14,1,1.4028927651279235,0.6367364557540784,6.287053289476822,7.089315625439008,0
hyuA_predicted,9,2,1.4028023425091045,0.5540973987600344,6.28207555178127,7.131673739368839,0
ompRp1,18,2,1.4027651022777015,0.628474470937666,6.193832452663086,7.051209780771914,0
yadE_predicted,13,3,1.4027100044722594,0.495026020125355,6.2998107505657375,7.156733696781342,0
TSS_4655_regulondb,4,2,1.40268395831144,0.5200570344030723,6.31435810642853,7.1371538509331645,0
tfaE_stfE_predicted,22,2,1.40266742711213,0.5130988086903315,6.208421725145696,7.1298403048221175,0
ygiW_predicted,35,1,1.4024832041786948,0.5176156801449892,6.30952083100307,7.143058721095247,0
yjbJ_predicted,2,2,1.4024780588654342,0.5281670730982246,6.279110636807401,7.124916730995,0
yqaEp,34,2,1.4024372145365125,0.5022472213483492,6.249659988107709,7.134503720718599,0
mglBp,38,2,1.4024165843545495,0.5545925239450067,6.293889252055218,7.123858751557883,0
xdhAp2,22,1,1.4024078569506966,0.47633411174495527,6.321126159509145,7.168171843108281,0
rcsDp,14,1,1.4023673899327687,0.5613890648936973,6.190537428031828,7.0916059230098245,0
ompRp4,19,3,1.4022630620232905,0.8108883784781202,6.248520159634779,6.910294508186325,2
crpp1,35,1,1.4022513733874897,0.6102942881737865,6.247137481375325,7.071722969458639,0
mcbAp5,39,2,1.4022042666779844,0.46790595991382733,6.347914313675336,7.174393292091256,0
ompRp3,11,1,1.40218090032231,0.5609254888951359,6.336388303920723,7.093314436800844,0
intE_xisE_ymfH_predicted,36,2,1.4020573930812037,0.5425255760752346,6.304574299815272,7.129455060797698,0
TSS_18061_regulondb,17,1,1.4020244889423965,0.5319289531315922,6.2865212604367,7.13024280643844,0
ygeY_predicted,14,2,1.4020066587942919,0.49874858045251663,6.2734698732992555,7.15211101198744,0
crpp1,22,3,1.4019222609992075,0.7132566450593173,6.2765148553180605,7.0302166394127585,0
tabA_predicted,4,3,1.4018376170843037,0.6080093637901361,6.248535303185564,7.039634004940292,0
tolCp1,31,2,1.401798081384856,0.6839095606849249,6.277886893723041,7.0274269272866565,0
araCp,17,1,1.4017711838039728,0.6354612859942934,6.270977786734184,7.067310672725365,0
TSS_1414_storz_regulondb,17,1,1.4016144839638582,0.4699565271032292,6.295511748216262,7.178627690578101,0
rcsDp,25,2,1.4015508696131018,0.48680897843204524,6.268807955981704,7.161874215992049,0
dgoRp,28,1,1.4014706973142685,0.6112680835177147,6.263874671237635,7.107984228539692,0
ymfM_beeE_jayE_ymfL_ymfR_tfaP_ymfT_ymfN_ycfK_ymfQ_predicted,18,1,1.4013075925009542,0.5559206520993477,6.301932437727594,7.10987162324173,0
icdC_predicted,6,1,1.40121160715641,0.5803580332284304,6.236306876555876,7.100093289188196,0
TSS_4654_wanner_regulondb,22,3,1.4010544793557085,0.4611695017619477,6.226354652342766,7.1700081284510775,0
TSS_4654_wanner_regulondb,28,1,1.400941965154201,0.5879326849631344,6.263896346373194,7.091917239203903,0
ymfM_beeE_jayE_ymfL_ymfR_tfaP_ymfT_ymfN_ycfK_ymfQ_predicted,11,1,1.4008666993121643,0.4955697554605569,6.299790943850205,7.14052410423614,0
acrBp,25,1,1.4008059690457955,0.5678524844555353,6.298788515458879,7.09512821088985,0
galSp,32,2,1.400683838424019,0.5925692118793219,6.3194393845854435,7.090704367817593,0
xylFp,19,1,1.4006603871442116,0.4120993030025339,6.257450809586936,7.198979148560635,0
TSS_4655_regulondb,31,1,1.4005300679515484,0.3767290540378732,6.267407569440495,7.222064468356636,0
ygiW_predicted,21,2,1.4004654053354597,0.6015313339911781,6.25654171121449,7.092306056382991,0
ecnBp,31,3,1.4004243855842273,0.7571178746209224,6.276477200900289,6.964944883030857,2
mcbAp5,1,1,1.4002907707233059,0.574846789649311,6.208314337680431,7.107697494186327,0
mtnp,20,2,1.4002843278198076,0.4983374597687517,6.256635752226437,7.140843819141154,0
ygfKp,36,1,1.4000335851177343,0.5373620732236408,6.280187021522869,7.116717625442577,0
ssnAp,15,2,1.3998786595102055,0.6023855711942736,6.251580320331696,7.062901056132413,0
rspAp,10,2,1.3998781877390156,0.8019221498746657,6.217122898663842,6.915507539653564,2
tfaE_stfE_predicted,17,2,1.3997961582699363,0.5231011758665282,6.233591749366051,7.138573729049229,0
acrBp,19,1,1.3997415038387915,0.4811557626516567,6.292799889109242,7.163241168395821,0
ssnAp,33,1,1.3997155053119548,0.5059591129913333,6.30023487156458,7.146720118760317,0
gatZp,20,1,1.3996439831890817,0.5273136859566816,6.261848069888801,7.139944664223448,0
yacH_predicted,3,2,1.3992590658420498,0.581248877814424,6.289432529797475,7.108222140142166,0
yadL_yadM_yadC_yadK_predicted,6,2,1.3992041009085883,0.6283975595295159,6.261215540766571,7.065221142572453,0
tolCp2,15,1,1.3991816208012944,0.5210743352018207,6.313093401407746,7.126635610948643,0
mglBp,20,2,1.3990852568870422,0.5586807831310795,6.2599176351512416,7.104418848915627,0
ygiW_predicted,12,1,1.398991060623601,0.48610091101797837,6.334807600622858,7.158773068593582,0
ompRp1,6,2,1.3989035397820078,0.4778644842246466,6.282361721482628,7.153974925467605,0
lpp,39,1,1.3987113446108361,0.5435745945767444,6.237388416472169,7.123228146397723,0
yagB_insX_yagA_predicted,31,2,1.3986880380761888,0.39690870179166665,6.236623928097292,7.207363905133802,0
ygfS_ygfT_predicted,24,2,1.398657316190194,0.5097101261350528,6.266922482484039,7.148612594623032,0
hyuA_predicted,29,2,1.3986415387481927,0.5967628334684016,6.262983644683207,7.095644561181656,0
ompRp1,39,2,1.3986160425306484,0.5722474939544212,6.357189947619693,7.1096835029145335,0
lacIp,6,2,1.398466481416059,0.722948096615036,6.2810976531881995,7.009530137207711,0
rspAp,4,2,1.3982973472730749,0.856542549973114,6.21368525306544,6.859018446279064,2
ygeX_predicted,32,1,1.3980904697479053,0.5388229128249236,6.240801427038585,7.121314315473864,0
yadN_predicted,16,1,1.3980391327844506,0.5745046358874702,6.258935122834908,7.088386192828656,0
mtnp,16,2,1.3980084118966298,0.6524053783593649,6.291586905042765,7.075570438351732,0
xylAp,22,1,1.3979777936934403,0.48528627604030167,6.326813067967636,7.1644130559130605,0
ompRp3,22,1,1.3979007436224742,0.40528339285126647,6.301350120796755,7.209873038155755,0
TSS_4654_wanner_regulondb,14,1,1.3978588474822182,0.5498599076382534,6.266797561173315,7.130088507803644,0
ldrDp,24,2,1.3977257199011375,0.45043650450679634,6.282102647619604,7.181180456976613,0
acrBp,32,1,1.397704464980307,0.567241042514566,6.288220537828278,7.1121558936066585,0
uacT_predicted,19,1,1.3974942151622323,0.5397174519146736,6.32651832083428,7.117284558510171,0
TSS_4654_wanner_regulondb,37,2,1.3971458066895577,0.4408098363555959,6.285571470140619,7.189910564891596,0
pheMp,38,2,1.3970597016568842,0.454671369055875,6.22485936921325,7.1700581349562365,0
ykgRp,16,1,1.3970069349269902,0.5038865956022696,6.213708968159121,7.143206770152723,0
lppp2,17,1,1.3967716296300066,0.4775084681186209,6.297478007033926,7.153598373055654,0
ygiW_predicted,15,1,1.3967576400650747,0.5560875684166794,6.233825801899684,7.1150589455622,0
intE_xisE_ymfH_predicted,32,2,1.3966947114469122,0.5226603275154706,6.3489262656054795,7.154599330749684,0
ygfM_xdhD_predicted,25,3,1.396500989469442,0.4323868568267349,6.342475572022327,7.196464539456677,0
yadL_yadM_yadC_yadK_predicted,10,2,1.3962963755815039,0.5907993443713613,6.245079464377125,7.08186011560496,0
acrAp,20,1,1.3961068533548815,0.7006513805378897,6.267517304589621,7.0241219424198675,0
TSS_4654_wanner_regulondb,25,2,1.3960993637827213,0.4984021336887323,6.217954715482769,7.149665612728563,0
ygfS_ygfT_predicted,1,2,1.3959338131525079,0.48631754052240583,6.252268847971898,7.145560108494142,0
TSS_6311_regulondb,32,1,1.395837105692313,0.4712717003647131,6.248895699346084,7.161399068908319,0
intE_xisE_ymfH_predicted,1,2,1.3956969359852303,0.6179925782980559,6.277433401172855,7.0695771793624385,0
gatZp,37,1,1.3956759440760507,0.4688360944903603,6.241953762672517,7.163157288728386,0
tisBp,38,2,1.3956531577490239,0.5587661310754192,6.265600784727771,7.107178001172802,0
yahL_predicted,35,1,1.3956404927624546,0.4573154341794502,6.261110995131332,7.174456861599448,0
hyuA_predicted,34,2,1.3955830513372265,0.6154880783799918,6.265414550924408,7.084791967271482,0
uacT_predicted,14,2,1.3955605421161712,0.5065903680518388,6.288386131425439,7.143973611787727,0
yadL_yadM_yadC_yadK_predicted,32,1,1.3955513769845223,0.47033234043936767,6.278841511916124,7.166931040360741,0
galSp,5,2,1.3955196335054545,0.5014223099139294,6.236781839978277,7.145402153650101,0
ygeY_predicted,17,2,1.3953054809715943,0.5947398464328951,6.279285537905478,7.068248416980649,0
ompRp2,12,2,1.3951990117836854,0.5287977236243045,6.2890517332570965,7.1164882409846975,0
yjbJ_predicted,19,3,1.3951681039635504,0.5533016350476521,6.215942399881705,7.110219190328249,0
ygeW_predicted,14,2,1.3950981460755254,0.6135087893327988,6.257046555201611,7.083769575901835,0
ecnBp,38,1,1.3950643236656697,0.504521123047369,6.278423788452143,7.1418864894131096,0
rcsDp,20,1,1.395013627586621,0.5434434913180104,6.250683060433795,7.114998682743256,0
yncEp,6,1,1.394989340146253,0.5450392962253635,6.333187091260841,7.139082365822489,0
ratA_yfjF_predicted,19,2,1.3949497664673687,0.5812827604561726,6.302252656812575,7.110235006609142,0
gatYp,41,1,1.3948828994422058,0.8543621695338768,6.232548907883329,6.904222354460222,2
yahL_predicted,38,2,1.3948744150616537,0.4596326512189535,6.319328765169787,7.172621742388437,0
ygeY_predicted,32,2,1.3947654792918742,0.48777311095751746,6.298250121145712,7.160111077359756,0
uacT_predicted,21,1,1.3947302799344494,0.6344764062313035,6.317458668547014,7.070192660608983,0
yadI_predicted,6,2,1.3947232693090708,0.5379488476034618,6.302578290550728,7.1404318131528735,0
tabA_predicted,36,1,1.3947157490331408,0.46338619330032793,6.212008849974489,7.169095692331368,0
TSS_4654_wanner_regulondb,6,1,1.394706352779245,0.4875594541799942,6.266914795393509,7.151800674286265,0
xdhAp2,33,2,1.3946893998339602,0.5393334539236944,6.222139408653528,7.119132108599231,0
ygeX_predicted,17,2,1.3946842652912481,0.4814722540812488,6.28879596478788,7.158236134018148,0
hdeAp2,24,1,1.3946363688523555,0.5512061082467496,6.284287108478093,7.127606695302751,0
xdhAp2,31,1,1.3945945021893633,0.49235180644944054,6.293991047885214,7.144425317908836,0
mhpRp2,20,2,1.3945355387207143,0.5816871800100704,6.281752655077218,7.100344297398266,0
ghoSp,22,2,1.3944500595794742,0.49631061818263905,6.265505262877373,7.147182801866249,0
intE_xisE_ymfH_predicted,31,2,1.3944393659363887,0.42797429695759504,6.247356022437572,7.192468052647609,0
tabA_predicted,16,1,1.394292949860273,0.44024131152149193,6.242295509243077,7.184534088142074,0
lpp,20,1,1.394249814723496,0.5846503933309786,6.317934830893852,7.116535670551225,0
xdhAp2,10,2,1.3942253435876342,0.48771112835500063,6.273552323930041,7.1597723877588155,0
yadL_yadM_yadC_yadK_predicted,6,1,1.3942227235156568,0.5314376325460406,6.253357459774973,7.134752465228696,0
xdhAp2,6,1,1.3940971297023914,0.5869189616050257,6.2482610829392655,7.075648840728215,0
tnaCp,25,3,1.3940581433833779,0.4804583490690842,6.309086878279751,7.168222529440325,0
ompRp3,41,1,1.3937145397972295,0.61652393092649,6.264595867723557,7.0835179808665645,0
yqaEp,35,2,1.3935495311729837,0.5402265313747883,6.275584438342564,7.118448363184104,0
rspAp,20,1,1.3934319216830047,0.8289008584464013,6.215464854494039,6.8950044896192715,2
xdhAp2,34,2,1.393425475721154,0.5003997265733081,6.301251488621105,7.148375739331092,0
ompRp3,36,2,1.39323603737757,0.6146406845485743,6.299073821636215,7.071905101705746,0
yacH_predicted,34,2,1.3932101200634717,0.6020227056633914,6.209375957403051,7.064428213194984,0
ygeW_predicted,34,1,1.39306081100038,0.5328469158871771,6.298884244937405,7.137664800095985,0
tnaCp,25,2,1.3930160788543215,0.561074602663705,6.144843531172736,7.093180062946749,0
kbpp4,17,1,1.3929291597835654,0.7881222647441097,6.299291437941221,6.9732634188422065,2
galEp3,38,1,1.392923178469113,0.556774477929096,6.236885303487787,7.114889608209297,0
mhpRp2,28,1,1.3928597569090075,0.6166326291186958,6.301912533003282,7.058589218264537,0
ygiW_predicted,30,2,1.3926104487982822,0.4804271368453291,6.336961430133428,7.167073792427471,0
TSS_4655_regulondb,34,2,1.3924659861841266,0.5290692328072413,6.3285731692642635,7.13327114089509,0
xylFp,5,1,1.3921981432793482,0.3987512294774413,6.26681424008763,7.207463895385776,0
galSp,18,2,1.3920923418699223,0.46771973580843423,6.260264540056778,7.178692487402868,0
ompRp4,17,1,1.3920517172708544,0.5400651147658337,6.2570785387595045,7.127097332991114,0
ompRp4,31,2,1.3920127952656363,0.5763378170851561,6.2555072468453226,7.11673864615554,0
mhpRp2,15,1,1.3918921157336037,0.4569068691621788,6.327985401127442,7.173079420089165,0
TSS_4654_wanner_regulondb,31,3,1.3918699112240587,0.4441669476710204,6.292174847186214,7.192660803691951,0
tolCp4,38,2,1.3917930221247816,0.5514825614282682,6.333715722235999,7.113245370486105,0
ygfM_xdhD_predicted,8,2,1.391770124595188,0.5942484656479733,6.229532967821225,7.089164759050936,0
ykgRp,28,1,1.3917217825856503,0.6397383100130263,6.269225700864076,7.056061475001924,0
ompRp2,38,3,1.3916925957590185,0.7218361600891724,6.258442143572735,6.993264194524807,0
gyrAp,31,2,1.3916285200198895,0.5808659535736448,6.256118292353005,7.090210055373446,0
yqaEp,13,2,1.391610844876708,0.47005840975047347,6.275193758660326,7.168966147046967,0
TSS_6311_regulondb,17,1,1.3915128043706249,0.5300392046140014,6.28364678699184,7.130630934588778,0
mcbAp5,12,2,1.3914773331481582,0.5663639043341431,6.283530971326361,7.102392970955803,0
rdlDp,24,1,1.3914529698153304,0.5553001144171422,6.247599680844371,7.135311245271884,0
ompRp1,31,1,1.3914401108400176,0.5511597303287911,6.264870898374337,7.109771919203396,0
cpxRp2,30,1,1.3914361481991457,0.6321660377542027,6.265006153256651,7.065065744082834,0
ygeW_predicted,5,2,1.391375058419245,0.4758214254940756,6.262626857920171,7.162023248334564,0
ymfM_beeE_jayE_ymfL_ymfR_tfaP_ymfT_ymfN_ycfK_ymfQ_predicted,9,1,1.3913069212404845,0.63229199393745,6.275035171149264,7.083323799201034,0
crpp3,17,1,1.3911951182786177,0.5394320998223482,6.295989886184239,7.1240200734516765,0
acrBp,36,2,1.3911508229501943,0.4830161166702082,6.264895893970499,7.143185162707942,0
dgoRp,17,1,1.3911043700825418,0.5177916379790775,6.2959893751493015,7.154455716581322,0
ygeX_predicted,29,1,1.3910286349245753,0.4197365145199778,6.2877131478894555,7.1887670629427785,0
ykgRp,17,1,1.3909899256270437,0.45552680625391523,6.282576171532661,7.180906011738212,0
ratA_yfjF_predicted,21,1,1.390862165858339,0.4731310717698673,6.352549271859681,7.172049799977774,0
rspAp,40,2,1.3907133601479664,0.7683852012872346,6.273546968576321,6.954849922121719,2
dinQp,22,2,1.3907109602526524,0.5583688161742003,6.243377199942289,7.1148130096395565,0
ompRp4,2,2,1.3905028867167446,0.6606655961910605,6.215633028794232,7.044090828697817,0
ygeY_predicted,35,2,1.3904764510893073,0.49818197012769244,6.2627278576034175,7.140943134249511,0
uacT_predicted,31,1,1.3904409084455784,0.6444745370831368,6.246655909585192,7.07846207538404,0
ymfM_beeE_jayE_ymfL_ymfR_tfaP_ymfT_ymfN_ycfK_ymfQ_predicted,39,2,1.3904202714579166,0.5606828873237013,6.296067165679812,7.111867585650364,0
hyuA_predicted,41,2,1.390402484313248,0.5261500098396172,6.2154519922204035,7.120556528585778,0
ldrDp,25,2,1.390395590310495,0.5589415415098342,6.252105953346975,7.101280965268233,0
xdhAp1,13,3,1.3903018341554318,0.6756033387908393,6.335947761518752,7.060992425439313,0
yadL_yadM_yadC_yadK_predicted,20,1,1.3902616335211326,0.5600213522191954,6.255074424771952,7.118695486161483,0
yacH_predicted,25,1,1.390237264867805,0.5266092425580889,6.272500081749742,7.132201691732178,0
dgoRp,16,2,1.3902073278728333,0.616555890108181,6.2608810809522515,7.095517261877633,0
ygfS_ygfT_predicted,25,1,1.3902021484763871,0.5062708823191473,6.290173184224216,7.1346736674586335,0
ratA_yfjF_predicted,31,1,1.3901697098582397,0.5675235993531353,6.320125806549641,7.122607585329844,0
cusCp,39,2,1.3900392465589297,0.5178206572666104,6.280344728518805,7.142561525411069,0
ygfS_ygfT_predicted,9,2,1.3899992103231478,0.5395234446664449,6.338594878525178,7.136759179228321,0
lacIp,17,1,1.389837296026862,0.4830974771346223,6.3199150227793215,7.165782522858371,0
galSp,31,1,1.3897907707828085,0.5595027770632932,6.306722154385619,7.106267363563692,0
ompRp3,22,3,1.3897431364379824,0.5504550313842371,6.227554636048136,7.115544980874971,0
ymfM_beeE_jayE_ymfL_ymfR_tfaP_ymfT_ymfN_ycfK_ymfQ_predicted,3,1,1.389671922998792,0.49273437770351847,6.320341372615428,7.145658107979342,0
gatYp,17,1,1.3896404575065815,0.4982523579091313,6.346772958764371,7.146974515281504,0
ompRp2,9,1,1.3896120030963086,0.6396176909921572,6.2279701798763005,7.063235646416517,0
ygeY_predicted,9,1,1.3895988367363228,0.5180387241323813,6.3168536909859965,7.133421037873888,0
yjbJ_predicted,20,1,1.389586684623223,0.5181458942959264,6.3242758529033605,7.143574221601006,0
rspAp,15,3,1.389546607732491,0.7718723251011266,6.235963133765244,6.952822473816145,2
ygiW_predicted,34,1,1.3894306139049126,0.6025023961794245,6.287645919889098,7.098164513095708,0
yncEp,6,2,1.3891483898731862,0.6479738033628691,6.289443526344517,7.080673591311296,0
ratA_yfjF_predicted,12,1,1.3891408973192272,0.5575442688985838,6.30454531805791,7.1022138466377385,0
ygfKp,16,1,1.3890778101551338,0.5004166222998372,6.281845083451367,7.166353075701759,0
zapB_predicted,15,1,1.388952355338156,0.43470153617884905,6.2914753595415505,7.183864573921575,0
ratA_yfjF_predicted,21,2,1.388900148081893,0.5290668951772783,6.251884336951046,7.128362778165231,0
TSS_4654_wanner_regulondb,23,1,1.3887325904368975,0.4157801205777353,6.320804912338405,7.196871542972923,0
TSS_6311_regulondb,38,1,1.3886419588606813,0.525215447286765,6.305983181557498,7.158999033419665,0
yadG_yadH_predicted,4,1,1.3885414168328403,0.5197851330882776,6.253456880470905,7.140288953082438,0
ygiW_predicted,20,1,1.3884742807803439,0.5161467406307899,6.268770971010901,7.139694666804,0
ygeX_predicted,40,2,1.3883104023657113,0.5083084182950133,6.301063292659053,7.149224084641459,0
ymfM_beeE_jayE_ymfL_ymfR_tfaP_ymfT_ymfN_ycfK_ymfQ_predicted,18,2,1.3883017255101986,0.48184949563755725,6.355110081021788,7.145924408993473,0
galSp,31,3,1.3882303629034023,0.5000063743934096,6.33918924798885,7.170839859337306,0
xdhAp2,9,1,1.3880170167806136,0.43565095250760116,6.2934223616013565,7.189421598841703,0
ompRp2,25,2,1.3879614350729057,0.4731179530942402,6.234909736430134,7.167772941775971,0
gatYp,35,1,1.3879363351318819,0.7401982533262277,6.247994921299336,7.014901265361527,0
icdC_predicted,20,2,1.387897550454066,0.5894769691976177,6.287679616247097,7.078466480510094,0
TSS_6311_regulondb,10,2,1.3878112892952852,0.518476077408717,6.2327252076616375,7.137510252265791,0
acrAp,5,1,1.3876396655739816,0.7574495758603448,6.277375063620753,7.002413513206163,2
ybaY_predicted,2,2,1.3875761205556492,0.5617657752543423,6.334907957258074,7.147952550768514,0
ompRp3,14,1,1.387509190928733,0.7006193402629433,6.222471182036194,7.007242886202799,0
acrBp,20,1,1.3874414754692357,0.5267386835760041,6.2585549772820634,7.126532653892092,0
ymfM_beeE_jayE_ymfL_ymfR_tfaP_ymfT_ymfN_ycfK_ymfQ_predicted,19,1,1.3874230166150805,0.43257191298778563,6.296090153744002,7.192868946297322,0
galEp3,10,2,1.3874047854922966,0.5415832538559628,6.292237294755714,7.123164516979057,0
ompRp1,4,1,1.3873451329760067,0.5545784021509886,6.268279533138735,7.119872260772307,0
kbpp4,25,2,1.3873120323865227,0.45774135354285245,6.255911073773822,7.178501205316688,0
yjbJ_predicted,22,1,1.3872695984227554,0.5711161365824092,6.274556129739102,7.109052011724052,0
ygeX_predicted,24,2,1.3872471224788925,0.5208246967851796,6.208348631436484,7.1268994073454275,0
ftsKp2,14,1,1.387143664057226,0.6712795392903025,6.268282181904402,7.0480656511478905,0
ompRp2,19,3,1.3870967350683143,0.5590552781436324,6.302693044232004,7.110011226089165,0
ompRp2,20,1,1.3870501845500507,0.5660218515680413,6.261006110536812,7.098261003153466,0
tabA_predicted,1,2,1.3870227835763964,0.5213203582198508,6.277133610393074,7.124141553087204,0
ykgRp,21,1,1.3870154614636552,0.5502342511793681,6.273015260014205,7.123817485623116,0
hyuA_predicted,19,3,1.3869963452938745,0.4301682831355171,6.286008603954569,7.200703196023972,0
TSS_18061_regulondb,25,1,1.386985825786262,0.5382236330281991,6.240572139060142,7.11636658384222,0
mcbAp5,40,2,1.386958381778626,0.3638244661396318,6.3258422157375795,7.232566409045484,0
gatZp,18,2,1.3869501127910875,0.48614852334750697,6.298629099751821,7.162423590011883,0
ldrDp,19,1,1.3869173583093823,0.5866314903855303,6.304372966298918,7.097890465465659,0
yacCp,15,1,1.386870930698418,0.5224100613080381,6.307901760711581,7.1379615005716905,0
tnaCp,10,1,1.3868513958809048,0.7320594933423037,6.226335312792809,6.980883796401065,0
gatYp,20,2,1.386842727773419,0.7567617840204875,6.25886517818763,6.9855439550005425,2
xdhAp2,31,2,1.386800961609264,0.4317704450908132,6.291157090732326,7.183565779277392,0
uacT_predicted,17,2,1.3867480012593327,0.4987691512394267,6.2798752387097725,7.153738782256484,0
ygeW_predicted,18,2,1.3866598204564453,0.4954556788149271,6.288517907425213,7.152279602932772,0
ygeW_predicted,3,1,1.386534269347134,0.5023056700008655,6.210387663940702,7.133515476196147,0
rcsDp,28,2,1.38650605107806,0.5492826007531209,6.317021366214211,7.1279360649600925,0
crpp2,24,2,1.3864216944451517,0.549299267886399,6.31994290164573,7.134293280863345,0
yacH_predicted,19,3,1.3862362506518289,0.5412578968216805,6.2411519924185885,7.103519911688392,0
tabA_predicted,34,2,1.3861863248221369,0.4980208739917224,6.217462146970681,7.144033719307277,0
yqaEp,37,2,1.3861211026665499,0.5280373772979307,6.291653572627913,7.129266075330236,0
mtnp,17,1,1.386120594658789,0.5708481476248499,6.281633915365717,7.1143435995114235,0
yncEp,19,3,1.3860732507421751,0.5564299279862079,6.257627679341278,7.10375490858673,0
ompRp1,13,1,1.3860546740416846,0.542372292329113,6.304799940266536,7.1191522542714765,0
intE_xisE_ymfH_predicted,17,2,1.3859960985750488,0.4768859099442999,6.245085674643247,7.1691843514089,0
TSS_1414_storz_regulondb,30,2,1.3859224818572418,0.680719511532188,6.276394030368252,7.029081500298702,0
crpp1,25,2,1.3859004003454083,0.5692254806081939,6.204726278667703,7.0909190846759165,0
yahC_predicted,38,2,1.3858724869767038,0.5123806162090138,6.258404293872481,7.138237133338997,0
ghoSp,16,2,1.3858312794338357,0.44462406501604096,6.268998756016581,7.189622735093094,0
ykgRp,12,2,1.385774829645716,0.7336351268621402,6.203385063426428,6.964913656722083,0
ygiW_predicted,6,1,1.3856930483883858,0.45358110681839375,6.321180413495249,7.179682964581467,0
tmaR_predicted,38,2,1.3856904853069374,0.37649272377079845,6.309858655736749,7.216238914894677,0
ompRp4,12,2,1.3856744687248825,0.6087744284652994,6.264408339664136,7.069133586368829,0
yqaEp,17,2,1.385634624117953,0.47963598234692517,6.325722671956588,7.173669220958796,0
crpp1,2,1,1.38561039256784,0.6236288639198967,6.192487082221451,7.060344274980084,0
hyuA_predicted,2,2,1.3855408228167767,0.4177394910428024,6.265619500888585,7.2017560654567205,0
ompRp1,6,1,1.3854877537417152,0.5838697411330591,6.285763911821596,7.08787474263937,0
ompRp3,36,1,1.385369690520455,0.5284946143757011,6.298355724270108,7.13040133713514,0
TSS_6311_regulondb,40,3,1.385308398289297,0.5882723341918399,6.23093918864751,7.085525911538701,0
yqaEp,41,2,1.385250447095433,0.5501136839810592,6.221581126518871,7.1254631258623915,0
ymfM_beeE_jayE_ymfL_ymfR_tfaP_ymfT_ymfN_ycfK_ymfQ_predicted,2,2,1.385073567575531,0.5279185821896478,6.28544238621372,7.127715376516459,0
TSS_18061_regulondb,16,2,1.3850634434651574,0.5314279626851718,6.28416546537485,7.1218938499977735,0
galSp,25,2,1.3849775188837685,0.5167782679954797,6.2604446478221245,7.133071205407143,0
yjbJ_predicted,28,1,1.3849760016406913,0.6710912441655931,6.246192929955544,7.056353102129462,0
yqaEp,14,1,1.3849696448744329,0.4820077616859476,6.284863514398508,7.153706354967873,0
xylAp,31,2,1.3849321545120938,0.5523452211546559,6.287617526045932,7.1131874238314134,0
ygeW_predicted,35,1,1.384797877756819,0.5735827353523331,6.331075707509845,7.108323451700873,0
yjbJ_predicted,12,2,1.3847406638627004,0.46472080497608964,6.23275720744344,7.163606319867025,0
ybiY_ybiW_predicted,8,1,1.384696027808858,0.6595631291706231,6.344923752997065,7.056773659895849,0
yadI_predicted,25,3,1.3846169275171905,0.6364837746004409,6.241451766777262,7.027844355226751,0
yadG_yadH_predicted,11,1,1.3845871231146163,0.5177170368247352,6.275810953822958,7.134999462461265,0
TSS_1414_storz_regulondb,35,1,1.3845304229292494,0.5925617715015465,6.29240593675012,7.084109817322517,0
galSp,20,1,1.3843353375821752,0.4489365535392326,6.282344211747947,7.175424025973442,0
ecnBp,2,2,1.3843182858624365,0.5974812090358962,6.347391475682809,7.095636629996818,0
rspAp,39,2,1.383907434720291,0.8841028828335874,6.251178591038503,6.844433734343762,2
TSS_18061_regulondb,11,1,1.3838762797970148,0.43001730759854256,6.270430463269818,7.192033820566042,0
tnaCp,29,1,1.3838628191258031,0.5987547707568743,6.242504913615717,7.07201682864251,0
elaBp,15,1,1.383859343483552,0.5332208811896949,6.226309025534246,7.113094888004328,0
TSS_18061_regulondb,41,1,1.383840065971272,0.5148394382650767,6.275034993779278,7.131245548566898,0
xylFp,16,2,1.383787313408778,0.5226751294715857,6.312322721648492,7.129304237011048,0
TSS_6311_regulondb,39,2,1.3837780456691877,0.5885285263725326,6.2811438422525505,7.099685010833227,0
TSS_6311_regulondb,38,3,1.3837721362397644,0.5894537740491144,6.260342829426758,7.06204241920404,0
ygeX_predicted,28,2,1.3837653273281598,0.5696787317217253,6.357604429181575,7.122764115186717,0
gatZp,36,1,1.3837299601267055,0.5127046039339047,6.2173667542559965,7.132113368046735,0
galEp3,19,2,1.3837006129961695,0.44250894408346286,6.3308915749613535,7.180039830814071,0
acrBp,38,1,1.38358593036762,0.45643094872664924,6.257159255306883,7.170503769594149,0
araBp,14,3,1.3834208657115552,0.5449027763353549,6.294736159985035,7.122908984227957,0
yqjE_yqjK_yqjD_yqjC_predicted,38,2,1.3833053043923385,0.5184140250729807,6.336141116111749,7.139688187929947,0
ygfS_ygfT_predicted,22,2,1.3832884214030692,0.5495795166251359,6.317906010488667,7.123967204669881,0
acrBp,29,2,1.3831229896996866,0.4409563458982324,6.279215609510803,7.185687858144462,0
ssnAp,39,1,1.3831067551479026,0.4813767989984514,6.267878250999734,7.152705820554306,0
crpp3,24,1,1.3828939042756538,0.5377548801584189,6.300860765307763,7.117516818838458,0
TSS_4654_wanner_regulondb,19,2,1.382761862230901,0.541568670050668,6.309308202458412,7.133761885035899,0
mtnp,25,2,1.3826674339034941,0.470320465872352,6.352002314289,7.166550650008844,0
ratA_yfjF_predicted,4,1,1.382302533173551,0.44682700216146454,6.272300897729108,7.174890423384301,0
ygfKp,24,2,1.3822759715388562,0.5264710753804857,6.29073588026559,7.1244972712406796,0
tfaE_stfE_predicted,16,1,1.3821581691406695,0.47231299257187026,6.286505038262609,7.1659298449782565,0
ygiW_predicted,35,2,1.3821288543193444,0.5979967411698509,6.279292241352139,7.104180848112545,0
tfaE_stfE_predicted,17,1,1.3819608887671693,0.6175143732984256,6.247924663763127,7.064659682102629,0
uacT_predicted,25,1,1.3819231771130012,0.5713733392784336,6.2857897109851795,7.097449337517998,0
ygfS_ygfT_predicted,36,1,1.3819081010221264,0.4743013163242451,6.305843540393077,7.156104061188688,0
tolCp4,24,2,1.381801211524555,0.5552896600317123,6.263641215823594,7.119555027660207,0
dgoRp,22,2,1.3817973918463586,0.41233711527192934,6.246286672065356,7.1946644019484856,0
ygfM_xdhD_predicted,25,1,1.3817280313126272,0.4653561226161746,6.33494607377774,7.1759598026624065,0
uacT_predicted,14,1,1.3815148414407457,0.5152468503844977,6.273203004117807,7.140730174571269,0
TSS_4655_regulondb,2,2,1.3814983239057455,0.5937294552896506,6.33270936763182,7.102760476089482,0
ghoSp,15,2,1.3814428669446495,0.5823297600957521,6.309653856163267,7.113219601536144,0
yadI_predicted,16,1,1.38140886223605,0.5367064386391205,6.275531371895686,7.12041203888761,0
yadL_yadM_yadC_yadK_predicted,38,3,1.3813598837017267,0.5995685384386382,6.289802300511964,7.081705593017508,0
yjbJ_predicted,22,2,1.381359608375813,0.5290115945111473,6.334094212927422,7.136071933638583,0
ygfS_ygfT_predicted,12,1,1.3812766860535537,0.5473980332972062,6.309030338788292,7.110835563165839,0
TSS_6311_regulondb,38,2,1.3812709687526743,0.458106162481847,6.28602111946965,7.170969949471923,0
ecnBp,17,1,1.381239057260816,0.5469644459821855,6.2544688560424975,7.114038838372383,0
ygeX_predicted,34,1,1.3812293004475227,0.4582394967178413,6.273496543508503,7.173534205817902,0
yjbJ_predicted,25,2,1.381222343035001,0.5641653281243112,6.323972273466146,7.120846366320794,0
rspAp,5,1,1.3810159980987735,0.5577370514572384,6.259787862767808,7.110550082168715,0
gatYp,41,2,1.3809222361544526,0.7527421598248716,6.254316832128755,6.990035856989746,2
TSS_1414_storz_regulondb,31,2,1.380888521885397,0.5538192340909189,6.294485984328999,7.12142300452977,0
yadI_predicted,4,1,1.3808705292823054,0.5008259095804453,6.276158835002608,7.1460132226954025,0
ratA_yfjF_predicted,36,2,1.3808078120919947,0.5119850349776235,6.281249562825688,7.143815708644419,0
gatZp,17,1,1.3807880134964103,0.506620664474994,6.2857023933860505,7.157325679683108,0
ompRp4,19,1,1.3806997419694926,0.4931384775419942,6.293403798669251,7.151380144535383,0
ygiW_predicted,1,1,1.3806804987913543,0.5220957319538915,6.244144826571619,7.136893028713411,0
galEp3,22,1,1.3806039087282946,0.5012320286973082,6.322073580527245,7.155729191229941,0
ygfM_xdhD_predicted,11,1,1.3805458836189926,0.49070740949181985,6.233012290145063,7.164231537153326,0
ygfKp,37,2,1.3803821248426142,0.5914703261447958,6.333062127567057,7.092662283917401,0
mtnp,22,1,1.3802689293060217,0.39066308868620175,6.271973422527257,7.213486142478445,0
ybiY_ybiW_predicted,25,2,1.3801704735974845,0.47653425721073256,6.2733571099570975,7.171704562433842,0
yadI_predicted,16,2,1.380134369549972,0.4292589863919825,6.279152802554379,7.188881128603667,0
ygfS_ygfT_predicted,19,3,1.3801094245612984,0.5215131340370047,6.332420037961154,7.131485547435224,0
araCp,4,1,1.3800701870766428,0.6213696398299656,6.337057297030457,7.070686760580214,0
cusCp,4,1,1.379972032435569,0.5467497975216826,6.273604073445986,7.1102333196382475,0
blrp,20,2,1.3799231052843337,0.47820920120282967,6.296989181438654,7.167650194372234,0
tfaE_stfE_predicted,11,1,1.3798887151160624,0.49081915263733983,6.283002089107486,7.145230938925668,0
ygeY_predicted,3,1,1.3798864525957322,0.47661723353440955,6.25766751112066,7.164074414280667,0
tfaE_stfE_predicted,40,2,1.379820643744914,0.46150051538895687,6.343000461304793,7.180448211421024,0
intE_xisE_ymfH_predicted,13,3,1.3797558766119484,0.4902694959399407,6.289319281880941,7.162063695812202,0
tnaCp,7,2,1.3797555364657625,0.7016170384003639,6.269393000328636,7.007787041738403,0
xdhAp2,28,1,1.3795774835047592,0.6470341996301274,6.23033123956647,7.04569586026708,0
galSp,13,1,1.3795117076943733,0.573458636919839,6.338964655629217,7.083099760686055,0
ygiW_predicted,41,1,1.37948825995198,0.45552728679943644,6.333456878344377,7.174518344252271,0
ymfM_beeE_jayE_ymfL_ymfR_tfaP_ymfT_ymfN_ycfK_ymfQ_predicted,33,1,1.3794756791320542,0.5198629041094465,6.3372273827167795,7.152501686360343,0
yjbJ_predicted,19,1,1.3789978400542031,0.5877377577991161,6.290302154773335,7.0789552660316,0
galEp3,20,2,1.378831060414686,0.5193646112098094,6.21492486999569,7.122791703993549,0
ygfM_xdhD_predicted,29,1,1.378757679533211,0.4722530603315772,6.324196211707029,7.169156287774496,0
kbpp4,4,1,1.3787569698416398,0.6135378107812256,6.262239537102506,7.0785260024790055,0
yqaEp,41,1,1.3787294844307834,0.609216665626919,6.234784051316494,7.076869509725938,0
tolCp4,15,1,1.3787159492313061,0.48074119745195765,6.260743748277058,7.170163307974825,0
ghoSp,34,1,1.3784968644248705,0.5723325477803484,6.279218589636547,7.11588959319996,0
ftsKp2,35,1,1.3783870450527782,0.5150760703619094,6.28892802757972,7.13809066456874,0
xdhAp2,4,1,1.378326027272226,0.4867318657833079,6.30076636897478,7.151997833772465,0
tnaCp,19,3,1.378281055507714,0.686281276247577,6.254007725910953,7.013077685214509,0
zapB_predicted,31,2,1.3782642990474538,0.6470585718642032,6.2854327860342005,7.059267154127175,0
yadI_predicted,17,2,1.378107357750661,0.5018095777252212,6.264070183586094,7.147008192612393,0
mhpRp2,25,2,1.378045977887392,0.5972292340991003,6.2416841010647754,7.088557662544515,0
lacIp,16,2,1.3779895052489455,0.4784264706494332,6.262084102309402,7.160765343936507,0
ygfM_xdhD_predicted,1,1,1.3779440146949828,0.5092481859593441,6.361639732498579,7.149227206280746,0
TSS_4655_regulondb,14,3,1.377784840221542,0.480017997965452,6.31604724454707,7.163515552168947,0
gatYp,24,1,1.3777163368819019,0.5516226076414802,6.277521055358589,7.1175085022369835,0
galSp,35,1,1.3777013672949665,0.5413036737389523,6.25608003670429,7.1134764442700185,0
yadL_yadM_yadC_yadK_predicted,25,1,1.377580084244058,0.46038181176864496,6.295515557417836,7.170958648326272,0
marRp,38,2,1.3774715281040075,0.6295991902617576,6.292724320278597,7.064928359411119,0
tnaCp,31,1,1.3774668801028938,0.5137536975537098,6.282879343020635,7.152288973085572,0
gatZp,22,2,1.3774538233384501,0.43090761626216545,6.280723140522328,7.185657038729379,0
gatYp,15,2,1.3774277499121554,0.4998124987392213,6.3175160791938785,7.153558169060983,0
tfaE_stfE_predicted,25,3,1.3773577996333415,0.50377621856035,6.361324369336589,7.162473012769339,0
ygfM_xdhD_predicted,38,2,1.3773150842642408,0.6773208040487836,6.2654420079909725,7.047962661791687,0
ompRp2,3,1,1.3772544724767946,0.5519062365654118,6.249717535280656,7.120149654332879,0
ompRp4,28,2,1.377183606939543,0.7051154716783492,6.3646677116159935,7.055189388212177,0
uacT_predicted,2,2,1.377158233764475,0.5547032619476594,6.293416347120462,7.107323857260962,0
ygeY_predicted,5,2,1.3770955776305949,0.4938481775589945,6.30466034095233,7.161544879608895,0
TSS_4655_regulondb,34,1,1.377075822721094,0.418387268213199,6.286717781745619,7.197941509545495,0
mglBp,19,1,1.3770070201558515,0.6944045805147362,6.32604168665061,7.031578243936039,0
tabA_predicted,13,2,1.3769530800078151,0.5136432889889048,6.405569985171456,7.143595664897985,0
lppp2,39,1,1.3767902897357716,0.533618319776661,6.257627980518379,7.122070196056503,0
gyrAp,25,1,1.3766625424638526,0.606259244652114,6.2932047396652475,7.084482371637282,0
yncEp,38,3,1.3765786027739864,0.6727864586122456,6.298102938268413,7.040015111915473,0
acrBp,33,2,1.3764931448269853,0.534148113640447,6.278253655750536,7.121301698936369,0
galSp,22,2,1.376489464842706,0.39936032027074586,6.271148273138132,7.204773394180897,0
tolCp3,24,2,1.376414856100149,0.5136417316750256,6.234339400598494,7.13136454081655,0
yadE_predicted,17,1,1.3763996799371565,0.5786470777200565,6.3297019991173125,7.089827842629323,0
yqaEp,4,1,1.3762858509141207,0.5065523895098261,6.252709985383436,7.141188725691084,0
rspAp,39,1,1.3761842361206966,0.8738752713485635,6.2788923912156775,6.857701282952094,2
tabA_predicted,38,2,1.3760525830487775,0.47985790617536117,6.271199183382861,7.1600194808474935,0
yncEp,20,1,1.3759592566203007,0.4901846130367973,6.300415242373126,7.157850076798503,0
yadI_predicted,5,2,1.375872133656518,0.5725004978464068,6.240691395861248,7.111023220261222,0
ompRp1,2,1,1.3758626533437568,0.5468909106724514,6.2718100349638615,7.1227801809741536,0
ygeW_predicted,35,2,1.3758248538550846,0.4823883929998675,6.268803826197741,7.1423983383239324,0
ymfM_beeE_jayE_ymfL_ymfR_tfaP_ymfT_ymfN_ycfK_ymfQ_predicted,14,2,1.3757768750505914,0.48256554027545956,6.3719875872131,7.163916797880483,0
yadG_yadH_predicted,6,2,1.3757124246624548,0.5392272694948043,6.289910395365421,7.129615390110535,0
tfaE_stfE_predicted,24,2,1.3756139971096581,0.4504447025646143,6.270493455079418,7.176119140352961,0
hyuA_predicted,17,1,1.3755422373814692,0.4938940117241055,6.2727189674201185,7.1546908666603155,0
mcbAp5,18,1,1.3755168415413341,0.5167633031364312,6.329491170519116,7.140996452878841,0
ssnAp,8,1,1.3752881218506738,0.5289154789612354,6.315858422914076,7.1397968350714525,0
tnaCp,20,2,1.3752089338268243,0.636469193861807,6.3003498217009,7.07408973500294,0
ssnAp,20,2,1.3751214176504243,0.4907097074619513,6.254858265476374,7.153977622143984,0
yadL_yadM_yadC_yadK_predicted,39,1,1.3750971882156688,0.49075918759911136,6.244657063734877,7.141609456881593,0
ratA_yfjF_predicted,2,2,1.3749430399115623,0.45235330443381555,6.236816426672547,7.188053542553801,0
yadG_yadH_predicted,13,1,1.3748426418284305,0.5641229527594684,6.273797720281219,7.100460397790388,0
yadN_predicted,14,3,1.3747601084856906,0.44464572171266825,6.228430354836226,7.171336489199364,0
hyuA_predicted,15,3,1.3747428664632901,0.518443795856152,6.242012790977164,7.148869757569479,0
yjbJ_predicted,3,1,1.3742120647961424,0.4963961843464456,6.305428353093916,7.15148432707193,0
yadG_yadH_predicted,3,2,1.3742110239625787,0.4810478492556697,6.285313355261133,7.159866632816959,0
uacT_predicted,37,2,1.3741436209371765,0.6205134125502234,6.29659928802632,7.086000369134089,0
recNp,17,1,1.3740634360247042,0.5672830375846318,6.292537111687837,7.091828108651766,0
acrAp,4,1,1.374059039543078,0.48457678970199275,6.211794112870664,7.161751355298395,0
tnaCp,9,1,1.3740411424355397,0.5693501547679595,6.305969175862359,7.1194738558713855,0
icdC_predicted,31,2,1.3739630209359583,0.4502885217276977,6.307338984194672,7.175355167527341,0
ygfS_ygfT_predicted,29,2,1.3738574719741488,0.4439168474967688,6.3640593118777025,7.185321509818189,0
ratA_yfjF_predicted,1,2,1.373651465476021,0.5335817974880709,6.346532629910079,7.14637907751429,0
TSS_4655_regulondb,22,1,1.3735554313942964,0.4560798090170492,6.273375271204429,7.178412816732775,0
uacT_predicted,24,1,1.3734980312903753,0.47030377483487107,6.243222104718283,7.165385212991345,0
ygfM_xdhD_predicted,35,2,1.3734116013408917,0.5205092248174157,6.260596088061715,7.13783830884046,0
ykgRp,28,2,1.3733234859978025,0.6984636318071746,6.25523941558685,7.003381033610728,0
ompRp1,20,1,1.3732345639988894,0.5290364401657951,6.255492832277172,7.131944250459272,0
yahL_predicted,25,2,1.3731544405527984,0.47336705288252057,6.314000682307117,7.158970023150973,0
gatYp,35,2,1.3731112622168629,0.8161163981134483,6.233994818691643,6.939093895891545,2
cpxRp2,20,2,1.372839650342723,0.49891020407919423,6.273116397350288,7.145005986183946,0
TSS_6311_regulondb,24,1,1.3727898187497867,0.43729291920765645,6.317134305350939,7.185625665761273,0
TSS_18061_regulondb,25,2,1.3727039322470382,0.5186243852621089,6.269212830192609,7.124889345728016,0
tnaCp,41,2,1.3726501081360214,0.6466232932869707,6.208069052393575,7.035548225025524,0
TSS_18061_regulondb,17,2,1.372475319315865,0.5489141941116594,6.313464106055636,7.121110182086937,0
lacIp,2,2,1.3724525539423649,0.5728349388287735,6.295164542081347,7.111303458948241,0
cpxRp2,7,1,1.372380085415133,0.4792519820832143,6.377574774660376,7.1680664647351255,0
TSS_1414_storz_regulondb,38,1,1.3723585035368058,0.4739585381369182,6.351254473198617,7.159483809612241,0
galEp3,24,2,1.3723338804594925,0.433986555124537,6.26930314349961,7.1916593476101855,0
TSS_6311_regulondb,9,1,1.3722561964618667,0.4487157160923415,6.274809942070396,7.172723450799172,0
TSS_1414_storz_regulondb,25,3,1.3722201545049195,0.5917442871733082,6.286307965442401,7.087928224117114,0
rcsBp2,22,2,1.3721173584711124,0.5457799797117162,6.250511679742051,7.128777055124427,0
intE_xisE_ymfH_predicted,3,1,1.3719719428901698,0.6204037465433372,6.235815844719982,7.069140497682383,0
ybiY_ybiW_predicted,22,1,1.3718318104525382,0.39232407039078937,6.278012909970107,7.209256944864952,0
yadI_predicted,18,1,1.371780089802301,0.5925642275508203,6.296377347232343,7.072438362229493,0
yadG_yadH_predicted,14,1,1.3715498470131684,0.5375664214685526,6.279282940569878,7.110459971575553,0
galSp,3,2,1.3715200019075946,0.500153857963407,6.360217793694959,7.15767383576185,0
hyuA_predicted,25,3,1.371493879213103,0.46216221260911117,6.306390304796592,7.160515133472014,0
TSS_4655_regulondb,37,2,1.3714650157865305,0.5507490789436712,6.278574653953874,7.113287443664442,0
ftsKp2,30,2,1.3713870322552066,0.6200506647900986,6.2664544541221305,7.075543027779469,0
uacT_predicted,20,2,1.3713654922705476,0.5198975470770983,6.276949843574966,7.123828321754246,0
yahL_predicted,8,1,1.3712750539364567,0.6121520906070704,6.351371889584403,7.079956895962406,0
yqaEp,39,2,1.3711701563676337,0.5761654152564134,6.2611488078268565,7.105026666290108,0
TSS_6311_regulondb,33,2,1.3709769656132929,0.5504566229846527,6.297293227735333,7.142627432435686,0
ybiY_ybiW_predicted,31,2,1.370966536635145,0.6728278781087644,6.249692125078195,7.015219419920134,0
dgoRp,38,1,1.3709299958712573,0.5403847453466248,6.2881288945452845,7.130911395225029,0
yahL_predicted,4,1,1.3707611549133798,0.44348835655051777,6.292257558613611,7.185396016548303,0
tolCp3,17,1,1.3707588923914737,0.6416971796277633,6.2057662249641705,7.04953729804264,0
ghoSp,17,1,1.3707246384218539,0.5157329572799657,6.341844462355079,7.131294614682008,0
rspAp,2,1,1.3707089245028967,0.8380113635753246,6.230761107734489,6.873940152341758,2
yjbJ_predicted,13,1,1.3705952545218731,0.5033388011713962,6.305011814718849,7.134052972146998,0
ygfM_xdhD_predicted,25,2,1.3703183749944108,0.47266586014049944,6.314878678178097,7.171778876424193,0
ompRp2,8,1,1.3703050993531252,0.6585180299746815,6.363231663498172,7.040767917003588,0
ratA_yfjF_predicted,19,1,1.3701080134771533,0.5883016053546833,6.22947849605646,7.085467481039153,0
galSp,37,2,1.3697972426587377,0.5261839252067511,6.365043990025216,7.142999301262232,0
ykgRp,25,2,1.3697678592135607,0.5436458948895453,6.313091934236484,7.127890739450136,0
rspAp,5,2,1.3697388055639457,0.7828092672510427,6.272510705500442,6.918004818583075,2
sohAp,19,1,1.369670702355035,0.6436562877512926,6.262499594643741,7.069863006604859,0
ygeX_predicted,37,2,1.3694780275639944,0.5050575367288477,6.314338676287882,7.143477977090348,0
yadL_yadM_yadC_yadK_predicted,31,1,1.3694197017537713,0.6218365494076011,6.321737660798845,7.063019044985186,0
dgoRp,9,1,1.3693590181521684,0.4791526805848441,6.320445533200373,7.162864564406799,0
rcsDp,22,1,1.3693485965068097,0.47763206202015535,6.356539064256704,7.160474457439957,0
ybaY_predicted,19,1,1.3693093124976614,0.47732494455876556,6.309812031743647,7.153629241518466,0
xdhAp2,19,1,1.3692341618211077,0.49999021795794596,6.296950311132342,7.142154448592104,0
ygfKp,14,1,1.3689510788208532,0.5088528317567906,6.3051183459123425,7.1318636712917876,0
tnaCp,1,1,1.3689397995938586,0.6770417874859712,6.306164997953655,7.033351973598366,0
ftsKp2,22,1,1.368931762604249,0.553859566318561,6.280896839433471,7.111744741020864,0
cusCp,34,1,1.3688046273473562,0.6148410389149108,6.2670707370460494,7.077658511688229,0
TSS_6311_regulondb,19,2,1.3687936033524835,0.49184386485548626,6.253284399575987,7.151176428944132,0
ghoSp,39,2,1.3686844913153158,0.5190795879100188,6.275749637259189,7.135639238934257,0
tolCp2,19,1,1.3686380325041725,0.40732960740686547,6.289819505127067,7.192143382795303,0
galSp,4,2,1.3685754960577834,0.669366579273761,6.286871712015384,7.0301364646649,0
TSS_4655_regulondb,17,1,1.3685175455351537,0.5216082369855519,6.374016100049607,7.147622789211747,0
ygfKp,1,1,1.368437578005644,0.4937659352444536,6.3359186272943955,7.158630857565122,0
rspAp,13,3,1.3681753514414472,0.8304442523466894,6.240510751235618,6.8972668987507975,2
ygeY_predicted,22,2,1.3681219022002,0.5863121076380639,6.30571890012809,7.087936022195688,0
cusCp,13,2,1.3680448446991893,0.527260616852455,6.364269848658143,7.152785307309813,0
ygfM_xdhD_predicted,9,1,1.3678342832309105,0.42019106783082477,6.302801346502469,7.196387081044528,0
ssnAp,4,3,1.367768872832051,0.46493010881204444,6.408420794202157,7.183202171636513,0
ygeW_predicted,24,2,1.3677629784117926,0.4833849937184107,6.334872988672901,7.161266928323153,0
intE_xisE_ymfH_predicted,22,1,1.3676790231943075,0.5481220120776479,6.28359460632994,7.103097648389837,0
tnaCp,17,2,1.3676658853547399,0.5145142748038123,6.286028132143661,7.133601976669694,0
cusCp,17,2,1.3674945969725045,0.5317441281343188,6.299606554849177,7.132144988941463,0
hyuA_predicted,14,3,1.367251975977888,0.5289151161393186,6.335334621859438,7.136571509208209,0
ygfS_ygfT_predicted,37,1,1.3670949042514071,0.48942308632101905,6.350019396549747,7.1622889643679395,0
mcbAp5,5,1,1.3670273563653152,0.46597208910915705,6.31105214676907,7.172320996345766,0
TSS_6311_regulondb,31,1,1.3670246029724529,0.5502237574709877,6.231163914719911,7.123104821639593,0
lpp,20,2,1.367016153898846,0.6129637021885852,6.23230812560997,7.075130291634437,0
rspAp,13,1,1.3669625715361686,0.8055528549749202,6.279197092399947,6.915658763257223,2
TSS_4655_regulondb,18,2,1.36692800570746,0.398611276583987,6.29084715687317,7.20566875363242,0
yadG_yadH_predicted,5,1,1.366899807347965,0.5112820192748528,6.333888744659442,7.150110269995613,0
ompRp3,19,3,1.3668203917454302,0.5197942170631533,6.251085035407923,7.131738883690303,0
yadI_predicted,28,1,1.3667461142390116,0.4314530817565245,6.25738518628652,7.191133419976966,0
ygeY_predicted,37,2,1.3667077802329601,0.5148184745646338,6.2818341491311145,7.1477408940529505,0
TSS_1414_storz_regulondb,4,1,1.3665999595262985,0.5855879283986108,6.345377258976683,7.1072929176255615,0
ygeX_predicted,31,3,1.3665544188304584,0.450080784459988,6.217673585360126,7.172861617887549,0
ybiY_ybiW_predicted,1,2,1.3665405588248645,0.5171888248922838,6.242561611155771,7.127703826576705,0
gatYp,12,2,1.366264168067428,0.7805884412111844,6.265972955966189,6.9699552459029475,2
mtnp,16,1,1.3660890870232794,0.5386591504893928,6.221652279311929,7.125900960009145,0
ompRp3,3,1,1.3660500249540395,0.54498803422449,6.2932751544361665,7.1133406784302,0
ompRp1,11,1,1.366002539293578,0.46162526493729344,6.274895371370309,7.170693994925946,0
ompRp2,12,1,1.3656938873994113,0.5650755023198513,6.275419099393108,7.095623878492935,0
ghoSp,36,2,1.36564331941726,0.5289799369301257,6.305228139887598,7.1308610834454065,0
yadI_predicted,34,2,1.3656244617429938,0.6336881671611013,6.3475050256311265,7.072210615100271,0
TSS_4654_wanner_regulondb,34,1,1.3653523479398593,0.49417912995792146,6.251741537530862,7.156134721164424,0
yqaEp,6,2,1.3653030498772036,0.4743255824326068,6.261262102843844,7.166996856708606,0
ecnBp,38,2,1.365248427640761,0.4495806030463132,6.25224716752542,7.176329822567781,0
yqaEp,19,3,1.365163954985434,0.5140314682339223,6.289574004956518,7.140718616725036,0
ygfS_ygfT_predicted,28,2,1.365091159808411,0.5440239756950087,6.259865068467192,7.127963485420748,0
TSS_18061_regulondb,20,2,1.3648708442022668,0.4272426890056673,6.2693697542269735,7.202137813727887,0
mglBp,19,2,1.3647076059695091,0.8293994484779876,6.269880312427348,6.875962321554694,2
ygfKp,17,2,1.3646989947253367,0.4310951513957444,6.312740708201025,7.190861071414797,0
gatZp,4,1,1.36469249292196,0.47954221612703,6.28868485513226,7.154222426695657,0
intE_xisE_ymfH_predicted,32,1,1.3645901293538654,0.5296770797066157,6.275276418359603,7.123740049504182,0
ldrDp,38,2,1.3644721843745915,0.5141313980497626,6.334496126092816,7.13868571357304,0
cpxRp2,22,2,1.3644285870949084,0.49433014291950833,6.254832635249175,7.153120366621549,0
uacT_predicted,35,1,1.3643679958716368,0.5156783402260814,6.287553488832181,7.134756335305978,0
TSS_6311_regulondb,1,2,1.3643180944637634,0.49558549155738807,6.290277296520191,7.1452284292430175,0
TSS_4654_wanner_regulondb,33,2,1.3640663405381115,0.4611281543336816,6.33368007997195,7.169118195720847,0
ecnBp,22,3,1.3637736921245487,0.6133360866644773,6.314776940957549,7.074110437912579,0
ompRp3,2,1,1.3636543235128407,0.5351524327550639,6.294691992956267,7.113037626086613,0
TSS_4655_regulondb,10,1,1.3636057177863266,0.49990372083288515,6.2822073650860135,7.158039234343614,0
ygiW_predicted,40,1,1.363544056100303,0.5705737736206055,6.302029511486124,7.111847463341167,0
TSS_4655_regulondb,25,2,1.3634599698524104,0.477779723441086,6.23284354489261,7.152086637896109,0
ygeY_predicted,33,2,1.363415882878778,0.5707084994691493,6.297370972195223,7.10728291218463,0
TSS_6311_regulondb,4,1,1.3633324223400491,0.5092431801475839,6.299102124203702,7.145676357812064,0
ratA_yfjF_predicted,7,1,1.363166019433358,0.5323700342813762,6.250374924447787,7.13266611633495,0
intE_xisE_ymfH_predicted,4,3,1.3631171640491835,0.4619635431474413,6.263437964458393,7.162743381779377,0
ybaY_predicted,24,1,1.3629254061850904,0.5223630598874383,6.251113844045637,7.136633296897171,0
ybaY_predicted,5,1,1.3629211703748871,0.7585614797093979,6.2808693904672825,6.977200773865462,2
recNp,20,2,1.3628644485304704,0.545950608342651,6.217759071283341,7.094064084524888,0
crpp3,22,1,1.3628550180918693,0.43367062293646674,6.354980611968404,7.1918213549480665,0
acrZp,38,2,1.3627724832653383,0.5940842187177169,6.226732089159437,7.0747366532670855,0
ykgRp,32,1,1.3627636471889755,0.6124990352923688,6.282083881401376,7.056390672551288,0
hyuA_predicted,1,1,1.362642968793717,0.47391651447621147,6.2484876967393,7.16417838710552,0
galSp,25,1,1.3625173557948393,0.4708604870264237,6.320990089835542,7.167599025238353,0
yqaEp,10,2,1.362451781812006,0.4651578667001929,6.3537777638056845,7.1656391445315535,0
yjbJ_predicted,32,1,1.3624319455840432,0.5082403804959411,6.269955772842019,7.13109133033389,0
lacIp,7,1,1.362405070901201,0.4737281796413159,6.2775039129033905,7.170349203879393,0
rspAp,24,2,1.3623355536153503,0.5776429265344265,6.248723363446302,7.097590231235779,0
hyuA_predicted,13,3,1.3623210210391938,0.45959153801475033,6.2819419851770295,7.181792857867402,0
xylAp,24,1,1.3623204711290129,0.5155859223829642,6.281311045529808,7.144495165179704,0
ompRp1,17,1,1.3621900824691642,0.5019149825674184,6.282515829944355,7.1448215592857665,0
ygfKp,5,2,1.3621414017169162,0.5149587706418236,6.285781584752751,7.136298052292949,0
tnaCp,16,2,1.3617414300874624,0.5298364939541477,6.317112738163824,7.133723757463642,0
ymfM_beeE_jayE_ymfL_ymfR_tfaP_ymfT_ymfN_ycfK_ymfQ_predicted,13,1,1.3617362811868399,0.5151091282027069,6.263599377622784,7.128636309453521,0
araBp,20,2,1.3616820320968206,0.49156038165293,6.280875524161285,7.1461282247736495,0
ghoSp,5,1,1.3615879404931746,0.47603773833877006,6.262913960479118,7.152623676365747,0
cusCp,10,1,1.361370475161638,0.5425547237137192,6.299939912883193,7.119382710578502,0
ompRp2,22,2,1.3612788246726848,0.6046114311601921,6.304494779447455,7.083739419733499,0
xylFp,24,2,1.3612729428151138,0.5138906352960851,6.260115273870892,7.130085901345923,0
tolCp1,25,2,1.3612104477305316,0.5649541702831611,6.287423710526,7.101523737481809,0
ykgRp,14,2,1.3611938431417105,0.6808759122967378,6.216785947347828,7.008784181623584,0
rcsDp,20,2,1.3611663933422302,0.6016825885680197,6.310856231716785,7.087994079885516,0
yadN_predicted,17,1,1.3611427372571885,0.5096270991607402,6.33035418965663,7.136708378362736,0
gatYp,9,1,1.3610040462148605,0.6349080085189763,6.304001646998302,7.06934817446473,0
ompRp1,31,3,1.3609839153453507,0.5552201744950909,6.221095893259091,7.121605013956394,0
uacT_predicted,40,2,1.3609825708410728,0.5536322347408131,6.347002769818869,7.1182524961723175,0
tabA_predicted,19,2,1.36097391443363,0.4711342090034209,6.267611424648388,7.174957692590611,0
ybaY_predicted,31,2,1.3609672739299963,0.5340038317345733,6.285218266075905,7.125356814692355,0
xdhAp2,30,2,1.3609091995,0.6606453090407096,6.323484479558134,7.082427618308035,0
xdhAp2,25,1,1.3608496453406804,0.5502987181673806,6.357203796149504,7.1210473750663885,0
ykgRp,11,1,1.3607226314549647,0.634339688705406,6.255730462755012,7.046911055628952,0
fldAp,25,2,1.3607075292283568,0.6582233068344618,6.30913207576806,7.0281202387551795,0
mcbAp5,4,1,1.360691643562431,0.47438581264354845,6.319928542997628,7.169177756200703,0
TSS_4655_regulondb,32,2,1.3606320223818646,0.5181649174267616,6.252173954602785,7.128612743346861,0
TSS_6311_regulondb,21,2,1.3604657015920716,0.5787018626935084,6.292265448901952,7.0955912744815635,0
acrBp,37,2,1.3603455678841412,0.5279543855102413,6.340645635010151,7.127984984029821,0
lppp2,22,1,1.3603321583013315,0.44829205427435087,6.247396168575754,7.175562713304524,0
tnaCp,16,1,1.3602716704988438,0.5021317026823772,6.29932346492955,7.142954956212941,0
ompRp4,22,2,1.360260212274352,0.41382469864213783,6.3176414340015,7.201617217764202,0
ssnAp,6,1,1.3601954576165796,0.5021408560638843,6.293282862532211,7.1528230872701055,0
ygfKp,3,1,1.3600871547751416,0.5882121091537382,6.320039107134788,7.072633191170165,0
ygeY_predicted,40,1,1.36000474302663,0.5084009321747063,6.324694433022883,7.14915422749809,0
TSS_6311_regulondb,30,1,1.3597536737391474,0.639268719818475,6.314356725804766,7.064520785211224,0
ygeW_predicted,16,2,1.3597417922328918,0.5098918715392939,6.30359348748729,7.131405027945224,0
acrAp,14,3,1.3597406644204573,0.53310102732002,6.282760045729066,7.138412830729232,0
TSS_4655_regulondb,16,1,1.3596217887705424,0.5506487778079375,6.277245716759619,7.115504872208094,0
ratA_yfjF_predicted,31,3,1.3596158404141123,0.5112112050000179,6.260023703356458,7.126837019784447,0
yagB_insX_yagA_predicted,29,1,1.3595911481836802,0.5820199783326135,6.29293415666483,7.104403221041921,0
yadL_yadM_yadC_yadK_predicted,13,1,1.3595902811877936,0.5562330570513347,6.276308145903307,7.115277640864344,0
TSS_4655_regulondb,36,2,1.359551924246472,0.5657584119353205,6.31440979646511,7.11091391365089,0
yqjE_yqjK_yqjD_yqjC_predicted,13,1,1.3593705377025735,0.4903474033780446,6.34675746622077,7.168455427664278,0
intE_xisE_ymfH_predicted,1,1,1.3593091436803801,0.5793577682315469,6.27396442098911,7.095776313473819,0
ygeY_predicted,18,2,1.3592463913970028,0.5340494652802329,6.314407694289088,7.131497582937946,0
tfaE_stfE_predicted,38,3,1.3591519600099302,0.6496581532221702,6.327702853983942,7.074531115019129,0
ygeY_predicted,35,1,1.3590637280202682,0.5285515887862503,6.2696199851726755,7.117029603767468,0
TSS_18061_regulondb,13,1,1.359047432278048,0.4024385312927696,6.372536936917067,7.205335546880336,0
rspAp,17,1,1.3590240800830797,0.5722719294473676,6.294186472105578,7.119441836190867,0
ygiW_predicted,12,2,1.3589960404135886,0.5338470758211553,6.23217115953838,7.11930487490104,0
ygfM_xdhD_predicted,13,2,1.3589437146231658,0.5558453775882707,6.262208227954903,7.1219684399881285,0
ymfM_beeE_jayE_ymfL_ymfR_tfaP_ymfT_ymfN_ycfK_ymfQ_predicted,39,1,1.3588563719905713,0.4959897392661614,6.326763577700184,7.157436644546134,0
ygfKp,11,2,1.3588385988956138,0.5061356835198381,6.311860184568727,7.15441453086903,0
ybaY_predicted,38,2,1.3588078646323087,0.5595229868717955,6.340126662207531,7.10304322517146,0
ygfS_ygfT_predicted,38,1,1.358697502687989,0.47879647348919924,6.238806823958565,7.140577622043249,0
galSp,15,2,1.3586672208873367,0.5080222841650984,6.288499567155056,7.13530927687243,0
mcbAp5,17,1,1.3585489434038067,0.5251841086914337,6.237555585401017,7.126543728068547,0
araBp,38,2,1.358548617226678,0.49426120688073044,6.236807040584081,7.135384880015881,0
rspAp,1,1,1.3585280713736299,0.7223880339335959,6.327159152372516,6.982778410412642,0
mcbAp5,38,3,1.3582258153929563,0.5117695598141496,6.325173047577176,7.169038506093573,0
yqaEp,25,2,1.3581624950236246,0.5134510386011635,6.18202960732018,7.125135601021194,0
ompRp3,13,2,1.358082782041552,0.7129621246541771,6.26732303876584,7.000145848652986,0
yjbJ_predicted,20,2,1.3580269402811278,0.43899587500873805,6.3160665942170064,7.187929574515068,0
tabA_predicted,34,1,1.3579942883562899,0.6661762037443257,6.323898074959152,7.0617856235717404,0
cusCp,14,3,1.3577311834624668,0.4856229118823368,6.284146347760919,7.162099421339329,0
ygeY_predicted,1,1,1.3575395566569732,0.6036192486746603,6.338128189393754,7.080667770709719,0
yqaEp,28,1,1.3574824153322074,0.49304508773340927,6.346119022218857,7.159447283363711,0
yadG_yadH_predicted,31,2,1.357324260776887,0.3908774376804962,6.322079084096749,7.211591186334212,0
intE_xisE_ymfH_predicted,39,2,1.3573069709424175,0.5353588434530279,6.319003688423347,7.117815086517449,0
ygfM_xdhD_predicted,15,1,1.3572510228216585,0.4897670347284242,6.313099002789137,7.143948264415451,0
TSS_6311_regulondb,40,2,1.3571094799980061,0.5595847403290031,6.316603529416482,7.104935900178606,0
acrAp,17,2,1.3570182226410439,0.6418419917610566,6.261967883963855,7.053038840670178,0
mprAp,15,1,1.3570178740565686,0.4932973829003198,6.304269960820908,7.139654837819752,0
TSS_18061_regulondb,38,2,1.3569946933785617,0.5482353606395207,6.236836625975966,7.124966719171683,0
ompRp1,34,1,1.356892667957808,0.531872172026076,6.288352567754817,7.118939153875023,0
ecnBp,14,1,1.3568831357864224,0.6177738193271961,6.304505662567598,7.078369812085048,0
ratA_yfjF_predicted,9,2,1.3568129403110922,0.614019028040691,6.25570632127844,7.06635168641023,0
lacIp,38,1,1.3568090629168172,0.5123734746041,6.31811236085085,7.151674462980706,0
cusCp,25,1,1.3566883741872322,0.44414791192206365,6.318999034217634,7.1843168418446215,0
ymfM_beeE_jayE_ymfL_ymfR_tfaP_ymfT_ymfN_ycfK_ymfQ_predicted,11,2,1.3566008823718112,0.4759456238798849,6.339075455404816,7.155600606041423,0
ygfM_xdhD_predicted,36,1,1.3564618879455246,0.4185588208174638,6.2871530326044045,7.192282631111484,0
yacCp,24,1,1.3563546791950207,0.4757181184847792,6.303915560914324,7.156591256593581,0
yadL_yadM_yadC_yadK_predicted,36,2,1.3562897483231835,0.558155343953588,6.341775099987744,7.120891717604138,0
yahC_predicted,22,1,1.3562421820359165,0.45723070114178865,6.318374112725305,7.173164594251157,0
ygeW_predicted,12,1,1.356149653561346,0.46018591815250237,6.270695843508937,7.177811073445355,0
ykgRp,40,1,1.3560240063560627,0.7192004941392821,6.251669431287299,6.990969091036986,0
rdlDp,9,1,1.3559099677117055,0.6127998161947168,6.3306778810948465,7.086714121361851,0
tfaE_stfE_predicted,36,2,1.3558862709361004,0.4851776452895046,6.273580750483409,7.155975523516648,0
ygfM_xdhD_predicted,12,1,1.3558801756949548,0.6182821701985453,6.270995150363939,7.078499209535313,0
ykgRp,32,2,1.3558392628555707,0.7137109292780713,6.307972546767859,7.0085579279362715,0
ompRp3,19,2,1.3557721898660433,0.4964732302097304,6.347940454665089,7.1555873418197375,0
acrBp,30,2,1.3557615841497728,0.4546116799019882,6.347771181595193,7.175070599148367,0
rdlDp,4,1,1.3556821981095795,0.5826188929142794,6.343125245662089,7.139516116881701,0
rspAp,3,1,1.355556580293914,0.7729976648634241,6.283115976002413,6.951665880168377,2
yagB_insX_yagA_predicted,4,1,1.3553474986298442,0.5629981364799422,6.3755767284611995,7.133339774474869,0
ftsKp2,24,2,1.355269976206803,0.5414798516924126,6.257257308488059,7.106978256527972,0
ygfKp,15,2,1.3550913519535985,0.5102678167041212,6.3335852302408675,7.141569340928497,0
mhpRp1,22,2,1.3550713951792912,0.4984422502089937,6.341973084616711,7.1575332485235945,0
yadG_yadH_predicted,1,1,1.354879134294087,0.44270336395035315,6.327335443488718,7.175826770768305,0
araBp,8,1,1.3548754751230827,0.4687266316129599,6.300018653258766,7.16273577979851,0
ygfKp,21,1,1.354791304738554,0.45587487569129537,6.262992711577238,7.171963315683487,0
crpp1,20,2,1.3546199050382164,0.515300287185312,6.2729661987922585,7.136639499998122,0
znuCp,15,1,1.354618232052745,0.5538385290481606,6.283508029344879,7.114912926370957,0
TSS_4654_wanner_regulondb,24,1,1.3546111902049323,0.539800731459372,6.323607569047665,7.149754306719191,0
tabA_predicted,10,1,1.3545545139659412,0.5215775759657094,6.348398613830866,7.123518038895643,0
ygiW_predicted,16,2,1.3544761908314027,0.6726708234251261,6.2315475757438294,7.02963746016336,0
mhpRp2,30,1,1.354464668024061,0.5720046083938661,6.383832371163292,7.129024922010823,0
tnaCp,12,1,1.3544155787951562,0.6034713115434616,6.356893029507035,7.086074948049242,0
ygfM_xdhD_predicted,22,2,1.3543996422925004,0.4261716967587743,6.3127762419254605,7.194361756219564,0
mhpRp1,16,1,1.3543602240192036,0.49437966794939586,6.2884277616510325,7.1624608497694675,0
ompRp1,28,1,1.3543587264963488,0.4067688452499281,6.262158680378404,7.204434244613857,0
tfaE_stfE_predicted,16,2,1.3543101786595677,0.4577304181639602,6.25821332768291,7.163250213161101,0
ssnAp,31,3,1.3542665508310432,0.5256747868302069,6.344186174798919,7.1336881731443595,0
yahC_predicted,24,2,1.3542297073711111,0.4586050360663066,6.336080966990689,7.1712395639287205,0
ompRp3,5,1,1.3541502306740627,0.4923656760449381,6.30246522564136,7.165266134739892,0
intE_xisE_ymfH_predicted,7,1,1.3540758006385554,0.5045765956552642,6.291426018913367,7.135095389400027,0
ykgRp,5,2,1.3538944778278383,0.6688181656579508,6.25333528104051,7.016191962986763,0
cusCp,16,1,1.353849356754361,0.4941927589798781,6.306084162272974,7.14081583545431,0
TSS_4654_wanner_regulondb,11,2,1.3538394664040754,0.5791635724885472,6.423934630643961,7.118703208093312,0
acrBp,38,3,1.3538303698080145,0.43753987708438236,6.267275026779831,7.1678478651638295,0
tabA_predicted,4,2,1.353744407065782,0.4493836201097431,6.33755952127567,7.1843011389072835,0
lppp2,15,1,1.3537363566231015,0.5410274590731123,6.261463824744473,7.112403282789377,0
dinQp,14,1,1.35362271149221,0.4822389270854617,6.318960287882557,7.15793095096346,0
intE_xisE_ymfH_predicted,25,1,1.3535844991229191,0.5493760166773991,6.240850852569088,7.112085411726915,0
dinQp,20,2,1.353526880837596,0.47987123885599003,6.332722855981609,7.157801367394831,0
intE_xisE_ymfH_predicted,6,2,1.3534329084773802,0.6209202649319446,6.369678821803315,7.075995583590537,0
hyuA_predicted,9,1,1.3534190619665214,0.6562976852604208,6.362671693928567,7.065546456651632,0
ygeW_predicted,30,1,1.3531406726045772,0.5322088639213319,6.282002456669964,7.129897734613024,0
yadL_yadM_yadC_yadK_predicted,21,1,1.3531105739700335,0.554250279082577,6.300814174699299,7.137442262636137,0
ygfKp,38,2,1.3530990765675897,0.40081549711561193,6.278067911098827,7.202036799793813,0
ygfM_xdhD_predicted,16,1,1.3530323971461637,0.5643717742516287,6.332845482253271,7.107986377101199,0
ldrDp,31,1,1.3530170183111154,0.5727703447525635,6.291071666547124,7.097877879006134,0
ykgRp,22,2,1.3529602270215466,0.48784881464675606,6.2897911366175165,7.155192504983397,0
cpxRp2,24,1,1.3529378848333276,0.45195213039149124,6.280651256764843,7.179647044846055,0
ygeW_predicted,40,1,1.3529076802807372,0.5411103237854165,6.273181856713617,7.118645409573881,0
ybiY_ybiW_predicted,5,2,1.3528218076312815,0.5198565844814729,6.31971911838021,7.145008318131922,0
ompRp1,40,2,1.352776236623756,0.6287907683891277,6.286608884230847,7.0757933157142965,0
yacH_predicted,25,2,1.3527409804689123,0.5810801850254602,6.273726829954928,7.100139972985441,0
ghoSp,37,1,1.3527273762548306,0.6467395331815765,6.36457963709417,7.069658034583829,0
TSS_4654_wanner_regulondb,21,1,1.352619653744781,0.4963602540229821,6.319562300799337,7.15012404989606,0
ssnAp,37,2,1.3525275757769708,0.5592688662555856,6.342849563768927,7.115429293420544,0
mhpRp2,33,2,1.3524278452570622,0.5031463508135994,6.261650494402254,7.139083575470382,0
ygeW_predicted,8,2,1.3523538325652213,0.6266341565353766,6.3383929995823465,7.072876314333607,0
yagB_insX_yagA_predicted,14,1,1.3523140193197292,0.48047368591428374,6.272292371539734,7.149296150359046,0
ybaY_predicted,19,2,1.3523103155412304,0.46435985364934285,6.336445894954634,7.1796334683906595,0
tfaE_stfE_predicted,23,1,1.3522980676827576,0.4910666163881773,6.325433314049235,7.144413353038048,0
kbpp4,19,1,1.3522733890769436,0.521382761883148,6.272467224190287,7.127591500815591,0
ygeY_predicted,19,2,1.3522377155817746,0.40486969306787607,6.300799280322005,7.2021661616431585,0
tabA_predicted,36,2,1.3522220137207863,0.4506665907499698,6.29303536455515,7.177361296507426,0
yagB_insX_yagA_predicted,31,1,1.3522167436148462,0.5474581953047291,6.375904275371665,7.125236825435628,0
cusCp,28,1,1.3519171897536564,0.495957616047376,6.358847625406307,7.158157167025035,0
TSS_4655_regulondb,29,1,1.3519118199258657,0.43625928579802586,6.317849537819399,7.194917389444233,0
yncEp,19,2,1.3518340419294272,0.5832170003566325,6.351507787520717,7.093807360720687,0
gatYp,31,3,1.3518275114986222,0.7363628960941786,6.2600220117095775,7.008379619169798,0
ghoSp,31,2,1.351804926787693,0.4851239775645332,6.3246020959156315,7.168932423166132,0
ygeY_predicted,5,1,1.3514430979081562,0.47732740821398334,6.299791271421844,7.160916581599632,0
acrBp,29,1,1.3514014496649636,0.41866162225200515,6.27034780851489,7.202673682657509,0
ygeW_predicted,38,1,1.3513849987258078,0.4517850152907012,6.364532276310955,7.184375683454743,0
crpp1,13,1,1.351161075213875,0.6118680230119303,6.298277762790781,7.080440370274523,0
tfaE_stfE_predicted,15,3,1.351004822779155,0.4761774132476025,6.320659051873244,7.151131108435564,0
ygiW_predicted,2,1,1.3508835135400792,0.47167855131877573,6.293297902756364,7.173252139468159,0
dgoRp,31,2,1.3506511944210498,0.43276050668383886,6.299279847559237,7.181435790374554,0
znuCp,22,1,1.3506339982286946,0.46086953845861056,6.246388600665329,7.175837840822292,0
ygeW_predicted,28,2,1.3503543327240741,0.5720690197992527,6.340534862511689,7.09286385599802,0
ygiW_predicted,22,2,1.3503472555986915,0.45889162384727017,6.359796118262526,7.172472303416232,0
crpp1,16,1,1.3502763053310132,0.5069663594531721,6.4024817851193205,7.165310763297985,0
yjbJ_predicted,31,2,1.3502456439956028,0.5201815577912663,6.298160009343837,7.126842595840333,0
TSS_6311_regulondb,5,1,1.3502076321243208,0.4142260073142435,6.273002307744106,7.200613066634785,0
ykgRp,10,2,1.3501119084016786,0.687073512167613,6.296063083951191,7.017932329806797,0
yahL_predicted,19,1,1.3500722811924941,0.513713313016369,6.328246608142516,7.136873508327794,0
ygeY_predicted,10,1,1.3499275141004483,0.5102431527731914,6.3362345648109315,7.147537823247468,0
TSS_4655_regulondb,2,1,1.3498572341992108,0.46074015632904686,6.349197999477743,7.169822942980341,0
ybaY_predicted,30,1,1.349643889132196,0.751601467828475,6.296239829372462,7.011865049854375,2
ygiW_predicted,18,1,1.349488743047921,0.5436984694974749,6.3952476175376844,7.128241122364531,0
ygiW_predicted,37,2,1.349467992246282,0.5153623957138226,6.32850771482552,7.146125038456066,0
rspAp,14,2,1.349425608810068,0.6892487576400136,6.317824317817209,7.015529210840995,0
yadL_yadM_yadC_yadK_predicted,3,1,1.3494008512424296,0.5806527525644763,6.293926046088475,7.122806311789589,0
ompRp2,7,1,1.3492964229326978,0.6121686761876882,6.3530408970051315,7.082514651902737,0
TSS_6311_regulondb,29,1,1.3491410361731184,0.4802492606164962,6.3439494071300295,7.162020642596125,0
yadL_yadM_yadC_yadK_predicted,20,2,1.349120046454644,0.42085984144066774,6.368228690534993,7.202149356108038,0
yjbJ_predicted,15,1,1.3490147452324124,0.5996238081892248,6.310441638420231,7.087651807394878,0
ompRp2,25,1,1.3489901800801196,0.632559040321385,6.3174622251336,7.082803601283354,0
dgoRp,16,1,1.3489198501501096,0.5320154116857345,6.270789052793026,7.127894204307984,0
uofp,24,1,1.348901940293939,0.5350299254045603,6.337676766026715,7.117422607039771,0
TSS_4654_wanner_regulondb,12,1,1.3488883454364873,0.5712202877235133,6.304811263396598,7.100207024547037,0
lacIp,31,2,1.3488242294259933,0.42254876001176295,6.303065594410411,7.197018058180721,0
dgoRp,24,2,1.3487468302922383,0.5551016741023954,6.309786194829562,7.105835066415617,0
ygeX_predicted,25,2,1.348535923112206,0.48747780455699175,6.3015532661997025,7.141595913623748,0
xdhAp2,37,1,1.3484626852519772,0.4708607339035808,6.329481122426457,7.1693804280837545,0
rspAp,6,2,1.348459071624378,0.7960803927532952,6.246449591381068,6.945094915186286,2
tfaE_stfE_predicted,21,2,1.348286589205379,0.5579132331364617,6.316225464691593,7.1142316113281145,0
ratA_yfjF_predicted,31,2,1.3482720861193351,0.5533943027449766,6.321527214770233,7.1094347068263115,0
rspAp,19,2,1.3481463712996091,0.6821983051155803,6.31110950054397,7.040130385343197,0
ygeX_predicted,33,1,1.3481021430537252,0.5514107701913917,6.261481927853674,7.110315319059513,0
ygiW_predicted,15,3,1.3478132777415752,0.8527403607874153,6.301488451073104,6.956691179916683,2
ygeY_predicted,29,1,1.3477917459403757,0.4787754058253145,6.320751197892495,7.162965215259087,0
ompRp1,32,2,1.3476861812750045,0.5113795725612564,6.308517726856803,7.14180044125645,0
ygiW_predicted,22,3,1.3475969585987624,0.6017359965883016,6.292064795687038,7.082286052450171,0
yadL_yadM_yadC_yadK_predicted,15,3,1.3474475501343381,0.5502276451554303,6.3464040115143785,7.103127769112793,0
ygeX_predicted,38,1,1.3473676350919737,0.5347650925121372,6.29356117413552,7.126379048796725,0
rspAp,14,1,1.3473165153486757,0.6863272613805311,6.273135280528017,7.013783112574349,0
rspAp,12,2,1.3471591270930905,0.694680445387409,6.271852334372964,6.994561111467696,0
TSS_4655_regulondb,33,1,1.3471233273044316,0.4782824600218292,6.3152658629880385,7.155390127471415,0
ftsKp1,22,1,1.347118529926639,0.4542455441264401,6.369805082670577,7.171731393094798,0
ygiW_predicted,13,2,1.34706847827839,0.5046342498407598,6.320613292993614,7.142062267929866,0
yadG_yadH_predicted,24,1,1.3470257756998898,0.5019325784795846,6.327816506416779,7.155242655241812,0
ygfM_xdhD_predicted,20,2,1.3470148782637381,0.465339824688077,6.317625784284484,7.171456537202763,0
dgoRp,38,2,1.3468406091741976,0.46731983212708067,6.291957225331115,7.158444486567112,0
ygeW_predicted,33,1,1.3466317886508548,0.49302260730995323,6.30787306862612,7.159932840726238,0
acrBp,25,3,1.346591688654384,0.4399330822930583,6.237616659951067,7.178682385329088,0
ygeY_predicted,4,3,1.3465203914999824,0.42046671675403263,6.259894020685406,7.191311839019903,0
intE_xisE_ymfH_predicted,21,2,1.3465047176331166,0.5154018166318517,6.284772536962604,7.131613801782238,0
yjbJ_predicted,40,2,1.3464836062664944,0.5887494834167242,6.31810652894704,7.094936519611832,0
yadL_yadM_yadC_yadK_predicted,2,1,1.346368341872248,0.6111674647781762,6.3452783814092895,7.0915821407196,0
xdhAp2,25,2,1.346120674097225,0.45074337280583915,6.274139844856652,7.171951180924017,0
yadI_predicted,34,1,1.3461042738293745,0.7099020293832218,6.304938658664997,7.015749479596595,0
acrAp,16,1,1.345990013126551,0.5391336464738252,6.323947669205855,7.141756828228994,0
mhpRp2,24,2,1.3459631402192906,0.5473540081019026,6.340452751054204,7.127751334863987,0
dgoRp,15,2,1.3458802517284563,0.5589477849628856,6.325964633975627,7.139786757262073,0
ompRp3,35,2,1.345784067008984,0.5367639680368672,6.345120288468809,7.130210984819598,0
tfaE_stfE_predicted,8,2,1.345660603054546,0.4594709457167792,6.2623584073069996,7.161990059107217,0
tolCp3,19,2,1.3452752434062702,0.5559837921034259,6.294079435810209,7.115457116142871,0
ghoSp,22,3,1.3451926826207734,0.6599892096003981,6.306349888579888,7.032260338562966,0
ompRp1,10,1,1.3451616936770614,0.5399207515031608,6.287492004170314,7.1270583346313465,0
TSS_6311_regulondb,15,2,1.3450546311355334,0.4982242434353627,6.273279129846851,7.156076063599905,0
galEp3,16,1,1.345052037409626,0.5488816713979565,6.2690533390496,7.096574991876835,0
ygfS_ygfT_predicted,32,1,1.3450038369056405,0.5658638407253267,6.298246965786069,7.1419768516085975,0
galEp3,37,1,1.3449523257429077,0.47592540674770245,6.304351677618039,7.162896286481232,0
rspAp,2,2,1.3448260475029283,0.8266865956059499,6.252960295739446,6.885883193259838,2
gatYp,12,1,1.3448084377748835,0.8028385076302796,6.292494594592031,6.959036180003142,2
galSp,20,2,1.3445736765260676,0.45733576288290384,6.349006965130125,7.1713935774452935,0
hyuA_predicted,33,1,1.3445315065371901,0.550879320153409,6.353103231415975,7.115477323797747,0
yadL_yadM_yadC_yadK_predicted,2,2,1.3445075926523544,0.47610588967097767,6.346970588984357,7.176273276207118,0
fldAp,22,1,1.344332613650777,0.6030380656837391,6.28392658904681,7.087078887861247,0
cusCp,9,2,1.3442941825255086,0.5287114333777126,6.308670001174523,7.133256094653664,0
xdhAp2,5,1,1.344228096491044,0.5889508308656956,6.352342906052657,7.086156018238918,0
lacIp,24,2,1.344209775836265,0.4726111315612788,6.279736970012984,7.169299528900262,0
tolCp3,24,1,1.3441236059612278,0.5442850155819832,6.281197705758757,7.150380162081726,0
galEp3,35,1,1.3439081687974268,0.4422731561400237,6.249885174072145,7.170158884264685,0
ykgRp,15,1,1.3438730456359,0.514084636600371,6.275643859114832,7.123953489713589,0
tfaE_stfE_predicted,14,1,1.3437525780132529,0.41405683782614966,6.258563414500658,7.197658587118051,0
tabA_predicted,7,1,1.343620895312033,0.4629578885195098,6.3114007879792595,7.166028291389519,0
yahL_predicted,15,2,1.3436071967075962,0.541098661403079,6.369083696912954,7.133442209466233,0
yadG_yadH_predicted,17,1,1.3434673819975786,0.5511247879953762,6.315984851645689,7.127837054806195,0
ygfM_xdhD_predicted,39,2,1.34332857575327,0.46759780370268084,6.304347296083637,7.162815105919753,0
ygfM_xdhD_predicted,19,3,1.3432572386703303,0.4924840540175962,6.289497109800974,7.166366874746611,0
TSS_4655_regulondb,30,1,1.3431549008629144,0.46273197029915686,6.303257307069817,7.169765550210391,0
mtnp,4,1,1.3426354633494255,0.5545843006280812,6.271058438979093,7.137424623978733,0
ykgRp,35,2,1.3424981336610295,0.6354535374629673,6.263726824962049,7.058865263026604,0
cusCp,16,2,1.3424599761596794,0.4577146711262708,6.385267195530496,7.177913011265791,0
galSp,34,2,1.3424436553296233,0.4858868910025058,6.299004564324486,7.153777472331779,0
crpp1,4,1,1.3424309573277189,0.4511914142442355,6.304518148937079,7.184162797404262,0
gatYp,16,1,1.3423730802160017,0.49748531536933,6.361210154682139,7.156099874419542,0
ygfM_xdhD_predicted,33,1,1.3423207920085218,0.4718396137403102,6.296473742186132,7.172970561032778,0
mcbAp5,35,1,1.3421932617337902,0.43754992527291947,6.335395552282504,7.182913868709438,0
yahC_predicted,38,1,1.3421658131930962,0.48270086113211097,6.334901137686866,7.153781624910671,0
ompRp2,30,1,1.342112005318713,0.5682783779556205,6.302161449783382,7.110233482039638,0
yahL_predicted,25,1,1.3420790595056777,0.49323093712719857,6.2943056025669595,7.160007503337301,0
galSp,5,1,1.342036628410162,0.5188094433317683,6.264853654415477,7.143442535263137,0
yjbJ_predicted,12,1,1.341980648351881,0.5243651116115882,6.293958090963013,7.136083760945952,0
yqaEp,3,2,1.3419799252864082,0.6011450003447623,6.333560435068608,7.0845372561340465,0
recNp,5,1,1.3419671964187818,0.5621706785165457,6.342510588372027,7.1139816566028475,0
gatYp,24,2,1.3417733288199458,0.6895439366050982,6.33802360754763,7.017816895724893,0
ratA_yfjF_predicted,11,1,1.3417352004613181,0.49084182363084916,6.306630777262353,7.149564069978967,0
TSS_18061_regulondb,4,1,1.3417103810987379,0.4394080778721156,6.337892959941204,7.182847489935737,0
mcbAp5,19,2,1.3415621093269714,0.4233550459882988,6.281435170810494,7.191420068410967,0
TSS_4655_regulondb,33,2,1.3415295016805635,0.4463398091701969,6.304134016080526,7.1729346758553945,0
ykgRp,3,2,1.3415177996658656,0.7484670748098775,6.297960277175877,6.9751749246481936,0
blrp,16,1,1.3415103418833259,0.5081761269238769,6.336822678088813,7.1559728447692414,0
yadN_predicted,24,1,1.3414312541981082,0.532704725303717,6.29277996330927,7.126858824930675,0
galSp,39,2,1.3413919255669395,0.6614988208471848,6.3481043193868905,7.026079034877759,0
lacIp,28,2,1.341320739629362,0.567343351320363,6.38857410349399,7.118392556577952,0
ompRp3,39,1,1.3413159825974732,0.46094514905393413,6.285242717636027,7.181486893761227,0
ygfM_xdhD_predicted,19,1,1.3411414752636095,0.5349175553864152,6.313820979868194,7.1227907400985275,0
ygfS_ygfT_predicted,31,1,1.3411178327636686,0.5417042778380344,6.283577291317673,7.120032048968156,0
TSS_6311_regulondb,14,3,1.3409645647190465,0.4391518499577193,6.411396098735882,7.195208662155689,0
ybiY_ybiW_predicted,24,1,1.3409617527841513,0.5431221149953195,6.338680694621531,7.1171604084961135,0
rspAp,24,1,1.3407377302004204,0.5765461814955916,6.308145338638473,7.0966538762328515,0
ldrDp,35,1,1.3407131946269915,0.5258693445545153,6.406003210203983,7.127397898906411,0
ompRp3,12,1,1.340693859301617,0.542948446852834,6.273838700410386,7.126130371804369,0
rcsBp1,24,1,1.340509527732286,0.6089356540982859,6.256092770777856,7.07356117761188,0
ygfM_xdhD_predicted,18,2,1.3404792515606643,0.5196403519081815,6.36003045157423,7.132523291571628,0
uacT_predicted,13,1,1.3403460257900226,0.5192753172155438,6.341862853083169,7.134238474947337,0
ymfM_beeE_jayE_ymfL_ymfR_tfaP_ymfT_ymfN_ycfK_ymfQ_predicted,24,2,1.3403276541851639,0.49257962922735254,6.299909810550499,7.150626034879286,0
xdhAp1,38,2,1.3402256765984446,0.4587241247067812,6.3206488484262415,7.171784294188116,0
ssnAp,22,1,1.3399374590065831,0.5033104263869284,6.363334212229278,7.147779231352674,0
ygeX_predicted,25,1,1.3397896137679517,0.5062469043601149,6.273490039857867,7.137664896085463,0
ybeDp,15,1,1.3397653933871445,0.6331412485593072,6.2583614171636555,7.087190779876284,0
ygeY_predicted,41,1,1.3396458991843032,0.5064470432563627,6.312604017390738,7.13696123767125,0
dinQp,24,1,1.339506811337886,0.3763933325619621,6.383633524833987,7.221003842555537,0
yadE_predicted,14,1,1.3395002653910284,0.6598530850794242,6.272863908732472,7.055802999495123,0
ompRp2,5,1,1.3394574138873747,0.463668651457347,6.364641341710879,7.180633964131617,0
tnaCp,21,1,1.339190862211182,0.4846647422226228,6.306720097109543,7.147199664783669,0
ftsKp2,16,1,1.3390347859029053,0.4023195635989976,6.2613489973561345,7.206913594902664,0
gatZp,13,3,1.3388666558112603,0.5260755560326696,6.36593303844704,7.134645841684277,0
ecnBp,39,1,1.3387139306870621,0.5098238581125755,6.332976527703314,7.144142354620255,0
galSp,41,2,1.338675452548778,0.5090120658666357,6.395316966009244,7.141376323789203,0
ompRp2,7,2,1.3386288442362786,0.6888006514088331,6.373955830144958,7.016916036843677,0
araCp,38,2,1.3385605971199446,0.44075477836955107,6.334328649008649,7.178242513894035,0
ygfKp,28,2,1.3385368067716332,0.4702457298440796,6.319429272608344,7.1709749561965985,0
TSS_18061_regulondb,4,2,1.3385267629345383,0.5187804001241423,6.297795392642689,7.156343803083394,0
yjbJ_predicted,4,1,1.3385266401424414,0.5045007534280535,6.330378115939105,7.1558238692581515,0
ygfM_xdhD_predicted,16,2,1.3384727169580244,0.49015820993552384,6.308524071603911,7.152134715376252,0
hyuA_predicted,11,2,1.3384314840011033,0.4842527738682183,6.354825173031574,7.167095789937422,0
xylFp,31,1,1.3384072312010766,0.43250096082449546,6.386080654787065,7.191572627448718,0
ygiW_predicted,9,1,1.3382676842084997,0.4664652865548268,6.288609577133126,7.169635422905841,0
ompRp3,30,2,1.3382611057938265,0.6747726449710993,6.3061333822483565,7.028474564266883,0
intE_xisE_ymfH_predicted,2,1,1.3382171147288067,0.45234411410706915,6.3337739983000665,7.177382404050418,0
rcsDp,15,1,1.3382105324466331,0.4346490632725697,6.338284281034477,7.193816610693078,0
TSS_4655_regulondb,32,1,1.338188787755133,0.46843090670752613,6.309589872107432,7.163170800450892,0
yncEp,19,1,1.3381149781668267,0.5337883419972393,6.361347098916197,7.135917856912499,0
ompRp3,28,2,1.3377820374949085,0.4857731431871206,6.306905075126296,7.149596740169111,0
ygeY_predicted,15,2,1.3377812831741753,0.3903160718013223,6.351480844341456,7.217288295531024,0
mtnp,22,2,1.3377806248150315,0.5306002766982116,6.312014392443395,7.134399776216878,0
xdhAp1,30,1,1.337515065003689,0.544745852442767,6.255411670965954,7.077296478274867,0
yqaEp,33,2,1.3373956342646174,0.5395882969790908,6.301822632813925,7.125024038479559,0
tabA_predicted,31,3,1.3373570967847266,0.5485784775351316,6.331968438645907,7.115338966030696,0
ygfM_xdhD_predicted,21,2,1.3371129745616266,0.561496346745912,6.2669634785474635,7.094679812794023,0
yahC_predicted,20,2,1.3370981663801604,0.4491958611742608,6.309487826705769,7.174360070565245,0
intE_xisE_ymfH_predicted,15,1,1.3369381646801037,0.45678840896147666,6.310001343796703,7.180755622408057,0
hyuA_predicted,40,3,1.3369134785275054,0.39759761264065774,6.331295094733302,7.208147722671622,0
crpp3,20,2,1.3367633159046373,0.5301463819936734,6.331880290037024,7.117177776227237,0
hyuA_predicted,34,1,1.336681492434647,0.5031971062127115,6.372588761006971,7.155357096408382,0
icdC_predicted,9,1,1.3365494731209842,0.5370763885040291,6.276343486121036,7.118289100689671,0
ygeX_predicted,29,2,1.3365383840549068,0.4959711111990731,6.397065573940375,7.165294490068971,0
TSS_4654_wanner_regulondb,28,2,1.3364861160913317,0.5098118568391682,6.308421008069225,7.144908963714774,0
ygeY_predicted,19,3,1.3364654279420496,0.5561820177232296,6.34813406126716,7.13985315698525,0
tolCp3,19,1,1.3363450546808089,0.483937577414107,6.292546387541442,7.174588577868509,0
tnaCp,21,2,1.3362706088476664,0.5139516450466691,6.3725142084703545,7.148220048373528,0
lppp2,19,1,1.3362687420556252,0.42670038864803395,6.241300379598355,7.1851694346581505,0
acrBp,36,1,1.3362269541172695,0.5139458571585986,6.4198181215421375,7.16092288763149,0
sohAp,9,1,1.3361996298361662,0.5883960222592105,6.300334287473981,7.108936720945606,0
hyuA_predicted,4,2,1.3361802819785016,0.5347067980611091,6.317000775874403,7.136119316383731,0
TSS_4654_wanner_regulondb,29,1,1.3360051987780135,0.5686184333453566,6.290810175304692,7.09727910505555,0
cusCp,8,2,1.3359128683036128,0.5223117941244555,6.378084223131974,7.149735481415218,0
lpp,19,2,1.3358965448490079,0.5680961422897821,6.265335216511328,7.105517115425184,0
TSS_4654_wanner_regulondb,1,1,1.3358566328820134,0.3903346689076437,6.27608755386659,7.2140518863423795,0
tolCp4,24,1,1.335853456208331,0.5074535747461661,6.297610700689198,7.142102121474641,0
yadI_predicted,25,2,1.3357841392132066,0.48736064440695526,6.292447601371895,7.158212646000171,0
ymfM_beeE_jayE_ymfL_ymfR_tfaP_ymfT_ymfN_ycfK_ymfQ_predicted,25,2,1.3354064254926261,0.45874518657503227,6.31804247106489,7.181950288059438,0
cusCp,22,1,1.3350878449809147,0.5500533723395753,6.366250322647774,7.115029865537354,0
mcbAp5,16,1,1.3350552387182206,0.4878560277262726,6.317012931344123,7.159940116051265,0
yadI_predicted,20,2,1.335015999547242,0.4536540974713027,6.346784736924827,7.172755427044697,0
acrBp,15,3,1.3349721763877036,0.3950154946307839,6.332611499881627,7.213167586625316,0
ykgRp,38,2,1.334889490090863,0.4746748138020497,6.287024470112871,7.156748465599597,0
hyuA_predicted,37,1,1.3348149690271947,0.47632292615904137,6.353235618356843,7.172675762167744,0
rcsBp2,4,1,1.3345310488567346,0.49901197550293847,6.322610589311454,7.154996887216729,0
TSS_18061_regulondb,28,2,1.3344763078832318,0.4796341909241464,6.281275249769449,7.16569353016062,0
xylFp,39,2,1.3342583321062718,0.5349164884111903,6.365493799591624,7.113071874254173,0
dgoRp,4,1,1.3342391878936037,0.5927629735886537,6.298813895143544,7.089393615733198,0
crpp2,38,2,1.334224174712401,0.5003545003931298,6.360207996352589,7.146248318363078,0
cpxRp2,38,2,1.3341288116743386,0.4692146269583971,6.29875894577664,7.1641030637229814,0
yadI_predicted,20,1,1.3340363116789211,0.5415259121512321,6.325574902052409,7.134248234787998,0
ygiW_predicted,5,2,1.3338731184617993,0.49533824836077206,6.323369563808092,7.1392595140985815,0
ygeX_predicted,20,2,1.3338193195775854,0.4348871579965267,6.296845705753865,7.190992082671272,0
hyuA_predicted,4,3,1.3336005597314489,0.4608736104225948,6.377078122714357,7.164508510560337,0
ygfKp,34,2,1.333570207374781,0.5761581744325497,6.275007332688851,7.108744471862481,0
elaBp,31,2,1.3335033827036458,0.43532713415387125,6.378271109935409,7.190453362893082,0
lacIp,35,1,1.3334558537072578,0.5001553365520793,6.318720211616332,7.149155257850526,0
yadG_yadH_predicted,31,3,1.333440239198877,0.46926664692193387,6.280610514948809,7.167083469591375,0
yadG_yadH_predicted,12,2,1.3334068764337725,0.5348092371594404,6.334866525598601,7.135603893283973,0
ygfM_xdhD_predicted,17,2,1.3332640501461734,0.5848264301869648,6.35473100433374,7.086808604919401,0
ygeX_predicted,19,2,1.333221579412328,0.4363584619870362,6.336068713431551,7.184447736640045,0
ygfKp,40,2,1.3332214407179328,0.5641646867805856,6.268621707914916,7.089707753391444,0
ompRp1,32,1,1.3331994047836717,0.4799664033267199,6.314752337282792,7.160057474551534,0
cusCp,31,2,1.3331581498599456,0.5541396114324677,6.3075683257837625,7.101494349022719,0
hyuA_predicted,18,1,1.3330228346044,0.5590172552678839,6.301647809832657,7.103122689192126,0
TSS_6311_regulondb,13,2,1.3328872395667635,0.4787646344791901,6.293611753337457,7.165957054208738,0
tfaE_stfE_predicted,25,1,1.3328771876379937,0.49314320940884343,6.282405903577889,7.1572005601803115,0
crpp1,32,1,1.3328646515781193,0.5919010268643768,6.293693496945625,7.078359576855457,0
yadL_yadM_yadC_yadK_predicted,17,1,1.3328637931657132,0.5649524217812902,6.387152369387593,7.115616355844182,0
ybaY_predicted,4,1,1.3326660675884319,0.46191929379035446,6.294367783541669,7.16404196571121,0
TSS_4655_regulondb,8,2,1.332610897074619,0.45839704237260154,6.297001690922963,7.177662879361404,0
tnaCp,35,1,1.3325988130329354,0.5864069731806839,6.354864155088659,7.099728375275793,0
ygeX_predicted,4,1,1.332590994450729,0.5031566118983278,6.304703187214993,7.139111486548703,0
tolCp3,15,1,1.3323823448286247,0.43706332001309783,6.351705248128476,7.188111415416442,0
yahL_predicted,8,2,1.3323507477811842,0.6020285570431031,6.382434505334211,7.092033725681452,0
ymfM_beeE_jayE_ymfL_ymfR_tfaP_ymfT_ymfN_ycfK_ymfQ_predicted,34,2,1.332301169899464,0.5440592923938179,6.305784002273408,7.129634029590132,0
hyuA_predicted,31,2,1.3322642820184176,0.4183561001642127,6.359099818665506,7.193462914028103,0
galSp,36,2,1.3322199755964963,0.44554931915681206,6.277192097501018,7.174707876611627,0
ybiY_ybiW_predicted,24,2,1.3321941372500619,0.481393011837658,6.335843536248447,7.152915380110862,0
xylFp,22,2,1.3321334662228106,0.48323983346567556,6.373240713480855,7.161398009838006,0
rspAp,11,1,1.3318941748630362,0.6859518879759255,6.292496444480349,6.999373051456037,0
rspAp,32,2,1.3316362131369828,0.7552150478382591,6.284978653229912,6.959966535078712,2
cusCp,12,2,1.3315480785832312,0.520547836957629,6.333421083905786,7.136982686818207,0
yadG_yadH_predicted,10,1,1.3313347716224089,0.4570504071968745,6.329625711301203,7.165218876007522,0
acrBp,40,1,1.3312371903593267,0.40152090416311675,6.359713346190569,7.21293615418204,0
ftsKp2,2,1,1.3312369269593523,0.5054505157321572,6.321262162798466,7.138592744223371,0
yadE_predicted,22,1,1.3312143505299652,0.5221559565119375,6.286529460014899,7.12476313080089,0
ykgRp,24,2,1.3311500645609333,0.618630151828215,6.3349009942026875,7.058797349905541,0
TSS_1414_storz_regulondb,17,2,1.3311067977643598,0.6043864344904512,6.337291717050264,7.078252176276932,0
xylFp,15,1,1.3309975572287311,0.45812725898798234,6.26777503204854,7.173455792148427,0
ratA_yfjF_predicted,13,1,1.3307220198243532,0.47879861597468787,6.375693223432678,7.166476938824655,0
tfaE_stfE_predicted,19,3,1.330556917293847,0.5661814601596228,6.3164879867259405,7.11462062468377,0
yahL_predicted,24,2,1.330517304738941,0.5528884443971372,6.316782483471036,7.109439114466373,0
intE_xisE_ymfH_predicted,8,2,1.330513819756218,0.5016114629395655,6.355926273468292,7.137201812092977,0
rspAp,30,2,1.3303476273584023,0.8259420638320866,6.272619785772074,6.907863639002396,2
ratA_yfjF_predicted,34,2,1.330312106583051,0.4115042738481414,6.309429488679203,7.198276987869947,0
ygeW_predicted,25,2,1.3302465387699152,0.5326955576571247,6.325736622343104,7.116630024940185,0
ygeW_predicted,34,2,1.3301130517213708,0.5725840648853566,6.326479176587496,7.102036205913137,0
ygiW_predicted,17,1,1.3301070601003406,0.45223691101577296,6.360077603977589,7.172852080316673,0
ykgRp,40,2,1.32977485914398,0.6375345685331203,6.3157997458606605,7.05547500670223,0
lacIp,39,2,1.32969910574737,0.643507847276187,6.301408566074097,7.051516225905177,0
yadL_yadM_yadC_yadK_predicted,5,1,1.329548556055701,0.47969094997536543,6.311786916000752,7.167235973167737,0
intE_xisE_ymfH_predicted,30,2,1.3295320861441013,0.445013886919069,6.301031093320935,7.181117031814113,0
ymfM_beeE_jayE_ymfL_ymfR_tfaP_ymfT_ymfN_ycfK_ymfQ_predicted,16,1,1.329458175079301,0.5210032579027674,6.279421996558872,7.119238341072137,0
hyuA_predicted,21,1,1.3290262968309094,0.5249274205709114,6.288326755222186,7.1169232329143775,0
tabA_predicted,13,1,1.3287459226568656,0.49374272452063644,6.391206563530662,7.15835455660435,0
ygfS_ygfT_predicted,35,1,1.3284752144865384,0.5276106831283284,6.241992217738418,7.124384112496873,0
acrBp,15,1,1.3284396625040669,0.4900074351761784,6.38914499596445,7.159334390875463,0
yadG_yadH_predicted,36,1,1.3283029836014013,0.4628475377260736,6.37728395003934,7.174643676419761,0
araBp,16,1,1.3281695406161798,0.5222321344470625,6.315945648331214,7.122537542085427,0
yacH_predicted,24,1,1.3281502444434143,0.5050605228183795,6.346210105010252,7.159074065180274,0
gatZp,3,2,1.3281180187442854,0.4843396684321537,6.341178686849755,7.1547486025062135,0
tabA_predicted,33,2,1.3280812888773066,0.4809121195399171,6.302850366487055,7.156036966746541,0
mhpRp1,24,1,1.3280748459838987,0.4533809863163496,6.408039569378639,7.171186035732312,0
yadE_predicted,31,2,1.328050016899705,0.5100572681056802,6.269473296515796,7.140876904890842,0
tfaE_stfE_predicted,34,1,1.3278460661214213,0.5705651858698462,6.35943612276305,7.106503604269421,0
acrBp,28,1,1.3277939928182112,0.4019899619326384,6.347951418276266,7.201508312949697,0
ssnAp,13,3,1.327790672393139,0.46750404579102794,6.29703525584857,7.165933553601748,0
yjbJ_predicted,30,2,1.327650886985001,0.5109552134909318,6.289426135101995,7.131516829895721,0
ompRp3,25,1,1.3273937400998075,0.7037684235663784,6.300365569568793,7.01685637842091,0
ompRp3,20,2,1.327357167968784,0.4805268987177906,6.311400740862255,7.152397166143505,0
ldrDp,31,2,1.3272695942251824,0.5804520992146948,6.340282217122022,7.08867469725735,0
ykgRp,18,1,1.3272380278925193,0.663532817124588,6.281491345412835,7.030422439413128,0
uacT_predicted,38,3,1.3271288263984664,0.5703980262472661,6.350986842951068,7.095424885055083,0
yagB_insX_yagA_predicted,12,2,1.3270170722613093,0.4776934438844118,6.338409564644168,7.158756711667914,0
uacT_predicted,3,2,1.326878783753982,0.42920206964775875,6.3137675092788506,7.185357939427673,0
ygfS_ygfT_predicted,9,1,1.3268770461531947,0.47485653732017225,6.315128777732024,7.156231466173303,0
rcsBp1,22,1,1.3268248175321125,0.47080797863455104,6.346232696866891,7.172723551746803,0
ssnAp,1,2,1.3266746617402858,0.4763002637600776,6.305080117107504,7.16419688184087,0
crpp3,28,2,1.3266586264051903,0.6855971944976129,6.311704439122071,7.0127081749281635,0
yahC_predicted,17,1,1.3266069735237045,0.5710149778147202,6.345242893019544,7.098510539651949,0
ygfS_ygfT_predicted,13,1,1.3265323273517386,0.5061368337284444,6.355924831824091,7.1479615596488255,0
tnaCp,6,2,1.3264631756470049,0.619296570329092,6.292044545001504,7.0617758892825275,0
ygeW_predicted,13,1,1.3264558771780899,0.4787617181227285,6.29977195511336,7.1520524718175515,0
dgoRp,19,1,1.3261558097814496,0.5359522381459366,6.327983473486615,7.111969371915798,0
crpp1,25,1,1.3259737095832707,0.5639172906455788,6.305049868991146,7.116494014017164,0
tolCp3,16,2,1.325454633423558,0.4936108732504407,6.370188470415721,7.155786708664041,0
uofp,17,1,1.3253627632500924,0.555553897977895,6.3636662464689895,7.134330331931744,0
yncEp,22,3,1.3253255240303903,0.4988386073843511,6.32992213993538,7.15505437593094,0
yagB_insX_yagA_predicted,17,2,1.3252910634806123,0.6276579101966945,6.364741544794758,7.085149091030912,0
ssnAp,38,1,1.325211697937506,0.46072210080388654,6.340538201391375,7.174852828091838,0
ihfAp4,25,2,1.3251739627110508,0.6428351105799781,6.356348180105872,7.068123746542382,0
ygfM_xdhD_predicted,6,2,1.3250949287688043,0.48700391731105025,6.3841358145474025,7.173341236427588,0
tfaE_stfE_predicted,20,2,1.3248460586815927,0.4447848504190725,6.29054515068115,7.177750298752416,0
ygeY_predicted,36,1,1.3248296096352605,0.46993107773875065,6.334858234396695,7.171467351629559,0
ygfKp,14,2,1.3246011982815993,0.514772222518752,6.290905465497362,7.123205264177979,0
ygfKp,40,3,1.324512801891182,0.4604603266985251,6.317274362106669,7.168143605297185,0
ymfM_beeE_jayE_ymfL_ymfR_tfaP_ymfT_ymfN_ycfK_ymfQ_predicted,28,2,1.3244228652650252,0.3834841538376459,6.328122608691264,7.2175414763076144,0
TSS_6311_regulondb,36,1,1.3243582801053524,0.48597895299709826,6.300216553015044,7.150302845304431,0
yadN_predicted,7,1,1.3243343915943004,0.42217751780122587,6.398868219760287,7.207381912889815,0
yahC_predicted,24,1,1.324304487514855,0.5131809352285293,6.309578125587416,7.139963345581829,0
TSS_6311_regulondb,28,1,1.3242918051386305,0.49518768686123094,6.283125909612837,7.140036109257419,0
ygfM_xdhD_predicted,4,2,1.324181221489366,0.5160682139943313,6.371023907402284,7.136877669900126,0
intE_xisE_ymfH_predicted,13,1,1.3241742020715646,0.42522466782107526,6.265285638932884,7.189197840489529,0
ybiY_ybiW_predicted,8,2,1.3239710951843524,0.5637412931444152,6.3437732033665855,7.100499595517576,0
ygeY_predicted,31,3,1.3238643949402686,0.47467535030214236,6.33247065638937,7.160358637799445,0
dgoRp,20,1,1.323741334970687,0.649169330145082,6.310385434046715,7.070712385980315,0
tabA_predicted,25,2,1.323664034663646,0.36471938410284865,6.33532134272664,7.228319506438554,0
TSS_4654_wanner_regulondb,6,2,1.3236401218004255,0.48943771552873616,6.376123726644741,7.146214261114397,0
uacT_predicted,22,2,1.3235654847476594,0.528025021140268,6.291465311464216,7.1307986838099,0
ratA_yfjF_predicted,29,1,1.3234463619879437,0.55061263499094,6.383727057946396,7.144382605616105,0
tnaCp,11,1,1.3232788336839199,0.5814650898356631,6.324547157223118,7.091992302995351,0
mprAp,24,2,1.3231906596417502,0.5506205920278857,6.323225153702752,7.120297102723622,0
aceBp,22,1,1.3231502314035337,0.5527710298544098,6.301627764129778,7.104814037571108,0
rdlDp,25,2,1.3231423783810603,0.5895742867423752,6.261532906397399,7.102257026050575,0
ybiY_ybiW_predicted,4,1,1.3230067823303235,0.4272463874910559,6.335549168417349,7.189250779332624,0
uacT_predicted,31,3,1.3229391157572743,0.4981442905740366,6.307426329980253,7.15387764830068,0
ghoSp,4,1,1.3229226361864632,0.5302268254517641,6.29346207293979,7.128076196580334,0
yacH_predicted,30,2,1.322907087857491,0.5701051982520203,6.307768198260646,7.088245063891513,0
gatYp,5,1,1.322421219006818,0.6654953718271183,6.286447543778122,7.051218466762995,0
ygeW_predicted,40,2,1.3223578465969361,0.5199060302422586,6.318422872564216,7.132698178511225,0
cusCp,33,2,1.3222413813189953,0.48810032016988486,6.319590279897799,7.151927273660719,0
hyuA_predicted,24,1,1.3221695895809178,0.44592875100106205,6.306375378400135,7.174075431279267,0
yadL_yadM_yadC_yadK_predicted,13,3,1.322007348297869,0.5850698910584508,6.356087192740132,7.108567219417429,0
ompRp2,2,2,1.3217880334795964,0.5305330211891826,6.32859148227147,7.139403296985913,0
mcbAp5,7,2,1.3217298836762141,0.5590089774338693,6.3243188676579685,7.120907009639684,0
gatZp,28,1,1.3216496141390965,0.4736630336502192,6.26868950465859,7.16840194557903,0
ratA_yfjF_predicted,34,1,1.3215920285890146,0.39439110703966695,6.367885306059187,7.214899545939615,0
ftsKp2,25,1,1.3215692111177373,0.5085947670357064,6.304315908452674,7.135858575051232,0
ykgRp,18,2,1.321524060606422,0.6845682163129356,6.307281351294401,7.017666020057755,0
xdhAp1,22,2,1.321429652325213,0.5101646580104611,6.400182555647794,7.140120799035513,0
TSS_1414_storz_regulondb,14,3,1.3214053190983068,0.5187850840948021,6.3539041073720846,7.146550474987377,0
crpp1,28,1,1.321320039955809,0.48769214340567957,6.33912348370814,7.16305967894133,0
ompRp3,2,2,1.3213091517036029,0.5411352041578702,6.361745145592359,7.1321472548332565,0
TSS_1414_storz_regulondb,15,1,1.321069497616761,0.45168597594383053,6.331507299387873,7.188463059721465,0
ssnAp,12,2,1.3210645227556856,0.5540869371849728,6.334379229396809,7.114305191093419,0
yadG_yadH_predicted,22,3,1.3210625384101113,0.5008379453841153,6.368186388104529,7.154937068821759,0
ygeY_predicted,38,3,1.3208979073314306,0.43403397808533145,6.344027175935628,7.183821351599995,0
tabA_predicted,20,1,1.3208547379578341,0.5366424835015915,6.385690826205006,7.128590079777775,0
galEp3,18,1,1.3207593548201357,0.524530170924479,6.351872728561224,7.1286024507619645,0
yncEp,25,3,1.3207531639390218,0.5843454818310491,6.2933442733206935,7.092619952775982,0
TSS_4655_regulondb,24,2,1.3205972781659536,0.4239653518606383,6.286809423087971,7.193073449490939,0
ompRp4,24,1,1.320500047264464,0.5376601890740691,6.3219472489791375,7.133160189050977,0
yadI_predicted,35,1,1.3203665831685871,0.4049994896443906,6.359509710911321,7.204234610508325,0
tolCp3,22,1,1.3203451518328921,0.5103381944431461,6.3793175432998,7.155866894808045,0
cusCp,24,1,1.3201944408160486,0.6021993318100218,6.271895923000619,7.072574761106454,0
hyuA_predicted,17,2,1.320062943274327,0.5287108253269707,6.329025407010287,7.14325553156518,0
TSS_4655_regulondb,6,2,1.3200580841230378,0.47521239758645817,6.381282610962451,7.151411304535706,0
galEp3,21,2,1.3200399930679225,0.4780316562111692,6.324440270157195,7.158566047311263,0
ssnAp,7,1,1.3200327328541064,0.4901363150740243,6.3639867409834165,7.156316399569141,0
TSS_18061_regulondb,4,3,1.3200208193405818,0.5146279075740069,6.313148516519436,7.129436524603318,0
hyuA_predicted,1,2,1.31993408881637,0.421871808904096,6.295199935193875,7.190799184722401,0
ftsKp2,33,1,1.319680743793137,0.6228644367533612,6.3360315028412195,7.102898117718285,0
lacIp,22,2,1.3196610038097158,0.573065338649071,6.331396682174812,7.09966906625413,0
ygfM_xdhD_predicted,15,2,1.3196470015269783,0.546211631340536,6.3075611888249785,7.114262110302657,0
ompRp3,15,2,1.3195516634672964,0.5482103200667562,6.329301841024176,7.126885494231275,0
TSS_4654_wanner_regulondb,2,1,1.3194639928226988,0.48771107809330877,6.316573458892657,7.147012505698643,0
ratA_yfjF_predicted,30,1,1.319394356953822,0.5387414973232543,6.321342602457063,7.12949193129074,0
ygiW_predicted,31,2,1.3192162548193997,0.5119161685019077,6.346719946923841,7.162157879661494,0
tfaE_stfE_predicted,5,1,1.3189389773033489,0.5181062155342562,6.321751131079061,7.13396463823037,0
yagB_insX_yagA_predicted,5,1,1.3189368371721073,0.564069237195732,6.351190241696473,7.1040596627052315,0
rcsDp,22,2,1.318850377934509,0.4655048859137323,6.383895736036232,7.172917713113488,0
cusCp,18,2,1.318720318697954,0.5006643227460917,6.331790192962803,7.15601838834369,0
tabA_predicted,9,1,1.318558476639073,0.45990683757442863,6.321953768594897,7.177944761253075,0
ompRp2,13,3,1.3185397627766964,0.6739224844980184,6.324236501066025,7.033682175793164,0
acrBp,3,2,1.3185089428235397,0.6023183073640584,6.42423844051745,7.095109737188185,0
ymfM_beeE_jayE_ymfL_ymfR_tfaP_ymfT_ymfN_ycfK_ymfQ_predicted,36,1,1.31845042140355,0.41099723500495255,6.322496750875967,7.200677974747824,0
ygeY_predicted,11,1,1.318271919240178,0.428080927934907,6.363803535681741,7.189606094528054,0
tabA_predicted,15,1,1.318259230853865,0.5232283190469704,6.31744713364103,7.138730272815366,0
xylFp,17,2,1.3182227878294408,0.4899350866294124,6.3074979616750175,7.149231793857714,0
TSS_4654_wanner_regulondb,31,1,1.318172005716181,0.46036873093640407,6.2961661393314525,7.157830572756014,0
crpp1,1,2,1.3181480744715728,0.6385900037338418,6.314291811781156,7.076669978873918,0
yadI_predicted,22,2,1.3180275075491212,0.42799899852416823,6.317761917331568,7.185246421466081,0
lacIp,31,1,1.3180086493440222,0.5075228687406961,6.3703766019883625,7.132729687901587,0
rspAp,18,1,1.3176881081054956,0.7228781007020735,6.285140470993438,6.979997760363979,0
ygeY_predicted,4,1,1.3175375127386106,0.50556661128829,6.327657577663379,7.153728115989608,0
ompRp1,5,2,1.3174131733312384,0.5387151548540339,6.305424237781026,7.1165453997011,0
tnaCp,22,2,1.3173632417286214,0.5423815125987864,6.354041239485608,7.115066573502336,0
TSS_4654_wanner_regulondb,9,1,1.3173186249828837,0.5004968027684196,6.349154434634855,7.145640442888835,0
xdhAp2,30,1,1.3170991985816862,0.46776675263012946,6.250310805638283,7.169073414382553,0
ssnAp,3,1,1.3169315162228907,0.44419312120563614,6.306518830096058,7.175481119073959,0
rcsBp1,22,2,1.3168475302405092,0.5708634845557166,6.307835518856933,7.0995154161165495,0
araBp,7,1,1.3167182987036998,0.4700791079949128,6.283974832288278,7.1620079549127125,0
uacT_predicted,6,1,1.3167065629274524,0.49825871567297453,6.375883422376196,7.143070715003023,0
ssnAp,9,1,1.3165166107626394,0.42852459888845806,6.344893789914929,7.1958886995185525,0
yadL_yadM_yadC_yadK_predicted,15,2,1.316499418064192,0.5223386456355605,6.320505051696497,7.128816290259399,0
yqaEp,31,2,1.3163342981066404,0.38856342794581983,6.28485645461655,7.213464812140404,0
tolCp1,22,1,1.3162489898334278,0.47945061762269714,6.313443114745088,7.150661992528905,0
ykgRp,31,2,1.3161394104584483,0.547862317346431,6.34403840163531,7.128590374075575,0
TSS_4655_regulondb,8,1,1.3160799497222573,0.5314345341348407,6.3011607602199415,7.1141277196789385,0
TSS_18061_regulondb,20,1,1.316036161411754,0.5044254754430422,6.354935264865523,7.153839682622158,0
mtnp,7,1,1.31602576433302,0.6845690487292642,6.333453751549021,7.016260246370935,0
rdlDp,22,2,1.3160171850753541,0.614566602745896,6.345891045445048,7.072017371388764,0
yacH_predicted,31,2,1.3160018051705686,0.3503348893350989,6.367938552753538,7.232346325988436,0
rspAp,19,3,1.31594891929777,0.8163858157822348,6.273433161850335,6.9101437292302155,2
ygeY_predicted,38,1,1.3158766660840737,0.506903491118955,6.355496238172622,7.145832255308491,0
ecnBp,22,2,1.3157077038178968,0.449285571338514,6.347952557615425,7.17475447842738,0
yacCp,24,2,1.3155705728398097,0.5462605311964445,6.3617103654279,7.124006136659114,0
ygfKp,41,1,1.315496055337424,0.5122276277805677,6.2965413922733955,7.134885510127433,0
tnaCp,25,1,1.315151357238816,0.5112348425013689,6.284686405694524,7.1348111862875,0
hyuA_predicted,6,1,1.3149833051772766,0.5198391571307656,6.300867752657539,7.13373830154533,0
ghoSp,39,1,1.3148764385704221,0.508661421660134,6.3457597836451765,7.142097843389696,0
yjbJ_predicted,29,1,1.31487225452553,0.5353824532630351,6.2640342924957295,7.11610385158192,0
mcbAp5,38,1,1.3147266106448594,0.5757846129868663,6.329318467595549,7.102378630987271,0
crpp3,38,2,1.3146922537825936,0.4592078964716322,6.344202041350069,7.171647789517925,0
elaBp,4,1,1.3146695546406604,0.41105299928307976,6.375121569227846,7.206420441375272,0
TSS_6311_regulondb,21,1,1.314649278292764,0.4696529500726417,6.312443291631347,7.171976644692286,0
ompRp3,38,2,1.3145475232965764,0.5837667078243293,6.318582167864595,7.094409882129049,0
acrBp,15,2,1.3144024540809078,0.4996905201133688,6.317536446419426,7.16704812899001,0
TSS_4654_wanner_regulondb,4,1,1.3144005003669037,0.5530632471101378,6.335726176963755,7.099169641287876,0
TSS_6311_regulondb,6,1,1.314388463948902,0.4948845154101611,6.3565263981075315,7.150537212408979,0
TSS_4654_wanner_regulondb,22,1,1.3143495980831146,0.3900242959976265,6.339699130615448,7.2096005580581375,0
ygeX_predicted,19,1,1.3143200794580838,0.47130024564016165,6.271288624389219,7.166686116886298,0
lacIp,39,1,1.3142867547022195,0.4751414869997243,6.383910075469203,7.166987798398664,0
yadG_yadH_predicted,22,1,1.314154401934688,0.5541449781333632,6.369458584940919,7.12437602696115,0
ygeX_predicted,36,2,1.3139809353550158,0.4503731175399535,6.326729154918598,7.189683982023945,0
galSp,25,3,1.3138845970220667,0.42366610509468416,6.299410818504031,7.193922176490142,0
xdhAp2,22,2,1.3137141072263034,0.5007878908907847,6.369520964890208,7.141096771651515,0
ygfM_xdhD_predicted,38,3,1.3136417926582713,0.5534222359690966,6.377695036906972,7.122888403826172,0
yqaEp,5,2,1.313618726436788,0.4525351913970831,6.315712937474905,7.169450860365954,0
ompRp2,15,1,1.3134577456815888,0.4767935271904347,6.335721777456742,7.155822983013365,0
galEp3,1,2,1.313375608270619,0.43288005115256883,6.337436843355571,7.184543173382799,0
TSS_4654_wanner_regulondb,3,1,1.3133208477388012,0.5056835005278179,6.309426184366126,7.142445158750707,0
galEp3,39,1,1.3132366616519742,0.5428722550347609,6.327827240984883,7.1152987335162,0
ygfKp,31,1,1.3128641824976124,0.5308758116297307,6.333348348325552,7.128139809744031,0
TSS_6311_regulondb,1,1,1.3128619537705017,0.4467801220424646,6.353970402283882,7.169805340842336,0
mcbAp5,24,2,1.312821094118389,0.43314420750908617,6.434238342868353,7.197967284689975,0
TSS_4654_wanner_regulondb,2,2,1.3127537470402104,0.49028596459337187,6.360698649669384,7.157703679666962,0
acrBp,4,1,1.312619061764472,0.5502669340700508,6.342569340757983,7.12847952111281,0
rcsDp,39,1,1.3124576040129197,0.5646007247714969,6.304204785899328,7.100726805884843,0
ompRp2,17,2,1.3123886873518218,0.4799977356904814,6.32547765774115,7.160188197420931,0
ygeW_predicted,20,2,1.312338965556258,0.5357915692804388,6.3507173037431475,7.139430792398956,0
icdC_predicted,25,1,1.3123329385716118,0.5176243715336968,6.3013541932133545,7.138334491978181,0
ratA_yfjF_predicted,6,2,1.3122752674293618,0.5387238118091685,6.3710200935035575,7.148253276089463,0
hyuA_predicted,15,1,1.3122656124004923,0.4624222145964131,6.297321131533527,7.167659781764211,0
tfaE_stfE_predicted,2,1,1.3120881020404949,0.5207136292932489,6.297042377306491,7.142130614598859,0
zapB_predicted,16,1,1.3119949242453746,0.5524903856123778,6.278577435094208,7.105932362649225,0
galSp,12,1,1.3119467212771625,0.51978502327921,6.33254696035511,7.1334376611828505,0
gatZp,5,1,1.3119417416226422,0.5144867730830831,6.322756912775324,7.1406886026839365,0
tabA_predicted,24,1,1.311872935874785,0.4985594440994588,6.371625831570882,7.171174644176895,0
mtnp,15,1,1.3117673012787918,0.5366847579935206,6.40988007160586,7.1256029921822766,0
yadL_yadM_yadC_yadK_predicted,16,1,1.3113024339734805,0.4262255031315162,6.390943649945276,7.1930542059880525,0
ssnAp,35,1,1.3110443858015652,0.49112623594674504,6.295210287561192,7.15104761596689,0
mcbAp5,1,2,1.3108687254548408,0.43340100348070326,6.4044287242667695,7.189153946422276,0
yqaEp,28,2,1.3105684514805844,0.49286434243902544,6.331414574151718,7.1648228689198525,0
ygfKp,12,2,1.3104777737102842,0.5124774988552429,6.333951609337879,7.139932668583983,0
hyuA_predicted,6,2,1.3104058355830979,0.4971162009647373,6.345287613474574,7.14493624566223,0
galEp3,13,3,1.310225667893582,0.4792679561061212,6.338135174071513,7.157289671699602,0
yacCp,22,1,1.3101780895904191,0.5271442444868693,6.299054987017226,7.108575606138076,0
yacCp,38,2,1.3101583585182055,0.4529548189436027,6.3276525590169825,7.172795010874644,0
cusCp,9,1,1.3101489069374215,0.41445237983282823,6.34913328992786,7.202240625918465,0
yagB_insX_yagA_predicted,33,2,1.3097763858286338,0.565100845116934,6.358772026829922,7.125402030711493,0
cusCp,17,1,1.309737509845933,0.43981028906642483,6.353557970478272,7.1829774003894915,0
galSp,1,2,1.3096202843291453,0.5514318807870953,6.303755815982154,7.1126756873301265,0
araCp,15,1,1.3096178080309515,0.529094884076796,6.3162695712174015,7.141038444066283,0
yjbJ_predicted,5,2,1.3093409489722052,0.4093213790248617,6.359729086140895,7.20063223285867,0
xdhAp2,32,1,1.3092743138985128,0.5892763414043218,6.3431134222134435,7.111477825388965,0
ygiW_predicted,3,1,1.3090628473283559,0.49237080213391393,6.304017194698094,7.158241467079915,0
ygfS_ygfT_predicted,39,2,1.3089081718821982,0.5173271275237782,6.388632977008379,7.138606557089126,0
galSp,22,3,1.308881346370388,0.4980248083652287,6.333580668490336,7.144303141602004,0
ompRp3,33,2,1.3088785889216146,0.47451677501284467,6.348311545586689,7.164045454069564,0
ykgRp,36,2,1.308837309371536,0.501115804121323,6.355460102875275,7.145855288062999,0
tnaCp,15,2,1.30880251806459,0.5070313749100485,6.346516879773796,7.145596919014955,0
dgoRp,22,1,1.3087510235164452,0.4202815921385316,6.287610890349665,7.194365128493553,0
acrBp,9,1,1.3086006147172387,0.445959734086559,6.328052700217507,7.182386148025178,0
ygfKp,28,1,1.3085822300800258,0.4889514846730387,6.374520709766257,7.153953498296701,0
ygeY_predicted,24,1,1.3085783068242047,0.43046060344981474,6.2639317748792225,7.193875231466816,0
ygeY_predicted,25,1,1.3084637469695712,0.5475317206087443,6.295025652676507,7.118112254867866,0
ygeX_predicted,22,3,1.3084001524476294,0.43381808766792457,6.309615470101358,7.192109832089719,0
TSS_6311_regulondb,18,2,1.3083388315735796,0.482252158199695,6.368606276923183,7.158218652014291,0
ompRp1,12,1,1.308264496971091,0.5335241684920558,6.339703237849266,7.126150010109135,0
rspAp,40,1,1.3082194791607995,0.7296017780121749,6.316338872725208,6.9824021187403655,0
yagB_insX_yagA_predicted,19,1,1.3081731005156387,0.49557751830965296,6.356506951169647,7.153379761833409,0
rspAp,28,2,1.308040323998809,0.611374035511674,6.32632208386256,7.072472009302299,0
ygeW_predicted,39,1,1.3080236128876321,0.4179179685824098,6.381348126149722,7.189092648516105,0
ompRp4,4,1,1.308003152588559,0.5330681946389475,6.376317796665507,7.111414921226946,0
rspAp,37,2,1.307805077811599,0.6619858152632383,6.353621355810022,7.0418606550335685,0
TSS_6311_regulondb,25,2,1.3077928520490834,0.5571708069598633,6.319464566939824,7.110691645551186,0
galEp3,30,1,1.3077782792226562,0.4727485615815704,6.347138826924038,7.155548675756895,0
lpp,22,2,1.3077331529076694,0.5006106184803124,6.359510586985172,7.161641344240794,0
ybiY_ybiW_predicted,19,1,1.307570005289461,0.5289804649214308,6.35193691436619,7.128530134979372,0
xdhAp2,38,2,1.3072722059513815,0.5240983277392873,6.34298699817363,7.146625232509627,0
ssnAp,8,2,1.3069741716345915,0.6058157337702968,6.3767669776440705,7.103700336893598,0
ykgRp,33,1,1.306885057239486,0.46364493871530016,6.409689745316351,7.1660984672903485,0
tfaE_stfE_predicted,7,1,1.3068651513792215,0.4385161885725839,6.341363068760147,7.18441393519731,0
cpxRp2,38,1,1.306739472980466,0.5269417094284463,6.383289770770883,7.14277181748054,0
TSS_4654_wanner_regulondb,17,1,1.306634007200042,0.43914688527951684,6.345709908456762,7.181696353127117,0
cusCp,23,1,1.306530405548228,0.45818966633456165,6.357178462263532,7.16975345349293,0
sohAp,15,1,1.306353372297324,0.47454507078933506,6.300296553890142,7.167473029977078,0
ygfS_ygfT_predicted,3,2,1.3063345032474265,0.4662172184379461,6.3499932091289875,7.165753524871299,0
ompRp4,38,2,1.306234924790854,0.4965373731741841,6.330188640662705,7.144072999651594,0
ygfKp,19,3,1.3060649195872358,0.46482061990034546,6.331829914323812,7.175632356051108,0
rcsBp1,20,2,1.3060020070876874,0.5599414847431805,6.35639004343677,7.110031607865039,0
ompRp3,9,1,1.305972238937215,0.43930982222277254,6.348884049580533,7.182081018117213,0
intE_xisE_ymfH_predicted,39,1,1.3058819968393867,0.3860957151699822,6.357047768511718,7.213097202794941,0
ompRp2,6,2,1.3057954479612777,0.6463821575521085,6.335297181083931,7.060385154286175,0
hyuA_predicted,4,1,1.305752405759822,0.391594271610919,6.338371901871087,7.203783547950562,0
TSS_18061_regulondb,25,3,1.3056075364306483,0.4909126289444552,6.397271280369392,7.164298173655368,0
yahL_predicted,24,1,1.305540043687147,0.4428210814694918,6.335197580368692,7.191298360209093,0
yahC_predicted,25,1,1.3054940437533316,0.3831590401523852,6.323884793166696,7.21582869772392,0
ompRp1,38,2,1.305437361781664,0.41107836401886666,6.400789096111474,7.210087807255011,0
tabA_predicted,22,1,1.3050346358895943,0.516039109797205,6.368756888260373,7.148199718323557,0
tmaR_predicted,22,1,1.3050164381055707,0.4845740169906417,6.345154125499127,7.156434174175179,0
yadN_predicted,38,2,1.3050042065250154,0.5301711831104374,6.320278419432569,7.117958190489032,0
ygfKp,3,2,1.3050001277237275,0.5136385796991135,6.398932408926069,7.1399059380181145,0
ymfM_beeE_jayE_ymfL_ymfR_tfaP_ymfT_ymfN_ycfK_ymfQ_predicted,38,2,1.3049095795418137,0.5334124747468184,6.325315501562038,7.1236525242961015,0
yqjE_yqjK_yqjD_yqjC_predicted,22,1,1.3047907823785672,0.5772094544832734,6.316678637803252,7.086331971536898,0
dgoRp,33,2,1.304781685243534,0.5600899545771875,6.353062914464283,7.107223520096481,0
hyuA_predicted,10,1,1.304771790356251,0.4644991517656154,6.3404683978570135,7.16204170778842,0
furpa,25,2,1.304703378215114,0.45891569284999556,6.311871770753082,7.166823645501361,0
hyuA_predicted,10,2,1.3046806539455322,0.41873506592690524,6.278966988152518,7.199811080012564,0
TSS_4655_regulondb,18,1,1.3045661694385062,0.5270673493874358,6.354123759184228,7.130272081381371,0
mcbAp5,6,1,1.3045462702283763,0.4491170534491359,6.2957556913436195,7.175580215247589,0
ssnAp,24,2,1.304531316384696,0.4366163642690931,6.411804507496145,7.184899381153219,0
TSS_6311_regulondb,37,2,1.3044025088252313,0.48313959337897927,6.34464644913366,7.171027725193141,0
ykgRp,6,2,1.3043412429530323,0.6643994752119156,6.312154069370721,7.044103102050128,0
ygfS_ygfT_predicted,13,3,1.3041154799946097,0.5263360318062341,6.349867004133584,7.126844977844504,0
ygiW_predicted,9,2,1.30410618370352,0.5550188303107835,6.392445147500779,7.119695162996483,0
elaBp,38,2,1.3040530967272368,0.46248020593555045,6.374093528849106,7.166636006710166,0
ygfS_ygfT_predicted,34,1,1.3039640023134909,0.4549274979453651,6.387454620944845,7.181657067042435,0
recNp,22,1,1.30384132199182,0.5251132388690868,6.370313625980159,7.143954619144844,0
galSp,4,3,1.3036676261143336,0.663400900898293,6.345092383657591,7.026762215524432,0
ompRp2,13,2,1.3035002213518996,0.6295936261212812,6.3764542418016275,7.047193554936694,0
ygfKp,19,2,1.3033266497964093,0.39058384684824665,6.360704230651555,7.2151308318329175,0
ompRp4,15,1,1.3032058901682864,0.4695528127307512,6.373544833245575,7.164957827193678,0
yjbJ_predicted,3,2,1.3030830274598346,0.5719413619718785,6.337546514969624,7.101877088809565,0
acrBp,30,1,1.303024022999027,0.5042182233402089,6.329307129238718,7.135247626776234,0
yqaEp,4,2,1.302991936196719,0.49616722444735983,6.315517191360653,7.145069233044561,0
yahL_predicted,5,1,1.3029674831614424,0.4555962348108975,6.389317645985464,7.190078960337482,0
ygiW_predicted,2,2,1.3028841580522355,0.47740274362202156,6.382242967838102,7.170474805342385,0
xdhAp2,1,2,1.3026881631664613,0.4079191871789273,6.3895121463720255,7.2077460558598485,0
ygeY_predicted,13,2,1.3026439516252672,0.46849248414528716,6.345425093428936,7.167445276536005,0
rdlDp,22,1,1.3021579087056776,0.4641097873040969,6.350424779141331,7.175494866579857,0
ompRp2,2,1,1.3020970823708675,0.6296184999475536,6.376083696169625,7.049184742100568,0
ygfKp,25,1,1.3020882361236685,0.5087188509931013,6.374699857702601,7.148167145126499,0
tfaE_stfE_predicted,25,2,1.3020665152531992,0.4608256569419728,6.299943126735843,7.15870064360754,0
mcbAp5,21,1,1.3017936845270859,0.39830030347326617,6.355325013032882,7.214066868898153,0
mcbAp5,2,2,1.3016936578931777,0.4720575657338514,6.350503234159682,7.163615733437249,0
ghoSp,34,2,1.3016525788648488,0.4788903827047437,6.402495929507203,7.159510686656055,0
TSS_6311_regulondb,11,2,1.3016506944646247,0.51661158664375,6.327668209677769,7.126293182709735,0
TSS_6311_regulondb,4,2,1.3015910962281583,0.5319121204075584,6.294714919210124,7.107850000984697,0
sulAp,38,2,1.3015351003319713,0.46314457257466457,6.415193649008699,7.1817272934863094,0
TSS_1414_storz_regulondb,20,1,1.3013809484955143,0.6028241691427885,6.270698064021435,7.07147444569775,0
yagB_insX_yagA_predicted,30,1,1.3013490268952224,0.41837759592565976,6.293714033509974,7.200378510672593,0
ompRp3,4,2,1.3013006826086937,0.4323023340498473,6.372744401300064,7.192902131965989,0
ygeW_predicted,12,2,1.3012031342859742,0.4916877937211275,6.315730041574181,7.1458221310066055,0
ompRp4,25,2,1.3011135597307648,0.46368874131526866,6.373601257672224,7.1697746600642365,0
hyuA_predicted,35,2,1.301056507739899,0.4043295869259766,6.311398547278098,7.19875006435083,0
ygeY_predicted,20,2,1.3008581110603388,0.542950798588111,6.330323175198197,7.125408413918058,0
uacT_predicted,3,1,1.300689361450227,0.46543743706751795,6.374511865512122,7.171336290250228,0
TSS_4655_regulondb,38,3,1.3006251499498083,0.5156099757639223,6.3584904340744615,7.133071681656142,0
ygeW_predicted,7,1,1.300613030558996,0.5337310540433479,6.447753390492429,7.117514753580409,0
yadG_yadH_predicted,30,1,1.300414065972255,0.5021262896463121,6.403828970922964,7.157805205612297,0
ybaY_predicted,20,2,1.300249567738729,0.533132622614035,6.355045430700076,7.136137637791344,0
ldrDp,22,2,1.3002321239142567,0.40433635143778557,6.335947316679269,7.202050568334927,0
ygfKp,12,1,1.3001104814080857,0.5762670039023758,6.391256718077225,7.106768201920697,0
yncEp,16,2,1.2999275763159217,0.45980553755131054,6.29715288183591,7.166807603792954,0
tabA_predicted,22,2,1.299818088654352,0.44544765646265566,6.3438601936718495,7.184548135329772,0
yadN_predicted,25,2,1.2997527966377826,0.38043750326107506,6.274449877902359,7.214342194970374,0
yadG_yadH_predicted,20,1,1.2997016875629563,0.5049382812557118,6.353583345065831,7.142695768575995,0
cpxRp2,36,1,1.2995203371604243,0.571913110655682,6.367520700907912,7.105575897159028,0
ftsKp2,20,2,1.2994963704053633,0.485254942457818,6.328031414141372,7.154231231157555,0
ygeW_predicted,8,1,1.2993235606158442,0.46010049273414266,6.3428900858268955,7.176927065335535,0
gatYp,17,2,1.2992901999615907,0.5067425401163127,6.293409301732593,7.136190647995694,0
zapB_predicted,20,2,1.299118882789499,0.45202016273761514,6.364376906178542,7.17777474873102,0
ygiW_predicted,11,1,1.2990406122390437,0.5379003730245885,6.377930823441133,7.109321974028285,0
TSS_4654_wanner_regulondb,13,1,1.298929575856753,0.5859406380690341,6.364929155844637,7.100122602108808,0
ygeW_predicted,5,1,1.2988536636079693,0.4273140153352017,6.352960874919525,7.194000263228083,0
aceBp,15,1,1.2987638722723411,0.4980440515714212,6.364341976474495,7.151075392068609,0
dinQp,15,1,1.2987372382605176,0.44081829642985926,6.335488650799176,7.182757957765853,0
ygfS_ygfT_predicted,13,2,1.2986520284284002,0.49050409727104227,6.3587814396145825,7.153362163964012,0
tabA_predicted,12,2,1.2986020708908397,0.5532447799163033,6.352727815510734,7.118579260966544,0
uacT_predicted,28,1,1.2982881554814771,0.45421224495547097,6.3729295192482684,7.182952366470004,0
marRp,25,2,1.2982107375379044,0.5248653369213142,6.3143819089194455,7.1224073975003925,0
ykgRp,37,2,1.298209281050889,0.6868520955096487,6.331696744661143,7.016237093574439,0
mhpRp2,35,1,1.2980707469763093,0.6269757662039974,6.2993461598772384,7.0664328900399305,0
ygeY_predicted,23,1,1.298034950831297,0.48221353166004666,6.386181538240795,7.15941996909573,0
hyuA_predicted,23,1,1.297993921306301,0.5409993347768411,6.383808559703905,7.126387168977026,0
cusCp,31,1,1.297968381033276,0.4578005994002304,6.370914301760508,7.172427792228737,0
ygfM_xdhD_predicted,32,1,1.2978838288833894,0.42196820076698277,6.349538900583086,7.197601269058081,0
gatZp,39,2,1.2978637320407942,0.4330546354400042,6.282309292716686,7.19852951597395,0
ldrDp,22,1,1.2978460926043276,0.4570986854021488,6.37363011205622,7.169614097807285,0
hyuA_predicted,20,1,1.2978184683187792,0.44283690534575454,6.330201675087243,7.180329507863261,0
galSp,7,2,1.2975492738076315,0.7978405744421244,6.327212430265764,6.943879579285317,2
blrp,25,2,1.2974248105427166,0.5333297697285454,6.304492591289632,7.121165783993181,0
ratA_yfjF_predicted,20,1,1.297403650985848,0.4753520664488405,6.440157333353771,7.168454419250192,0
elaBp,22,3,1.2973935463266275,0.4390288050340986,6.319685933487266,7.181822323525731,0
ghoSp,7,2,1.2972140918003412,0.5281983661209964,6.357477526169336,7.126524099835003,0
hyuA_predicted,18,2,1.2971158917064751,0.4697471534764947,6.369026591482334,7.160050858386173,0
ghoSp,24,1,1.2971008084200724,0.5478415793128139,6.366287638845361,7.129284913250277,0
sohAp,24,1,1.2971003393297882,0.5558472747502087,6.450620642466863,7.129274031720019,0
ssnAp,38,2,1.2970840048595622,0.5181105381898027,6.368592344963842,7.145387489570435,0
ybiY_ybiW_predicted,9,1,1.2969110212011634,0.42151755577857564,6.394884739661925,7.1997694325133885,0
ompRp3,31,3,1.2969010304334705,0.6427512269293923,6.347431189224356,7.052150317852062,0
ygeX_predicted,3,1,1.29677485909468,0.3579790330664435,6.329257783592144,7.228959624679266,0
galSp,11,2,1.2961522599965656,0.501638889050031,6.352512654876485,7.134182072581319,0
mhpRp2,22,2,1.2960672183178459,0.4867933422689353,6.345983624723424,7.151329453131955,0
TSS_18061_regulondb,18,2,1.2959777728596162,0.509504062986956,6.3188065385575705,7.133770169565061,0
lacIp,14,1,1.2958996459493415,0.44558292273775,6.323274124209367,7.1825240748396535,0
yqaEp,25,3,1.295880678176896,0.5491233191445651,6.318584371512559,7.111039942577312,0
ygfM_xdhD_predicted,31,2,1.2957827922209044,0.5044657575295184,6.328387247621281,7.1492364608858665,0
cusCp,19,1,1.2957083211146654,0.4519811900206296,6.356638290264245,7.170921579292186,0
ygeY_predicted,28,1,1.2956560936942771,0.4473285079927084,6.346280280547784,7.178030312828821,0
yadG_yadH_predicted,35,1,1.2955934624396066,0.44481325412633343,6.381095501815095,7.179958045501593,0
rspAp,6,1,1.2955323710256814,0.6414470036911761,6.34346945092738,7.043597255853605,0
TSS_4655_regulondb,14,1,1.2955253727311422,0.5075874335100058,6.3340396384686155,7.134703991842728,0
ygfM_xdhD_predicted,15,3,1.2952232615367645,0.4945351432012273,6.301610516926789,7.1513198977339645,0
ecnBp,15,1,1.2951719528543637,0.3891478410462156,6.310237952845261,7.207270202076767,0
TSS_6311_regulondb,5,2,1.2951714511342156,0.4947384158452996,6.319191954074874,7.1519530457944995,0
ygiW_predicted,5,1,1.2950064743388745,0.4547086100047776,6.372226773331892,7.163428587253163,0
icdC_predicted,24,1,1.29441546061767,0.5331380821731223,6.319620787650705,7.1270077097635935,0
tmaR_predicted,15,1,1.2944139515144748,0.4552344532652788,6.348141914964595,7.178600062482248,0
ygeW_predicted,15,2,1.2943612012160477,0.4847853451224937,6.345945680716909,7.149270853088115,0
xdhAp1,13,1,1.294202497223962,0.4509031592393404,6.356805623317699,7.184449358841323,0
rcsDp,30,1,1.2939822612793945,0.5318058812262335,6.329057365742598,7.134320696483097,0
ompRp4,22,1,1.293940132260838,0.5166334512044841,6.3552682206516495,7.153832097747793,0
yahC_predicted,15,1,1.2936723980316645,0.4567545591763488,6.320422827195212,7.1771625317606915,0
ygeX_predicted,32,2,1.2936191287373657,0.44846926556922617,6.301712991784897,7.179738312356973,0
TSS_6311_regulondb,14,1,1.293601770374533,0.40521018853471347,6.358268512772794,7.207946356666136,0
hdeAp2,22,1,1.2934394160896299,0.4481912613490823,6.318803390338041,7.172256681454453,0
ompRp1,19,2,1.2934358338136502,0.5198021934192576,6.340789562430668,7.135505283727404,0
yadI_predicted,13,2,1.2931670322152125,0.4475116713170818,6.3763096245784086,7.178448780186965,0
ftsKp2,17,1,1.2931517065921612,0.6037365183148068,6.356300351445988,7.070137328895373,0
galEp3,38,2,1.2930096782714033,0.4777536036484107,6.375293146661669,7.1667419354776465,0
rcsDp,17,1,1.2929909023942245,0.42349037999043393,6.341614640416783,7.196204835546731,0
ghoSp,15,1,1.2929786779987948,0.4286300442700707,6.3780909079515,7.192018876944883,0
ratA_yfjF_predicted,3,2,1.292836678627382,0.48181977766291645,6.420973461078786,7.177679618535089,0
ratA_yfjF_predicted,15,1,1.2927014252317997,0.41045612083977795,6.571101623759207,7.219388156629472,0
ygfS_ygfT_predicted,19,1,1.2926552292721116,0.4376288055966777,6.369944094235298,7.184520622012799,0
mcbAp5,15,2,1.29248544973555,0.4738283915593153,6.353085115822259,7.161468338853179,0
recNp,15,1,1.2923459480166757,0.4752649112437959,6.366545174973933,7.168472275760827,0
galSp,15,3,1.2923127286057599,0.6522482776574993,6.352331417728971,7.049441456568658,0
mcbAp5,13,1,1.2923032891259547,0.4676088629639188,6.334069344093587,7.160954916210052,0
galSp,38,3,1.2922365603726491,0.5361762125227145,6.41308868802431,7.123023664439518,0
xdhAp2,22,3,1.2921221058537011,0.6074191828742582,6.37389461698051,7.072393655004641,0
gatZp,38,2,1.2918876753973116,0.4942474041124538,6.293867136522424,7.141828566187603,0
lpp,17,1,1.2918272452826511,0.554990265091695,6.3701831167216465,7.128899317316629,0
icdC_predicted,38,2,1.2916776652926079,0.48230361551623074,6.405851961227029,7.171413584755554,0
tnaCp,33,2,1.2915905482580512,0.44109019474101885,6.380992004289811,7.179085169988207,0
ecnBp,31,2,1.2914928839299114,0.47161388679490346,6.335556621939716,7.157917865750401,0
ygeW_predicted,31,2,1.2913695000083316,0.47081148806361334,6.331428586252919,7.16357627000862,0
ygeX_predicted,22,1,1.2911942261140865,0.4671400373818763,6.291834208090055,7.1685336985909345,0
tabA_predicted,17,2,1.2911261528581022,0.5377265482218234,6.360718140275649,7.146607671418849,0
TSS_4654_wanner_regulondb,15,1,1.2909804377852303,0.4565140674232187,6.385119061197141,7.17611877296968,0
tolCp3,4,1,1.2907393971161627,0.45416561861889515,6.324923674565228,7.168515015191204,0
TSS_4654_wanner_regulondb,25,1,1.2906506487618161,0.38049505617078855,6.335402010639854,7.215533340713993,0
xylAp,4,1,1.2903964694590055,0.5749338520971095,6.343210830775217,7.088609892777303,0
yncEp,14,3,1.2902682249448993,0.4385670360541721,6.325084648036812,7.1819217854318875,0
yadI_predicted,32,2,1.2902434993494996,0.5114384031158861,6.367148524005333,7.1492221059823,0
tfaE_stfE_predicted,11,2,1.290232754300055,0.4805680007325584,6.34380205799244,7.164082199835715,0
acrBp,6,2,1.2902076387927173,0.429235607026615,6.3870474726987565,7.181771588298879,0
galEp3,4,3,1.2900394441926906,0.5363520666382693,6.362515382119475,7.1271872808916825,0
tabA_predicted,22,3,1.2898794186803164,0.4331358569119724,6.330181038438173,7.18137957259122,0
TSS_4654_wanner_regulondb,30,2,1.2898633116856089,0.5012678753949743,6.327694125549426,7.160313623813443,0
mcbAp5,15,1,1.2898557981928713,0.4515820551331903,6.288333417032808,7.175682909032833,0
ygfM_xdhD_predicted,5,2,1.2893266639496916,0.47746128802549836,6.340800827237113,7.162330945786227,0
dgoRp,25,2,1.2893232455395187,0.3936260498327027,6.363616972416935,7.210960252533097,0
TSS_4654_wanner_regulondb,36,2,1.2892998037078283,0.436651971233271,6.3577758191482445,7.188674899467768,0
dicCp,38,2,1.2892046995156534,0.4571863963539437,6.35409920454639,7.177720274398996,0
ldrDp,4,1,1.2887622538056873,0.4588600168986673,6.351725194292399,7.1673130201015995,0
crpp3,22,2,1.2887208657198852,0.4707982974736123,6.384552925444899,7.179384107772236,0
TSS_4654_wanner_regulondb,10,1,1.2885181684206255,0.45079812584965967,6.337784605538959,7.16216887289795,0
ygeX_predicted,16,2,1.2884784870957529,0.4196778155000975,6.335225111968768,7.194360121043237,0
ompRp1,1,1,1.2884784685663124,0.522655892953418,6.339207172286073,7.136857744682263,0
mcbAp5,41,2,1.2883767312231904,0.4850853919431336,6.4068280235159865,7.1517902423351,0
ygeY_predicted,19,1,1.2882842575491404,0.4622311075707688,6.361466963805498,7.167207004047685,0
dgoRp,31,1,1.288173663898229,0.5787712532790353,6.348475936869416,7.0876974864123925,0
TSS_4654_wanner_regulondb,15,3,1.2880514022541099,0.4758832891097711,6.3369591553515825,7.165897286857203,0
ygfM_xdhD_predicted,36,2,1.2878816626577632,0.482318674547627,6.355433677729927,7.154097928995771,0
ssnAp,20,1,1.287529087593282,0.5605880849488356,6.3274354103541,7.104547342865981,0
uacT_predicted,22,3,1.2874114510628258,0.4497922073891227,6.368320860329847,7.17742008487101,0
gatZp,25,2,1.2872474471892805,0.48480165876183684,6.300198068517949,7.152286126834026,0
uacT_predicted,17,1,1.287142297866666,0.4648561382767407,6.38384463750673,7.176962462349217,0
recNp,30,1,1.2870061129689006,0.4717379755116816,6.361195479814469,7.157490460790982,0
TSS_4654_wanner_regulondb,14,3,1.2869756483955221,0.46078825809106416,6.345075017139778,7.184065545039796,0
ygfKp,9,1,1.2869221505534048,0.42382412696174826,6.339673972321076,7.195034141136336,0
TSS_18061_regulondb,14,1,1.286775187622317,0.40818687974733786,6.338628768465332,7.1985682350458005,0
yacH_predicted,38,2,1.2867676956597958,0.47979292171047927,6.369011067914456,7.156657866535202,0
intE_xisE_ymfH_predicted,12,2,1.2866052976077196,0.6407814578138489,6.354962638121997,7.066253212910586,0
ssnAp,39,2,1.2865954584943324,0.5252066547959131,6.314495729141998,7.140884814139017,0
gatZp,11,1,1.2865271964877432,0.43102334308098283,6.362040461238647,7.1903773412527645,0
yadL_yadM_yadC_yadK_predicted,30,2,1.2864829246417921,0.5291742254650935,6.334626552563954,7.134721029004117,0
TSS_4655_regulondb,31,3,1.2862097235222267,0.5994574383424653,6.378567589522056,7.083072416440821,0
rcsBp1,25,2,1.2860758299870974,0.44501287550469376,6.3663300615680765,7.180526116246189,0
tabA_predicted,15,2,1.2860529999687795,0.49350150016306743,6.331959166251348,7.161835272312483,0
ompFp,38,2,1.2858665878479716,0.5715011848175052,6.3439555404603,7.1013109948577995,0
yncEp,4,1,1.2857771396311233,0.36053759474535746,6.345563161246648,7.226490369666459,0
ygeW_predicted,13,3,1.2857169457739366,0.4223460175214897,6.384961151103316,7.198422902092155,0
tfaE_stfE_predicted,28,1,1.2857025847948116,0.4525074979736754,6.3885412122284695,7.184439158112266,0
tabA_predicted,17,1,1.2856874622442747,0.48123762887659616,6.346916258270788,7.158962873467619,0
acrBp,22,1,1.2855674666833856,0.4974707184192109,6.383888423369409,7.152635813667528,0
mhpRp1,17,1,1.2854775024366965,0.44182550969042744,6.359572437261481,7.183345343953936,0
recNp,24,1,1.2854614670510958,0.4740628472959472,6.325326617557058,7.156044869018746,0
ygeY_predicted,2,2,1.2853824277654036,0.5191960457795018,6.343724878908814,7.137640926517541,0
mcbAp5,20,1,1.2852610729602167,0.5397903719768763,6.401686345250188,7.128225616261081,0
ygeX_predicted,21,1,1.2852590147623537,0.5051782566360244,6.360285089192114,7.15396300816704,0
ratA_yfjF_predicted,25,1,1.285257038289002,0.46894727842658973,6.306623641955788,7.161098995546187,0
ykgRp,40,3,1.2850727838561666,0.6865472565229828,6.300716497514644,7.0122820462908,0
yagB_insX_yagA_predicted,3,2,1.285036542756561,0.4730133403907063,6.293304933447139,7.162209323552615,0
mcbAp5,24,1,1.2850196283525506,0.4044345243246676,6.3146607540997115,7.210810958728025,0
icdC_predicted,28,2,1.2847644006458834,0.5497169136810806,6.3834070716292715,7.119174894542382,0
ykgRp,17,2,1.2847365605005285,0.4513072202077197,6.428737139846964,7.176614551013301,0
elaBp,9,1,1.2845713758215842,0.5678213975879225,6.332518942170324,7.100891570060381,0
ygiW_predicted,4,1,1.2844252421235764,0.5474971015350384,6.37601231594248,7.127351739500314,0
ymfM_beeE_jayE_ymfL_ymfR_tfaP_ymfT_ymfN_ycfK_ymfQ_predicted,17,2,1.2843339740517954,0.46959708236618747,6.343044298381228,7.170060488767275,0
ratA_yfjF_predicted,16,2,1.2842949819324658,0.48208593944615336,6.382981635397762,7.151641589438254,0
tisBp,22,1,1.2840039539289065,0.5699645645002838,6.356080003784324,7.103083551678269,0
TSS_4655_regulondb,15,2,1.2839942395160626,0.504453085687375,6.386439263437748,7.1464120417278565,0
yqaEp,24,1,1.2837422586639378,0.5157132029067819,6.437465455260971,7.144625948507623,0
ygiW_predicted,39,1,1.28371876182887,0.4485738421188468,6.332255929726268,7.183161013385446,0
rspAp,40,3,1.283603134350749,0.7371872800487564,6.339845915291525,6.970957220012222,0
yqaEp,38,2,1.2835309801024886,0.5214578458637981,6.384663339213258,7.139337949802487,0
dgoRp,1,2,1.283360222612102,0.5937415300142054,6.39412889838397,7.099393263133631,0
ratA_yfjF_predicted,39,2,1.283167799883406,0.4700230468415378,6.339900286873837,7.178003680403414,0
ygfM_xdhD_predicted,37,1,1.2830975687281347,0.4802418761922239,6.342729189696294,7.145088764258198,0
xdhAp1,15,1,1.2829814530594301,0.4394595700981671,6.273055924899729,7.182263777408158,0
tabA_predicted,4,1,1.282840568839308,0.547893553162397,6.411025299472808,7.122898925568704,0
TSS_4655_regulondb,13,1,1.2827099024738757,0.43896324787759194,6.420255732652249,7.188636830274136,0
hyuA_predicted,32,1,1.2826967620345544,0.4460408151257101,6.345929677435667,7.1849088311026,0
lpp,4,1,1.2826676819277372,0.5514941866883888,6.352535038963174,7.113544026277015,0
ygiW_predicted,38,3,1.282415230715404,0.46248748868747097,6.443347926789583,7.179117724343671,0
mcbAp5,16,2,1.2823865115833981,0.44222349561517954,6.379536823912145,7.190873253475074,0
xylFp,39,1,1.2823757593063663,0.4918057541334717,6.356357766930524,7.156600912389284,0
ygfS_ygfT_predicted,28,1,1.2822571207808569,0.5587236356008314,6.424027022947741,7.104533657876461,0
mcbAp5,29,1,1.2820452437798127,0.5149106215093007,6.362198209558753,7.133562969420004,0
dgoRp,24,1,1.2817059359593932,0.4248421343092721,6.4104438785817335,7.1979449936599424,0
yqaEp,39,1,1.281697598811426,0.4423543605654684,6.367297947822129,7.180042964142396,0
TSS_4654_wanner_regulondb,17,2,1.2816387126878575,0.5063636105554941,6.411260314365114,7.153474226733097,0
dgoRp,22,3,1.2816003723661433,0.4191754297000608,6.3809442049456635,7.197481877445481,0
gyrAp,25,2,1.2815759291222144,0.44137621623154505,6.289846144806197,7.184668477869054,0
TSS_18061_regulondb,7,1,1.2813847105838463,0.4720218210911954,6.353893141068825,7.152512171329804,0
galSp,24,2,1.281344564712872,0.48591438272601867,6.355593493536463,7.140680984166339,0
TSS_18061_regulondb,2,1,1.281296450457376,0.48888445875999975,6.384177051504658,7.146381005432854,0
TSS_4655_regulondb,4,3,1.2810521768908456,0.5729488031777167,6.33855361606342,7.133699652913068,0
hyuA_predicted,3,2,1.2810040530604978,0.4537217834962586,6.365447917954288,7.1739914700043474,0
TSS_1414_storz_regulondb,22,1,1.2809910853904232,0.4642507243832003,6.374616840487379,7.162822374926579,0
ygeX_predicted,39,2,1.280805053940912,0.4740027328450058,6.373579589206956,7.160500397668571,0
rspAp,22,2,1.280431722760106,0.44607102820185884,6.3830400708785975,7.1819403065380385,0
ygeW_predicted,7,2,1.2804129860360367,0.4773666849946675,6.3597279567683405,7.1607012092899955,0
ratA_yfjF_predicted,28,2,1.280407684652063,0.46539646729587825,6.34454837278698,7.167566085363137,0
ompRp2,17,1,1.280219638358698,0.46788713830772605,6.3552382810414825,7.166608833543986,0
cusCp,13,1,1.2800388567513723,0.4355632819700777,6.344447245722577,7.186520422095309,0
yqaEp,9,1,1.280015044641352,0.4380516936274622,6.348334321266447,7.185078037266716,0
ratA_yfjF_predicted,38,2,1.2798176552497345,0.4929925621546991,6.3683188954371,7.155817871005291,0
rspAp,32,1,1.2797313994796329,0.6175775870687771,6.391835373720442,7.077057955675137,0
ygiW_predicted,11,2,1.2797292636974715,0.5310866842758444,6.338940895215493,7.111473595209172,0
crpp1,19,1,1.2796480763933475,0.4444563283782908,6.354667297639907,7.1844928181689625,0
ratA_yfjF_predicted,8,2,1.2795790020964342,0.45059611931134214,6.402954791484438,7.187552370809348,0
TSS_6311_regulondb,34,2,1.2795154572322796,0.44244858978245266,6.33189668235509,7.1816159871398195,0
rspAp,31,3,1.2794884386719976,0.7270830836041476,6.286482512315414,6.959146118072518,0
gatZp,38,1,1.279411585386223,0.46707192064398456,6.320810687196698,7.162534434197436,0
yqaEp,19,2,1.2793624770087748,0.4328941838873019,6.339698230933518,7.194784063308988,0
ompRp3,4,3,1.2792537721705408,0.4301792377140166,6.362063209543189,7.198987976924408,0
ygiW_predicted,1,2,1.2792398636310693,0.35622390425182454,6.356625265666542,7.230350425422655,0
lppp2,7,1,1.2792060851248712,0.5084655514737524,6.316555933409246,7.139037213863464,0
hyuA_predicted,39,1,1.279130524473787,0.5042713044773706,6.332906301569077,7.147307292759213,0
ygiW_predicted,23,1,1.2788889136860238,0.5308735793331736,6.335600905179456,7.132229935655526,0
ompRp2,24,2,1.2786783932644796,0.5275090824359057,6.361954706374862,7.133148537947061,0
yadL_yadM_yadC_yadK_predicted,19,2,1.278650548510145,0.482507395811279,6.34656967692095,7.157074942824545,0
galEp3,30,2,1.2784843232233356,0.46367919991226386,6.375695134544953,7.174002389930274,0
acrZp,15,1,1.2784711230495356,0.47875366599538194,6.3425344838990885,7.164677663698537,0
yqaEp,18,2,1.2783668285717609,0.39970802217717827,6.353916494767377,7.210686744703128,0
yncEp,17,1,1.2782243388071035,0.4322840181772607,6.386515630812627,7.194920325138266,0
ygfS_ygfT_predicted,20,2,1.278215269997715,0.40718532170941407,6.401352164214729,7.2050565139574365,0
ompRp2,16,1,1.278149074603432,0.556778675026281,6.404041996897291,7.12052807782203,0
icdC_predicted,24,2,1.278094364466531,0.5072244337519378,6.373804325298191,7.133855498981053,0
tnaCp,31,2,1.2780335898827044,0.4775014455281939,6.3770151035057925,7.176542241949559,0
yagB_insX_yagA_predicted,38,2,1.2780243234895832,0.4452871412487449,6.373092194266819,7.189140413068216,0
yacH_predicted,28,2,1.2780012420159828,0.405683479169073,6.3226678200764255,7.208841899438281,0
ratA_yfjF_predicted,4,2,1.2779466699343007,0.49671918019483735,6.330012527179372,7.168825329713195,0
yncEp,11,2,1.2777191469544107,0.5456161995483142,6.325935682573251,7.123738919810724,0
ygeW_predicted,38,3,1.2774738832017858,0.47992603210065204,6.336428269072268,7.153677147288616,0
TSS_18061_regulondb,2,2,1.277179139546354,0.4884621666664953,6.3628217204267745,7.172780042787288,0
ftsKp2,31,2,1.2771045881106715,0.4225505786556597,6.3607156308274,7.192812043005837,0
yqaEp,24,2,1.2767942507396433,0.525319300644865,6.345329869455902,7.138072972565486,0
acrBp,13,2,1.276764030118177,0.5802081096994045,6.399140488632735,7.095086068197988,0
ompRp2,36,1,1.2766265417437346,0.49226622890205773,6.358931868298478,7.14824887308129,0
tabA_predicted,2,1,1.2763936186249734,0.4048450994581859,6.36265767704851,7.2067587613197315,0
TSS_4654_wanner_regulondb,39,2,1.276074396509259,0.49818423681215857,6.385852513289521,7.137520383686057,0
ygfS_ygfT_predicted,17,1,1.2759823045582368,0.493906647697563,6.381920126668119,7.15829305090014,0
ldrDp,22,3,1.2758805126396153,0.4546704811777019,6.369899897817525,7.166194833234774,0
uacT_predicted,15,2,1.275759014740053,0.395291425980561,6.341412402034335,7.203598559888779,0
yadE_predicted,39,1,1.2757449132953893,0.6091403942641682,6.312709850325726,7.074148660880418,0
ygeY_predicted,14,3,1.2755045262779208,0.47692308430546976,6.393839684956056,7.1770726248035235,0
xdhAp1,31,2,1.2752575130344623,0.46309128940383154,6.38569717341928,7.168236877954451,0
pheMp,22,1,1.2750659173312782,0.4729614023359984,6.420197809941807,7.164105838340272,0
TSS_4654_wanner_regulondb,7,1,1.274853347906369,0.5067969275780025,6.352100365280741,7.143740694949492,0
ygiW_predicted,40,2,1.27464631176874,0.460012486629579,6.398191383261583,7.182708903759046,0
crpp1,15,3,1.2746265389374987,0.5950529607995643,6.384506327566855,7.080722723391394,0
gyrAp,20,2,1.2743012538111431,0.46416225357784335,6.357094205413878,7.169568565122474,0
TSS_18061_regulondb,14,3,1.2736274284312716,0.46341193151982685,6.383042357554638,7.172737300766922,0
crpp3,4,1,1.2733467039813828,0.4292415350964648,6.339406861088775,7.19527653181787,0
ssnAp,32,2,1.273333871952961,0.4446209583080143,6.381867742675081,7.1837137462616685,0
elaBp,20,2,1.2731458927666894,0.4966754655555677,6.418545028104526,7.157041208495508,0
ygfM_xdhD_predicted,31,1,1.2728572623591141,0.5383679786638269,6.3758988007931094,7.134048571602162,0
ygeY_predicted,37,1,1.2728223651170518,0.5415526829783252,6.444897893577257,7.153718064874104,0
ybiY_ybiW_predicted,4,2,1.2724805814332658,0.491980609849644,6.352749548467854,7.159375441722286,0
tolCp1,19,1,1.2724496899909028,0.5185128000257337,6.345448799927399,7.1468798315498265,0
hdeAp2,38,2,1.27237132799177,0.4193438897021963,6.326357325848597,7.189148519993663,0
ompRp3,32,1,1.2723152982559405,0.5134744373064878,6.409804689220227,7.13810470672134,0
ghoSp,17,2,1.2722455046778203,0.45278971804466644,6.317078750396911,7.165089251833054,0
ssnAp,2,2,1.2720426530739364,0.5824825750572886,6.323370856073472,7.0719207537433935,0
hyuA_predicted,16,2,1.2719627831412033,0.4581799412291389,6.352726102850709,7.18168576217068,0
TSS_4654_wanner_regulondb,20,2,1.2719564208703362,0.39091911847685623,6.401492667992949,7.216825236159827,0
acrBp,22,2,1.2717027287322704,0.4350195152617784,6.3870483754560405,7.181534991383229,0
yacCp,25,1,1.271576581538671,0.5337212716734187,6.354878748750241,7.1194767095473335,0
furpb,15,1,1.2715592324343965,0.6027640766687777,6.354965279190334,7.082953895005302,0
ssnAp,4,1,1.2715150914941369,0.49284782005389816,6.350065031522433,7.1470187613820535,0
galSp,8,2,1.2712688265451384,0.7116898692761258,6.338721259713885,7.007721279275033,0
ompRp2,5,2,1.2712213686706968,0.47713787281835585,6.362117290561599,7.154959175576273,0
ygeY_predicted,3,2,1.2711520944785817,0.4926167277278814,6.338113118596301,7.154240354527383,0
dgoRp,15,1,1.2705056229658,0.42244552452828327,6.334602526029961,7.190054117716777,0
tabA_predicted,11,2,1.2704001917759857,0.4444572203034387,6.352968983797766,7.1800251085780245,0
ygfS_ygfT_predicted,19,2,1.270341313472903,0.42666638857089684,6.424687887998866,7.1932914731032245,0
sohAp,20,2,1.2702547338347812,0.528078934105381,6.420326855036452,7.120332642275696,0
tnaCp,38,2,1.2702173687319183,0.5240063364530751,6.405748558453146,7.137691410879165,0
ykgRp,15,2,1.2701819231948275,0.4306006425049094,6.380851038068371,7.187297646460543,0
yncEp,28,1,1.2698697569630848,0.5204870433739388,6.4262127400358935,7.131973763045493,0
yahC_predicted,22,2,1.2696420336108594,0.5713256021794565,6.349551057225055,7.106870713755606,0
TSS_4654_wanner_regulondb,40,2,1.2695999803454379,0.4291113448706197,6.312723861819562,7.181280055513706,0
crpp1,16,2,1.2694602885469495,0.5119840366498498,6.325049924196739,7.137974421226149,0
galEp3,14,1,1.269456799990235,0.4363142297533642,6.399813175204973,7.19164275272659,0
yacH_predicted,15,1,1.2694479664710714,0.3751160573657057,6.40557503470049,7.231584932108684,0
yncEp,21,1,1.269356856583345,0.48944554244008265,6.381136756308641,7.1536597738741285,0
ghoSp,30,1,1.2693319224202244,0.38575878377836365,6.42410603705239,7.220478579117341,0
tfaE_stfE_predicted,3,2,1.2690597512164263,0.4806712550234774,6.385896304122559,7.154744722494657,0
acrBp,14,3,1.2690533745755115,0.48844405531756957,6.344798998029283,7.138284746586349,0
tfaE_stfE_predicted,30,1,1.268820277068094,0.46877365412454136,6.320302967630749,7.15738612636998,0
TSS_6311_regulondb,40,1,1.2685786888987542,0.4742766542087259,6.328404334184279,7.165606309629324,0
hyuA_predicted,5,1,1.2684957720045946,0.4993953354613164,6.398446045752008,7.145629566669767,0
crpp2,30,1,1.268479589662674,0.4572728065643298,6.407157639397425,7.183488094188039,0
yahC_predicted,19,1,1.268308902050149,0.4060806252440473,6.409528398766044,7.207126970606743,0
tolCp1,15,1,1.2681561590546016,0.5767741332169082,6.38809238532896,7.106335669380572,0
hyuA_predicted,25,2,1.2681352266702102,0.40097438818697684,6.374636840861886,7.204600640206626,0
TSS_4655_regulondb,5,2,1.2678165895433307,0.44945473780914824,6.397435585649782,7.181888499185126,0
TSS_4655_regulondb,21,1,1.2676621034918842,0.45878121630947566,6.369536661921648,7.170889473342105,0
yqaEp,32,2,1.2676302333263172,0.5757832431642661,6.35461177864334,7.108880835569536,0
tfaE_stfE_predicted,22,3,1.2674606185310542,0.4310664484050555,6.358106220984243,7.194711452160268,0
ssnAp,28,2,1.2671588591073117,0.42628026648365674,6.390828277781866,7.189406971236348,0
ykgRp,22,1,1.26702373720181,0.4575922579003755,6.378759912830621,7.176743755944167,0
tfaE_stfE_predicted,4,1,1.2669862507158949,0.4634552560078984,6.3725125166564425,7.181946688769484,0
yqaEp,4,3,1.2664895677751484,0.469701899689652,6.327974111891438,7.168652128015212,0
ygfM_xdhD_predicted,4,3,1.26643920187522,0.4547759234998153,6.389232621731125,7.173526543760413,0
TSS_4655_regulondb,1,2,1.266418669146857,0.4634368104612952,6.365016792429087,7.1684130710312575,0
yadG_yadH_predicted,2,2,1.2664135090273663,0.48338188391030207,6.347282008693645,7.151649762065823,0
tfaE_stfE_predicted,13,3,1.266231589810707,0.41263614363539913,6.367927429997254,7.194129906781257,0
galEp3,6,1,1.2659828776334925,0.44683976227284783,6.400180230855972,7.188733547708777,0
rspAp,22,1,1.2657807558797738,0.4899598035072287,6.392983173147632,7.150996828315201,0
tabA_predicted,2,2,1.2656945211012072,0.392880426903534,6.343848676410774,7.213494393600406,0
ygfS_ygfT_predicted,16,1,1.265691566507824,0.4704425528027023,6.378237572280683,7.167310591049371,0
tabA_predicted,16,2,1.2655745069795128,0.4346411918487697,6.391069047625232,7.1896342003626845,0
ymfM_beeE_jayE_ymfL_ymfR_tfaP_ymfT_ymfN_ycfK_ymfQ_predicted,5,2,1.2654829898606044,0.37068297327711286,6.382478456054029,7.220633068756735,0
tabA_predicted,20,2,1.2653633506633035,0.43686726724502273,6.349502073617174,7.192731521006063,0
ygfKp,22,1,1.2651380898430638,0.4820413931575394,6.395469640135019,7.161494629645208,0
galEp3,24,1,1.2651270729751978,0.4758825808103048,6.3869863562577205,7.162937683019553,0
TSS_4655_regulondb,13,2,1.2650212043508529,0.5388085686632405,6.364606622385143,7.141822520437481,0
yadG_yadH_predicted,31,1,1.2646444443038005,0.4569365271963758,6.319436059452386,7.154839030459434,0
ratA_yfjF_predicted,25,3,1.2645207776319654,0.4655893287265355,6.389736131542305,7.177032173982058,0
ygeY_predicted,29,2,1.2641862694627422,0.5586508162619148,6.379686066989783,7.1193680596713875,0
xdhAp2,16,2,1.2641656565317223,0.47374339009419086,6.3746218879485435,7.159258863478524,0
rdlDp,38,1,1.2640583414807924,0.49911718242058223,6.390198208738147,7.14901781022235,0
ompRp3,20,1,1.2636019097314801,0.5263599568333945,6.358830230578938,7.130028060898687,0
ymfM_beeE_jayE_ymfL_ymfR_tfaP_ymfT_ymfN_ycfK_ymfQ_predicted,32,1,1.2634734437744564,0.47970793922303573,6.410482318602074,7.161283932873764,0
icdC_predicted,15,1,1.2631720423958603,0.4153522770503861,6.381481489695965,7.1950151410182155,0
ygeY_predicted,31,2,1.262874169436464,0.40955227371489145,6.402662066856907,7.205613018225549,0
relBp,22,1,1.2628558459266903,0.5552542397084859,6.3800627840974,7.122423536096932,0
xdhAp2,20,2,1.2628497277744855,0.40918514149725543,6.3441002646017095,7.198204100977835,0
rspAp,37,1,1.2627267030548297,0.6879008228546569,6.34955247204833,7.0136566280854264,0
yadI_predicted,12,1,1.2625407142412286,0.5249787416828214,6.334118249611171,7.125691109761529,0
ygfM_xdhD_predicted,7,1,1.2624832776976236,0.3993955822911671,6.426788541451856,7.211670953340068,0
ymfM_beeE_jayE_ymfL_ymfR_tfaP_ymfT_ymfN_ycfK_ymfQ_predicted,12,2,1.2623693458600904,0.4496783587392509,6.372953387626005,7.1865662041072325,0
acrBp,5,2,1.2621510028963854,0.4498458506481011,6.376199635321903,7.17651484675752,0
lpp,38,2,1.2617613461675765,0.43505753771711503,6.399775654581514,7.191281197132522,0
ygeW_predicted,15,3,1.2616517744900149,0.46893805869996863,6.36370772285629,7.169865177167384,0
araBp,7,2,1.2614999404472491,0.46781660309943784,6.47157105656965,7.18114348631484,0
ygeY_predicted,7,1,1.261390184578881,0.4613445496242933,6.38287004903991,7.171134802930524,0
yjbJ_predicted,41,1,1.2611846892765632,0.4916471070553015,6.413272651533942,7.155792580809799,0
intE_xisE_ymfH_predicted,4,1,1.2611840944112829,0.44304120695442073,6.353926158869616,7.183098403124619,0
blrp,24,1,1.2611637884630702,0.45361109970719166,6.435890406924763,7.17312181889783,0
ygeY_predicted,11,2,1.2611332671651894,0.4091687429716547,6.36658861974923,7.2029962587689855,0
xdhAp2,13,1,1.2609627852417251,0.5335405634010123,6.378065507752208,7.121310881364847,0
ftsKp2,9,1,1.2608046257979744,0.4709369166493601,6.3959924277249804,7.172847487002732,0
gyrAp,16,1,1.2605686308088344,0.4507453815507007,6.447564175759985,7.186919869789703,0
ompRp2,28,2,1.2604170604934841,0.5799636797401859,6.387317791132132,7.100110395143648,0
hyuA_predicted,37,2,1.260401749440342,0.4465750556810189,6.387883694222117,7.194914519594878,0
TSS_4654_wanner_regulondb,13,3,1.2602466094274793,0.4623912758660484,6.342870524730632,7.169685126334549,0
ghoSp,16,1,1.2600432325064217,0.4614713337111041,6.400962522128944,7.167738535495607,0
uacT_predicted,30,1,1.2597178332122672,0.4737117071564885,6.4084247043718126,7.168854009451064,0
ompRp2,39,1,1.2594662763875473,0.4689269040657229,6.357614913497297,7.1604640643301884,0
xdhAp1,22,1,1.2593888558840536,0.5101231921786415,6.388362162934565,7.150864516334949,0
ygfKp,33,2,1.2592487672752417,0.4950868078776671,6.3602226024654245,7.148620795699504,0
yadL_yadM_yadC_yadK_predicted,22,2,1.259215502755492,0.4452513697106161,6.384564486021809,7.177910198821642,0
ygeW_predicted,19,2,1.259167680730298,0.3743659448122123,6.399824044542818,7.218754100513584,0
TSS_4655_regulondb,31,2,1.2590718064486515,0.3611090330922821,6.359068247006175,7.227827565520377,0
acrBp,1,1,1.2587225270122673,0.49309498389634054,6.373199316073473,7.142151784505616,0
aceBp,38,2,1.258667823134066,0.39602850239725806,6.382961634961205,7.2008252305880545,0
xdhAp2,16,1,1.2585848721615083,0.4245001931632618,6.379218768255381,7.2006875437635545,0
ygeY_predicted,21,1,1.2584066091974284,0.4311106016770559,6.4161494514137365,7.198531773099441,0
ompRp2,20,2,1.25818709185507,0.5541829404077895,6.434954787243724,7.122662896016708,0
ygfM_xdhD_predicted,20,1,1.2581342208117934,0.4205001717377363,6.339738293339034,7.185423594246354,0
ykgRp,36,1,1.2579279778775707,0.38933731024416357,6.348046476111348,7.198124881619153,0
rcsBp1,36,1,1.2578638090250007,0.5918902595710865,6.342145915909029,7.084767400516039,0
yadL_yadM_yadC_yadK_predicted,28,2,1.2577805706430545,0.48635935304917316,6.365615283748848,7.139931732840597,0
hyuA_predicted,30,1,1.2577018419997046,0.4396970906961342,6.406430751115054,7.183285076132213,0
yadL_yadM_yadC_yadK_predicted,30,1,1.257584786322544,0.43610191293851125,6.377311743369944,7.188425542347899,0
TSS_18061_regulondb,24,2,1.2575066595306479,0.4528269277189513,6.363056233208426,7.173194108921219,0
ecnBp,3,1,1.2570470943562868,0.578415412245418,6.4062109936481395,7.10783407674378,0
ompRp3,29,2,1.2569517793695824,0.6148505252064163,6.364221692317148,7.0800956673853355,0
yqaEp,31,1,1.2566166675104862,0.5440133288198135,6.375347158613464,7.12796918078681,0
TSS_4654_wanner_regulondb,21,2,1.2564066234735465,0.40642537347069085,6.425580045848501,7.200031484509822,0
mprAp,19,1,1.255683634851353,0.4617183233254426,6.408707417104098,7.182849161800745,0
galSp,14,3,1.2555617903605478,0.5786184727301101,6.416737278176289,7.095491443213448,0
TSS_18061_regulondb,9,1,1.2555200310021901,0.41364943711201213,6.351760113230837,7.190957880335359,0
ygfS_ygfT_predicted,14,1,1.255281442035386,0.5100680410393819,6.381523141251703,7.147872808561981,0
ymfM_beeE_jayE_ymfL_ymfR_tfaP_ymfT_ymfN_ycfK_ymfQ_predicted,20,2,1.2550320895820974,0.4231350814987704,6.353482523841365,7.198270778571426,0
cusCp,40,2,1.254972395304529,0.5295217916119981,6.408582491637165,7.135463173183437,0
yadI_predicted,15,1,1.2549465074896426,0.4693739344358968,6.411326709436546,7.156833451053152,0
acrAp,31,2,1.2548043411246037,0.44299274301155217,6.3582510996449315,7.184689913378836,0
ykgRp,16,2,1.2546314221206287,0.5294347598099648,6.365738601208395,7.12773124771201,0
ygeY_predicted,12,1,1.2544691838673283,0.5075824355627271,6.383680343122174,7.145388005198754,0
ldrDp,30,1,1.2544587336077462,0.5363384874470912,6.383393001346456,7.12904530494232,0
ratA_yfjF_predicted,20,2,1.2542719058628733,0.3870911927681685,6.386979626159078,7.214475134807446,0
sulAp,25,2,1.2540881903794994,0.7582703198224088,6.424686303501696,6.985624037647751,2
ratA_yfjF_predicted,22,1,1.2536222563830366,0.5145204856809762,6.40016184403551,7.136208573750604,0
ygfS_ygfT_predicted,22,1,1.2532327225102045,0.41831365865628717,6.37691204284839,7.194313626408597,0
ybiY_ybiW_predicted,15,2,1.2531876187226887,0.3926204391925576,6.357628800730655,7.209341960649727,0
ratA_yfjF_predicted,40,3,1.2530695059445713,0.5100993679229726,6.426692041274505,7.151341378321045,0
TSS_6311_regulondb,17,2,1.2530518953457475,0.37181550549417913,6.386650849491081,7.213992898716105,0
mhpRp1,16,2,1.2530330325624408,0.4531694706713897,6.362330831241664,7.177778391236329,0
ompRp2,38,2,1.2530243293058314,0.3836483408182695,6.396459302748391,7.215190685811982,0
hyuA_predicted,14,2,1.2529444284824087,0.47226737307274347,6.413129884426156,7.171297240757425,0
xdhAp1,22,3,1.2529174017444114,0.45483260914519524,6.381031085060017,7.176319752619355,0
ftsKp2,25,2,1.2528240875301224,0.43679511312627456,6.3684319993619996,7.184793702892905,0
tfaE_stfE_predicted,19,1,1.252806287027754,0.5044176158782596,6.344058238504399,7.13851286727847,0
gatYp,11,2,1.2527384654270866,0.5000001565674924,6.406035809734837,7.161521413840299,0
yncEp,38,1,1.252685747700976,0.33938069935108894,6.407918371356354,7.242504156444015,0
ompRp1,1,2,1.2524359754357646,0.45652680640233806,6.411978508054627,7.181367417509159,0
tfaE_stfE_predicted,37,1,1.2524316153434745,0.4958654467520498,6.414348421055674,7.162541793199069,0
tolCp4,22,1,1.2521367813336715,0.4100033260309153,6.414244678421852,7.198737223321009,0
cpxRp2,19,1,1.2519456134470448,0.40502485717800024,6.40615723080418,7.2026659890342675,0
yadI_predicted,17,1,1.2519372383286242,0.4588874810280671,6.430702955403033,7.1715069633952755,0
mhpRp2,16,1,1.2516885997414409,0.4668741248269483,6.368704145623409,7.170213503425812,0
ratA_yfjF_predicted,35,1,1.251414832558584,0.4392500590123013,6.425922272778505,7.195442962335229,0
crpp2,24,1,1.2512041857198077,0.38120494285345374,6.423255486591428,7.214437519312298,0
xylAp,19,1,1.2511908698767067,0.41636322903538026,6.436820497593587,7.202228860942741,0
znuCp,38,2,1.251018053053441,0.4837822703140996,6.408790942771253,7.156661861866622,0
ybiY_ybiW_predicted,21,1,1.2509707171420748,0.4318885927116366,6.391557479182549,7.192062753281357,0
icdC_predicted,15,2,1.2509442190943616,0.4280644685096184,6.370631699077033,7.1851411118386705,0
rspAp,18,2,1.2507659380215876,0.6505926707674705,6.327899377458037,7.02870133815133,0
yadN_predicted,20,2,1.2504691180232035,0.46250748130502034,6.434102190191341,7.1828982086411415,0
TSS_6311_regulondb,11,1,1.2502936785168723,0.4558930604119182,6.38539403242802,7.177509683424029,0
xdhAp1,25,2,1.2502141860688771,0.47835557689041,6.445839954156187,7.159219924161437,0
rspAp,25,1,1.250126241383117,0.5594596729311172,6.3963696586282195,7.097542910432232,0
acrAp,20,2,1.2500162350226074,0.3556969742065214,6.396531427294324,7.22403821045404,0
ymfM_beeE_jayE_ymfL_ymfR_tfaP_ymfT_ymfN_ycfK_ymfQ_predicted,30,2,1.2496289830127907,0.4518477100245216,6.431483865034132,7.171455596461131,0
fldAp,38,2,1.2495614326113558,0.4922204526191448,6.400227202414547,7.1546565598965195,0
TSS_6311_regulondb,28,2,1.2494985927073137,0.4510949337331242,6.38596606870667,7.1729865372587005,0
mcbAp5,25,3,1.2493025599488148,0.4351639912445653,6.3693192096715565,7.1790345663238755,0
ygiW_predicted,13,1,1.2491071592441891,0.4130970573202697,6.404823919224784,7.20213492661572,0
rspAp,16,1,1.2490218931960868,0.4622848309612349,6.425815225394954,7.172718028555117,0
tfaE_stfE_predicted,19,2,1.2489321661498982,0.536511767771913,6.390869932909609,7.120271565805084,0
yadG_yadH_predicted,38,1,1.2486757267034785,0.3881618915509635,6.375275396858138,7.216495230146168,0
ygfS_ygfT_predicted,17,2,1.2486593273569524,0.48403184574332553,6.387704308695901,7.1531432176139855,0
gatZp,24,2,1.2485915136221812,0.513976464607319,6.365247086207073,7.131231540527542,0
yadL_yadM_yadC_yadK_predicted,15,1,1.2483543627779645,0.45457389710110363,6.369501867591547,7.165110481303291,0
ybiY_ybiW_predicted,14,1,1.2482446888538408,0.3713912983646097,6.414683369791465,7.221930999566025,0
TSS_18061_regulondb,22,3,1.2480285911909972,0.5362599315446903,6.350865632159058,7.125254379704781,0
uacT_predicted,25,2,1.24771636669642,0.427187166678273,6.352686459207408,7.183034429202408,0
acrBp,35,1,1.247615637697348,0.5433202440375535,6.394539627763783,7.123346802677144,0
kbpp4,22,2,1.2471856680078521,0.5804513955448127,6.378574429278866,7.10038894086915,0
crpp1,22,2,1.2469629823160258,0.49475377237017854,6.358496662069004,7.145711274581889,0
tabA_predicted,19,1,1.2468400105157416,0.5030763803535158,6.35173783385106,7.1535684667450425,0
sulAp,22,1,1.2468107684221117,0.4732570184070703,6.418967328201848,7.168900466275875,0
zapB_predicted,25,2,1.24672852170148,0.4203392118095371,6.4378226219539485,7.201202428318482,0
ygiW_predicted,6,2,1.2465245252808872,0.5411834737987445,6.387965838541653,7.123275001475129,0
TSS_4654_wanner_regulondb,18,1,1.246497150387892,0.4856976791881282,6.369097244946483,7.166369877656951,0
hyuA_predicted,14,1,1.2464676829294141,0.4468229618683953,6.355597950070525,7.1776387469121055,0
mcbAp5,19,3,1.2464045727697062,0.4533445526748737,6.396003188667526,7.173264110429665,0
yadE_predicted,20,1,1.2464003909926926,0.5862724691093627,6.331757552269156,7.095208884416239,0
yadG_yadH_predicted,9,1,1.246226449241589,0.35280383876549887,6.3910137110591805,7.23105667742209,0
ecnBp,19,2,1.2459182314614776,0.4357958999766981,6.405672429016839,7.189985093192934,0
galEp3,22,3,1.2458290581307743,0.4046378288550299,6.347075609510999,7.210745353268177,0
crpp1,38,2,1.2457982981102518,0.37385621665800206,6.415884155539003,7.217754985048594,0
rspAp,35,2,1.2457397542260822,0.6615400729707831,6.367713642693927,7.0349656209393245,0
intE_xisE_ymfH_predicted,15,3,1.2455674445893863,0.5789546463499293,6.391685220413272,7.105565144621483,0
yncEp,24,1,1.245388905517864,0.48387018738142423,6.457727517785639,7.166087223895952,0
lacIp,19,1,1.245362633310291,0.5062405295380185,6.371015440861038,7.125507216844465,0
ygeY_predicted,10,2,1.2452764928987343,0.5170134698504213,6.377705403727028,7.1427013699482655,0
ompRp2,39,2,1.2451516032931378,0.5909920184006204,6.3358770620125435,7.061414053651839,0
gatYp,11,1,1.2451064536039362,0.6214833579414615,6.374595819235368,7.089544632210929,0
galSp,22,1,1.244935565417956,0.49246353435466267,6.355554741906687,7.147572615687037,0
yadL_yadM_yadC_yadK_predicted,1,2,1.244833513555043,0.4578151239003119,6.361892378742224,7.164207368464528,0
furpb,38,2,1.244790809465159,0.49940347898037457,6.342754898767787,7.136469922421831,0
intE_xisE_ymfH_predicted,20,2,1.244707379359449,0.4426286754628511,6.386165803857975,7.176537427495941,0
TSS_4655_regulondb,12,2,1.2445278616570525,0.5328842293772978,6.352139989312555,7.123496373300696,0
ygeX_predicted,14,3,1.2445067403254577,0.32499295676424445,6.390928611429122,7.244887214056158,0
ygfS_ygfT_predicted,15,1,1.2444312751111875,0.5176464714128507,6.3455487804284,7.139486029347395,0
mcbAp5,38,2,1.2435975155358188,0.49551571541555844,6.4016264058287256,7.149348988084696,0
ratA_yfjF_predicted,28,1,1.2434918003478796,0.5005710280654408,6.392265889130357,7.149968815576576,0
yagB_insX_yagA_predicted,15,1,1.2434354627108004,0.47889025277881764,6.37736327880342,7.1612700097280815,0
tolCp3,38,2,1.2432087780409693,0.41641892473281933,6.375901030805501,7.1986233340809935,0
yadG_yadH_predicted,19,1,1.2431003211081493,0.4106952972556004,6.427559148584636,7.198487322992454,0
yadN_predicted,15,3,1.2427638913085148,0.493987962183832,6.398474245859557,7.148799848196319,0
intE_xisE_ymfH_predicted,15,2,1.2427414803542713,0.44031948225277734,6.407232055284856,7.199931866491655,0
tabA_predicted,25,1,1.2427339799005936,0.4907533065237003,6.380466960067221,7.156987227772794,0
ghoSp,25,2,1.242423356592721,0.43609891352949,6.38808011386531,7.185383180527099,0
TSS_4654_wanner_regulondb,25,3,1.2421408415673607,0.5252337960619426,6.431248116500177,7.134714112279811,0
uofp,22,3,1.241862322299672,0.6493050547020132,6.417277219711807,7.084511259490531,0
yadG_yadH_predicted,30,2,1.2415795072291989,0.38064433474839127,6.397389129249598,7.221301756042022,0
dgoRp,30,1,1.2413988344648905,0.5650922129562626,6.394514428639607,7.112202218764403,0
ygiW_predicted,37,1,1.2401975181514837,0.5474006759827046,6.381835505425666,7.104451695410173,0
lpp,31,2,1.2400981075141957,0.5723192343551247,6.418125996626205,7.111292855917205,0
yadN_predicted,15,1,1.2400400999323813,0.3775529990559391,6.383736097698589,7.215725247313896,0
tfaE_stfE_predicted,22,1,1.2398725725785453,0.5086061298405082,6.357475234372027,7.142771108995765,0
mcbAp5,30,1,1.239167786553606,0.5113513666987366,6.405952675040469,7.141296898765447,0
tabA_predicted,39,1,1.238758967578672,0.5652926136049649,6.419597289385532,7.116258063854595,0
ompRp1,35,1,1.2387317202452275,0.4714716442657464,6.373135851139954,7.171075827871936,0
yacH_predicted,30,1,1.238639730659313,0.47652145973704096,6.375063237477738,7.163866888823069,0
sohAp,4,1,1.2384045757045306,0.5862675752895744,6.401050642954695,7.086629918861259,0
TSS_4655_regulondb,6,1,1.23833646043305,0.366046905266123,6.405381686775943,7.222367661490681,0
gatZp,39,1,1.2379062743431262,0.42751276070043004,6.370531253955577,7.19292256766686,0
TSS_6311_regulondb,12,2,1.2377758127312075,0.5425305641163781,6.417524683865057,7.135568119523153,0
TSS_6311_regulondb,3,1,1.2374047939640478,0.41992418635427314,6.396717516532628,7.191528941697838,0
TSS_6311_regulondb,13,3,1.2373571173462674,0.4666701057380962,6.392163139331889,7.165221555960365,0
gatZp,31,3,1.2371407325987538,0.46539716627929684,6.397985339847974,7.170855162328298,0
yjbJ_predicted,6,1,1.236500398522454,0.4801366188950447,6.401469501099978,7.154186608751633,0
ygfS_ygfT_predicted,31,2,1.2362104331115469,0.41197784807905735,6.4172919529317936,7.197834652309727,0
elaBp,22,1,1.2362049646067366,0.4098371279867307,6.388793464195784,7.200146092460336,0
ygfM_xdhD_predicted,11,2,1.2359525530706759,0.46225643591505666,6.427634763726012,7.1852635755660765,0
cusCp,19,2,1.2359185102226429,0.42797003607473416,6.423285067615252,7.1939122388868295,0
xdhAp2,15,2,1.2356163382651077,0.45868158354023564,6.362705657551411,7.161759386836582,0
galSp,31,2,1.2353651415368376,0.4204390401341869,6.394692296502895,7.190055818174961,0
ygfKp,4,1,1.2352501066553006,0.555843204686716,6.4250662367693305,7.112107272739535,0
TSS_4654_wanner_regulondb,30,1,1.2351624294751613,0.47226989246405754,6.390572198299136,7.155894509120175,0
uacT_predicted,35,2,1.2346166344274354,0.5518348340707184,6.407801985412437,7.1240888014180905,0
recNp,19,1,1.234588839250788,0.5103607495123741,6.401777436228481,7.149731042283401,0
mcbAp5,31,3,1.2341729842712412,0.47035394130954633,6.41882158450343,7.16848567781752,0
TSS_18061_regulondb,32,2,1.2341511470398532,0.4106127840995397,6.398233296132345,7.198998430511851,0
ghoSp,35,1,1.23354537784507,0.4897201663802052,6.396532221418953,7.156653747774449,0
acrBp,10,1,1.2333227748462012,0.510059097121078,6.439146873816397,7.161011965189072,0
tolCp2,17,1,1.232998259215766,0.5814640040298871,6.449252164850165,7.091604169908795,0
ygeX_predicted,20,1,1.2329595870109398,0.43864793775588673,6.398075808213997,7.184972756593215,0
gatZp,13,1,1.2325106505683667,0.42613628258688657,6.382923714071534,7.1996416466907345,0
TSS_18061_regulondb,22,1,1.2323185168435764,0.4296715951752517,6.428154407530238,7.192691343197402,0
xylFp,7,2,1.2322981097312249,0.3785732393942477,6.408819037264193,7.219414019385114,0
ldrDp,17,1,1.2321186683855638,0.42262462459318584,6.396669017761557,7.187449226422961,0
araBp,22,1,1.2315174321960987,0.5050294270101341,6.445071496658883,7.137658355266915,0
ykgRp,24,1,1.2314483394476659,0.47349907160210136,6.409741755054267,7.162889532418754,0
xdhAp1,38,1,1.2308155510986576,0.5427073374963453,6.385247632962246,7.129132360438774,0
acrBp,2,1,1.2305991150584723,0.5005641591029657,6.4002045713736635,7.149414013732269,0
ymfM_beeE_jayE_ymfL_ymfR_tfaP_ymfT_ymfN_ycfK_ymfQ_predicted,22,1,1.2305681319981534,0.4036572986034204,6.430276524170989,7.199524259551993,0
crpp3,16,1,1.229981767943059,0.5088502312746157,6.420213872903828,7.151275363200275,0
cusCp,24,2,1.2299058694878173,0.41443431360323807,6.3962300343051295,7.198957672910932,0
rcsBp2,20,2,1.2294074973187896,0.559391367430246,6.439592690865409,7.101221330900503,0
yadL_yadM_yadC_yadK_predicted,17,2,1.229371247833442,0.43730256591866695,6.4255995550172695,7.188906817531679,0
ygeW_predicted,17,1,1.2290285948053121,0.4465484084975512,6.389217797624991,7.175170339677433,0
ygfM_xdhD_predicted,2,2,1.228994704753294,0.4492239821064443,6.441984389774216,7.1856792148787445,0
xdhAp2,41,2,1.228970241115791,0.46744992994297124,6.438953636298802,7.163682083052799,0
tnaCp,33,1,1.2282656192320862,0.5086773660737615,6.420995344214256,7.143046565687074,0
TSS_1414_storz_regulondb,20,2,1.2280273199213356,0.4636110911918288,6.394060859549383,7.17288871120435,0
yadE_predicted,4,1,1.2275517226011963,0.5810305869174978,6.436615412091898,7.108900742848453,0
yncEp,20,2,1.2275351751845602,0.3868816979238454,6.37595507714698,7.2138645040760485,0
ymfM_beeE_jayE_ymfL_ymfR_tfaP_ymfT_ymfN_ycfK_ymfQ_predicted,31,2,1.2274350693264475,0.43740922731752696,6.4431694052486606,7.184404492467467,0
ygfS_ygfT_predicted,40,3,1.227006987438752,0.4933141593420835,6.395414885490916,7.139463274602088,0
ygiW_predicted,19,2,1.2266852119322769,0.36427813240333773,6.465658557528034,7.225953009396415,0
ompRp3,24,1,1.2265976861444274,0.45010766288757104,6.381610527852986,7.165264756195688,0
TSS_6311_regulondb,24,2,1.2263160348110287,0.45626901752567445,6.430325045837036,7.189707059362837,0
yadN_predicted,22,1,1.2262010158542103,0.432087539323945,6.383092555500101,7.186987660124859,0
ompRp3,18,1,1.2260968020371077,0.4871244646720081,6.418207257347303,7.149926025773899,0
dinQp,38,2,1.2260218431004257,0.4621813773225279,6.396803538514122,7.1572068268597695,0
yagB_insX_yagA_predicted,9,1,1.2259498489724887,0.4069611902490779,6.422563137396075,7.201004661422751,0
yadG_yadH_predicted,24,2,1.2257538521094355,0.5108934224604471,6.416939739721139,7.140923657564202,0
dgoRp,28,2,1.2254724113202125,0.48549805566599696,6.402174108659462,7.160954158294029,0
ygiW_predicted,14,1,1.225448989573623,0.42059475921419154,6.404807173837025,7.197397548276841,0
ygeY_predicted,9,2,1.225443572338024,0.32832920911351027,6.437225822355199,7.2469618763170605,0
galSp,28,1,1.2253251079403398,0.44302711052340543,6.420194885305196,7.184500366351587,0
yadL_yadM_yadC_yadK_predicted,1,1,1.2251618984059245,0.4311793120196867,6.448948189791525,7.190725082255296,0
yqaEp,1,2,1.225089836669225,0.3876038399520171,6.418215275767026,7.21322988835486,0
ratA_yfjF_predicted,15,2,1.224977750160296,0.4688857531422862,6.388040187854515,7.165836234030847,0
ymfM_beeE_jayE_ymfL_ymfR_tfaP_ymfT_ymfN_ycfK_ymfQ_predicted,38,1,1.2249386947025271,0.46048518971278735,6.416715105923959,7.177186666201816,0
TSS_18061_regulondb,19,2,1.2244783613523869,0.4671112914121428,6.425115249500019,7.161841386539543,0
ygiW_predicted,38,1,1.224409180953252,0.47626271907303463,6.457763940808933,7.168049828825475,0
ygeW_predicted,2,2,1.2242264421366653,0.4176249923051612,6.488148004952075,7.198041504353552,0
galEp3,15,1,1.224189973189163,0.42694694595421934,6.408028751366824,7.191877308621526,0
ompRp4,22,3,1.2240654994816909,0.4318801804462259,6.398361064799544,7.194816832150835,0
galSp,8,1,1.2236951590099836,0.628635702752461,6.409246596842254,7.061027373639533,0
TSS_1414_storz_regulondb,30,1,1.223655344583781,0.4598330336811043,6.3639819241165885,7.1672201884065,0
cusCp,30,1,1.223560439824211,0.4101013979061579,6.431571081061454,7.193939606743761,0
TSS_1414_storz_regulondb,24,1,1.2232085654539442,0.4198028415858829,6.381624448229038,7.192221118188384,0
ompRp2,13,1,1.2226674848571701,0.42566656355209825,6.438609280375071,7.189308810336533,0
acrBp,41,2,1.2223435618754521,0.45183163045816005,6.443887876483183,7.181672035978587,0
ftsKp2,38,2,1.2223011079101525,0.48700783364648503,6.448546808142371,7.156154117385,0
ygeW_predicted,31,1,1.22214785852644,0.37536039021083706,6.389625056031302,7.22039522128556,0
TSS_4654_wanner_regulondb,40,3,1.2220969725611572,0.4514176225359321,6.417568247345232,7.168154605972392,0
ygeW_predicted,3,2,1.2215449836531704,0.48704200231531775,6.423015223596229,7.161146265849188,0
TSS_1414_storz_regulondb,24,2,1.2215226537656487,0.5334608430222791,6.397135342087948,7.144335779444928,0
acrBp,31,3,1.221433835413458,0.45031578478892903,6.415960144813832,7.176856559411213,0
ygeY_predicted,12,2,1.2213606314013432,0.5929432292922707,6.394029652504955,7.066308075538054,0
yahL_predicted,17,1,1.2213544860761911,0.4563471252485173,6.439930998086654,7.168542183769144,0
araBp,24,1,1.2210596549480188,0.4008542631988797,6.3798315129828875,7.200936804080734,0
mcbAp5,18,2,1.2210466442794585,0.4101290109440753,6.458086173218292,7.2035191035475306,0
araBp,25,2,1.2208001133954447,0.46345005706225073,6.399902794466338,7.159904825385851,0
furpa,24,1,1.2199077439016779,0.5474958301034111,6.419634703148317,7.117628285740405,0
intE_xisE_ymfH_predicted,14,1,1.2196610498169655,0.486279685781601,6.424529528203653,7.149216039226216,0
ompRp3,29,1,1.21948952203442,0.5388066297997526,6.431469862077438,7.114422622395754,0
ybiY_ybiW_predicted,2,2,1.2187184610625343,0.3854891046708727,6.412951896621497,7.215011198786444,0
gatYp,14,1,1.218372024857876,0.5015012467447039,6.392096111685111,7.162930543528591,0
kbpp4,22,1,1.2183484339187571,0.4202161543824287,6.416438490381288,7.188522523166008,0
ygfM_xdhD_predicted,30,1,1.2181315252927882,0.4577451116529534,6.414386273093589,7.183075510215488,0
ybiY_ybiW_predicted,12,1,1.2180075832416626,0.43490553626436307,6.387258419025265,7.18974101056542,0
cusCp,15,1,1.21784558210449,0.5373215078144612,6.316870839314374,7.092393749674171,0
ssnAp,34,1,1.2177158546137787,0.3947587357152267,6.407529529878853,7.2177999241326365,0
xylAp,22,2,1.2176632626933832,0.41843128628210147,6.394612493130904,7.191505257566699,0
ymfM_beeE_jayE_ymfL_ymfR_tfaP_ymfT_ymfN_ycfK_ymfQ_predicted,30,1,1.2174857063915063,0.5035857958175239,6.442337513153887,7.153593448185061,0
ygfS_ygfT_predicted,25,2,1.2171863323537175,0.45731985645187556,6.401056437585678,7.178205155251479,0
yncEp,30,1,1.216882150923893,0.4570375189406781,6.406670745058754,7.176159570606547,0
rspAp,12,1,1.216594071899251,0.6722028756793532,6.404284812444822,7.018120466515373,0
ompRp4,30,1,1.216541048194861,0.37525649220138085,6.415857164950265,7.214068521654179,0
yadI_predicted,35,2,1.2164708771521393,0.5618394327622652,6.435017235035149,7.104807959950646,0
gyrAp,38,2,1.2164059142233419,0.38674082230699675,6.461642667269139,7.2167621662941315,0
TSS_4654_wanner_regulondb,4,3,1.2164015692030585,0.4176288075249687,6.426406399162081,7.198412546727353,0
ecnBp,19,1,1.2162752273704458,0.38231685335264043,6.406254425419791,7.223549187014751,0
ompRp4,5,1,1.2153935236817954,0.5582485671527766,6.429023154650745,7.117959692533969,0
crpp3,15,1,1.215361723481712,0.4265014461413133,6.41292831288299,7.1937127339136815,0
dinQp,22,1,1.2152033310417927,0.45073671028506984,6.414961508466538,7.182904565472514,0
hdeAp2,15,1,1.2150574230036644,0.5035773241753556,6.43490967068602,7.145799705518835,0
galSp,19,1,1.2147344694137536,0.44053980470581644,6.426086600594907,7.182140971819043,0
lppp2,4,1,1.214652451806396,0.5040183787743653,6.423962040684913,7.1567268311762655,0
acrBp,5,1,1.2144809862105599,0.5338174665263097,6.442878651357447,7.132178812894895,0
ompRp2,31,2,1.2139707895409375,0.43894092242637156,6.432774056800882,7.185480280747054,0
zapB_predicted,22,1,1.2135955668071172,0.4687459995213537,6.397419978245667,7.1757199024535865,0
ygeY_predicted,20,1,1.2134930651229083,0.5633771226083478,6.413216624096101,7.100187647661702,0
gatZp,2,2,1.2132395318279054,0.3486673371983193,6.438486194293212,7.234770152243512,0
xylFp,31,2,1.2129257319347293,0.3059325797775945,6.397591113530363,7.255185450641345,0
galSp,21,2,1.2126539582826807,0.4622953036676147,6.449268678837972,7.185510410807881,0
ompRp1,22,1,1.2122912046689769,0.39995780895781224,6.400965241426085,7.20904754827113,0
rspAp,20,2,1.2121247403638116,0.37913719967537673,6.422090188236034,7.220711388224455,0
intE_xisE_ymfH_predicted,3,2,1.2119425383006817,0.511862349223515,6.392781953774415,7.13833249876961,0
TSS_4654_wanner_regulondb,8,2,1.2114636192757742,0.45614779809389344,6.363277501301567,7.170127784149438,0
galSp,39,1,1.2112509532107778,0.5108447259713397,6.450632106908075,7.141691435421264,0
tnaCp,17,1,1.2107014526649624,0.39350094050583884,6.426109450633181,7.208637813415846,0
TSS_6311_regulondb,15,1,1.2106080454374977,0.41723150029648953,6.378958590871946,7.1860050102030035,0
crpp2,16,1,1.2104852634387238,0.5784347057189705,6.463602220657403,7.126059699881757,0
galSp,4,1,1.2104067370390983,0.5966485410504597,6.416919034647636,7.079551264450187,0
intE_xisE_ymfH_predicted,14,3,1.2103512881724645,0.5040208125487792,6.420127378014474,7.1521309510400854,0
ygfKp,22,2,1.2103457573822523,0.47451095974940166,6.474749531010356,7.166035969334597,0
ygfS_ygfT_predicted,4,1,1.2101637911189114,0.4782644290603653,6.4384778336995225,7.15621301322247,0
ygfM_xdhD_predicted,22,1,1.2090860877590452,0.4458850341942306,6.430006551806457,7.18486681213969,0
ygeY_predicted,18,1,1.208987789289196,0.46438396951669964,6.412110997333228,7.175907084206724,0
galSp,2,1,1.2084780424764363,0.561228600599825,6.465108686861585,7.105386509481316,0
crpp3,38,1,1.2082998377015797,0.45863058152276964,6.452164509298417,7.178015947547275,0
xdhAp1,20,2,1.2082080853978998,0.42037073123990687,6.455727043471935,7.188866127016042,0
yadG_yadH_predicted,38,2,1.208174600908915,0.49044821184246484,6.4612591029067294,7.161623755186222,0
gatZp,22,1,1.2077891168262587,0.4507395883031925,6.395594207794062,7.17183760538008,0
yadI_predicted,14,1,1.2075975098765546,0.3968833450705627,6.4298044326526504,7.209554538669833,0
yagB_insX_yagA_predicted,22,2,1.2075201784584462,0.3933843203209411,6.440201128288078,7.216650983259049,0
ygiW_predicted,22,1,1.2072783083894727,0.5157420083801803,6.477644407228528,7.151464595965043,0
yadN_predicted,4,1,1.2068152985821523,0.3993387349792852,6.435778032583581,7.2058778775809955,0
ratA_yfjF_predicted,2,1,1.2067372000346308,0.41859047391255966,6.422085604354779,7.192611296297536,0
TSS_6311_regulondb,19,3,1.2066505630381021,0.47760575141765027,6.490341429316548,7.174441559344389,0
araCp,19,1,1.206577783699685,0.471599853339855,6.4482534467143795,7.1567290756471245,0
yahL_predicted,22,1,1.2063666382889886,0.4052795356559655,6.422409455119068,7.203956515754246,0
tnaCp,24,2,1.2059706484723813,0.4273560559118878,6.4052005759203,7.188669739883521,0
yacH_predicted,22,2,1.2053605663714129,0.40090513457025156,6.397860109806063,7.203203432862788,0
icdC_predicted,30,1,1.205317905748916,0.4396024858516458,6.429691771503855,7.1813732057889865,0
ygfKp,20,2,1.2052891631280789,0.4647029433665136,6.400081114843143,7.164828240344223,0
zapB_predicted,38,2,1.2045587150335246,0.45745814522096834,6.4527720894170475,7.179884007842748,0
araBp,8,2,1.2039314492600297,0.46529907485960414,6.454181900266891,7.1716277725487005,0
crpp1,24,1,1.203770499281006,0.3868563529677601,6.507193788439039,7.219140175067074,0
tfaE_stfE_predicted,32,1,1.2036354501142716,0.4461111550932019,6.4477917771673745,7.18399393154278,0
mhpRp1,25,2,1.2033577339715784,0.4382372136335285,6.408809770115745,7.189435715108427,0
ratA_yfjF_predicted,22,3,1.2029753930682876,0.4613932613385433,6.470797396250122,7.18249273720455,0
ompRp2,31,1,1.2029729180015607,0.538811599915738,6.393025625974637,7.123164124206859,0
hyuA_predicted,31,1,1.202570130734455,0.3498643948206,6.472321927521861,7.23249747908239,0
uacT_predicted,16,1,1.201700310286694,0.4086461702938356,6.508441101606927,7.20884523865046,0
ygeW_predicted,22,1,1.2009231614452824,0.4550211734087791,6.402791609136139,7.169410086381441,0
relBp,15,1,1.200701896123881,0.43939566482799053,6.399036932757436,7.187680966872655,0
intE_xisE_ymfH_predicted,28,2,1.1998700341014603,0.38206617446647345,6.442147161213557,7.220650759970956,0
ygfKp,11,1,1.199479948105002,0.39465831380320804,6.438351271451753,7.214519166598626,0
uacT_predicted,36,2,1.1991511038812814,0.40255061367302997,6.41495157029585,7.205318905942398,0
yahL_predicted,15,1,1.198793315464142,0.5487558340716542,6.451408534283219,7.141802890447192,0
TSS_6311_regulondb,22,2,1.196592271722638,0.4098979194494486,6.3971025234660654,7.203949656674853,0
yqaEp,22,3,1.1963652151372348,0.4889121158940275,6.4740952055879895,7.1592100043526266,0
TSS_6311_regulondb,16,1,1.1961264522099029,0.3826342152412826,6.483714360994352,7.222876667969892,0
intE_xisE_ymfH_predicted,10,1,1.1956960399534031,0.43700012302595764,6.463057760054356,7.1853161284976785,0
ygeY_predicted,34,2,1.195307713252686,0.42260132834199804,6.441835411066599,7.204302168520485,0
mhpRp1,2,2,1.1952777300837918,0.46422218747392896,6.4320762825472215,7.173025864982939,0
ygeX_predicted,4,2,1.1949097558318458,0.4347918226227605,6.392674276520816,7.184587158952663,0
cusCp,22,2,1.1946986777161743,0.492772747535541,6.438252805564547,7.166731800311364,0
xdhAp1,28,2,1.1941992902162581,0.5037756908324189,6.394256493477603,7.136169344897377,0
ygeY_predicted,22,1,1.1936841471239918,0.42475239874654797,6.4985324418061765,7.197204409613512,0
ygeX_predicted,15,1,1.1935116414274256,0.47196415985012874,6.3833228414341825,7.160313211855621,0
gyrAp,24,2,1.193085655128218,0.42224081410420145,6.402850480347043,7.1986041964068646,0
acrBp,10,2,1.19263194372605,0.43757675310986255,6.443182649109559,7.188048131356005,0
mprAp,38,2,1.1911486214517226,0.43227732948604514,6.458071491045363,7.195844215091256,0
ftsKp2,30,1,1.1906797549049069,0.5482429703692332,6.462735517494454,7.134360400817826,0
ompRp1,17,2,1.1901536216441744,0.3793210719511357,6.468079482542985,7.218880376892261,0
ygfM_xdhD_predicted,6,1,1.1898813237667776,0.4872337601042567,6.422113416111623,7.1489670202884,0
ybiY_ybiW_predicted,38,2,1.1898334693418546,0.4453210972777819,6.493512231096361,7.181664263992043,0
yahL_predicted,20,2,1.189797030434919,0.3821794921022442,6.420006765375742,7.222604268566958,0
crpp1,19,2,1.189637092746173,0.4892706985498262,6.422819112696894,7.15746687296143,0
ygfKp,32,2,1.1888989361396676,0.46974560046807784,6.437318740916876,7.1600636192052765,0
lacIp,15,1,1.1871764551811965,0.525355216328849,6.517423700742961,7.1302076110951615,0
TSS_4655_regulondb,9,2,1.185758107273796,0.4866191511824601,6.43199723689321,7.16096995115335,0
mcbAp5,37,1,1.1855734124336572,0.45713122581892807,6.478079391449344,7.178461398605887,0
ymfM_beeE_jayE_ymfL_ymfR_tfaP_ymfT_ymfN_ycfK_ymfQ_predicted,15,1,1.185100431641522,0.3889968677644189,6.441947720600701,7.210753405036001,0
galSp,38,2,1.1849430705030175,0.4413928090536288,6.456265017261446,7.18406600312641,0
lacIp,24,1,1.1848825647158718,0.40401940005956005,6.439219673524665,7.207300179443976,0
gatZp,16,2,1.1840452256013512,0.4789383156987316,6.40487586371081,7.154944906922881,0
ygeW_predicted,1,1,1.1837756750509618,0.4408787620324835,6.435388390145818,7.180741238725811,0
acrBp,34,2,1.183601342989174,0.5185487877261404,6.436128860015049,7.135330668809459,0
dinQp,16,1,1.1833178213637465,0.40609828854006597,6.4394138400113725,7.191047133201073,0
ygeY_predicted,25,2,1.1831108039833673,0.5121655975270786,6.334753850662466,7.123544346807398,0
galSp,7,1,1.1830054412639526,0.5676625555618086,6.490769469336096,7.108073980143444,0
uacT_predicted,22,1,1.1828644482870994,0.48037608402172893,6.397048373176883,7.1566448978024795,0
gatZp,20,2,1.1824446627595284,0.44411329386607995,6.441374020358005,7.177192757929359,0
ssnAp,15,1,1.1823675057910779,0.439841876963627,6.4457807024868305,7.1857642546433045,0
yadI_predicted,25,1,1.1814366917380026,0.4881903573653838,6.428492198213304,7.162428723530844,0
ygiW_predicted,4,2,1.1804463861203145,0.49456631255063915,6.4423991900420505,7.132697554379774,0
ompRp3,38,3,1.1803622441385384,0.5752280889044933,6.439803607887045,7.080626399577753,0
ompRp3,18,2,1.1800524188622443,0.42626888193262646,6.458312503348462,7.191948503551593,0
ygeY_predicted,36,2,1.179761026208569,0.4399117197239917,6.4509128925069525,7.187245055286729,0
ymfM_beeE_jayE_ymfL_ymfR_tfaP_ymfT_ymfN_ycfK_ymfQ_predicted,17,1,1.1795253121398028,0.4889696094696344,6.461224662429117,7.162351971193955,0
yahL_predicted,30,1,1.1793054061011032,0.47721472040866597,6.488122493136837,7.158162879877881,0
ssnAp,22,2,1.179248015787226,0.43413927175100836,6.460347119240424,7.192774955209657,0
acrBp,1,2,1.1787077407556656,0.46077004291375717,6.454575107985156,7.1685162758685745,0
TSS_4655_regulondb,1,1,1.1785853352076883,0.3385753802438402,6.455200347969338,7.238509894232224,0
tfaE_stfE_predicted,24,1,1.1784758206434194,0.43112606163137096,6.43799158745164,7.184053858641124,0
tnaCp,36,1,1.1782912473165976,0.4203415712193064,6.417251882961731,7.192718613931897,0
tolCp3,25,2,1.1781549029532439,0.47002520327614533,6.478701973759317,7.16187680322393,0
TSS_6311_regulondb,25,3,1.1779786106467987,0.4687948099918041,6.408264692301747,7.164449990456766,0
intE_xisE_ymfH_predicted,20,1,1.1773953510841442,0.5252035541237036,6.459941260565788,7.1322447580531865,0
uacT_predicted,12,2,1.17708562034827,0.47842105835800847,6.454222351525738,7.162426974519111,0
ygfKp,30,1,1.1759292991510206,0.4973517030499019,6.480629202461155,7.153155760439001,0
yadG_yadH_predicted,20,2,1.1759130593167688,0.35653345593062574,6.433821301688771,7.228651767305643,0
galSp,15,1,1.1757804173614392,0.4355647008602096,6.393777954145879,7.174538378150953,0
yjbJ_predicted,30,1,1.174344937772622,0.3781360317184702,6.4620485415426865,7.219662602384777,0
ftsKp2,8,1,1.17382269460301,0.5119461932747568,6.518958911698586,7.163863209598198,0
TSS_4655_regulondb,12,1,1.17165800959441,0.39602645990723256,6.513690749094572,7.209062790132554,0
ygeW_predicted,19,1,1.1715386393992304,0.4254183914625975,6.421274229116275,7.182911050502135,0
sohAp,22,1,1.171083000596085,0.4009842318130616,6.4534039922965025,7.2061451252775885,0
ygeW_predicted,1,2,1.1705720452764057,0.5223539892905988,6.4584259761832055,7.148875857779569,0
lacIp,14,3,1.1695918242783256,0.3734607207125782,6.432649394339685,7.2241655211482945,0
tnaCp,36,2,1.1694943441332237,0.44737782317018104,6.464127160777565,7.178956609743985,0
gatZp,15,1,1.169316161493832,0.40232924200057296,6.398494451171428,7.197598879717765,0
yadL_yadM_yadC_yadK_predicted,14,3,1.168973646731251,0.4491769806254859,6.428845757470638,7.173107895124026,0
tnaCp,11,2,1.1684703923274606,0.415759326440911,6.464300233783206,7.187781938673179,0
gatZp,3,1,1.1669954248050425,0.3447215573282994,6.4492931639977265,7.234441723864633,0
mhpRp1,39,1,1.1667634595700556,0.5639299402798639,6.442128393139488,7.117971670415585,0
yacH_predicted,13,2,1.1654229831574316,0.4403709443020658,6.435275924174849,7.181561768643155,0
crpp2,22,2,1.1649978788355215,0.3881918434250001,6.489570015912928,7.215679316718335,0
yadL_yadM_yadC_yadK_predicted,35,1,1.1640614191048297,0.4087075937672835,6.4426153210235695,7.194806480446086,0
ygeX_predicted,31,1,1.1636157244467642,0.4266431135284328,6.459613837658015,7.2033547486646246,0
mcbAp5,2,1,1.163230828330186,0.4296711716708577,6.437545330632197,7.179656583470093,0
gatYp,15,1,1.1629889719674673,0.4974177221501652,6.443165301588377,7.152087618732824,0
yadE_predicted,15,1,1.162915240579153,0.38797674112474134,6.480487764848901,7.211381536258266,0
ygeW_predicted,22,2,1.1616281660737255,0.34992580271531276,6.45773561438301,7.235237909022087,0
yagB_insX_yagA_predicted,2,2,1.161288604994043,0.503991481744647,6.452042712433215,7.148783700770849,0
yahC_predicted,28,2,1.1609229501603366,0.4034767095247646,6.468395819336163,7.200102617331934,0
ygfM_xdhD_predicted,3,2,1.1608860535545622,0.5637878565826727,6.495684166132627,7.109500317797014,0
yncEp,15,1,1.1603141148507667,0.4810410595154651,6.420446599063373,7.152274036792277,0
ygiW_predicted,13,3,1.1598726810271625,0.40841313429452625,6.4828251838085365,7.196379491242958,0
mtnp,38,2,1.1598178913439978,0.4099758857232767,6.514712726511798,7.202213583106494,0
yadL_yadM_yadC_yadK_predicted,31,2,1.158577280561417,0.3646567960366169,6.492427233820585,7.222704064951958,0
xdhAp2,15,1,1.1583029407547627,0.3404306850724078,6.404418803508644,7.240325780410206,0
TSS_18061_regulondb,7,2,1.1565543776010367,0.4951349914483091,6.455458956901129,7.160854358581375,0
yncEp,22,1,1.1565491617969244,0.4329021855963778,6.437542649438587,7.1878240159351705,0
acrBp,31,2,1.1561385386999004,0.5072201603758778,6.49992070391591,7.147123147926506,0
yqjE_yqjK_yqjD_yqjC_predicted,19,1,1.1553659249214165,0.41171810230875505,6.45851770209949,7.196204133526142,0
elaBp,25,2,1.154923817868677,0.46996834310867847,6.474407479390323,7.1609447218176845,0
yqaEp,20,2,1.1540311246436195,0.4373084513871352,6.449817539614655,7.188436570348661,0
ecnBp,22,1,1.152746426429657,0.47729176818268004,6.46932700875026,7.164915477624611,0
ygeX_predicted,24,1,1.148981565242225,0.3877163693989707,6.504574802842161,7.21102006235425,0
gatYp,22,2,1.1467875008954187,0.5877820904356588,6.4884708816501835,7.097667510561068,0
TSS_6311_regulondb,2,2,1.1462552429497372,0.3133943465213508,6.485078140710769,7.2528902000422,0
lppp2,22,2,1.1460705130789333,0.4569504899655061,6.448441556321637,7.182152665828059,0
tfaE_stfE_predicted,3,1,1.1443491867431441,0.4458658177796512,6.459763002526051,7.187696239778834,0
ygeW_predicted,16,1,1.141748150329645,0.4365395676240745,6.477201504810124,7.180410954704813,0
gatZp,15,3,1.1390199137932946,0.3630813517389127,6.487925063073605,7.2296081015319595,0
ybiY_ybiW_predicted,7,1,1.1365056554619084,0.36998006006244893,6.501459810996284,7.222586717224641,0
ygeW_predicted,6,2,1.1331181439705962,0.40926545984095136,6.492524450739413,7.20161029657662,0
icdC_predicted,36,1,1.1312744448455618,0.4586140193299856,6.483765742247064,7.170451422170895,0
yncEp,22,2,1.1294122891398142,0.47172768121696385,6.495284282361245,7.170812880885313,0
mcbAp5,22,2,1.1232384731928415,0.3733595817818376,6.47448387123211,7.225230777835634,0
ygeY_predicted,15,1,1.1127370500926879,0.43717497417210316,6.416887466188551,7.184764791014435,0
galEp3,15,2,1.1101116088221337,0.40045473365021617,6.506574212961055,7.2016152260413,0
TSS_4655_regulondb,35,2,1.1092730671765196,0.47517615112235306,6.514111761639541,7.163831078384316,0
xylAp,15,1,1.1060129164927708,0.5006094970197253,6.494644432415729,7.147836268527992,0
yqaEp,22,2,1.101311819067715,0.381912012923281,6.5105377888988265,7.219721497056881,0
ymfM_beeE_jayE_ymfL_ymfR_tfaP_ymfT_ymfN_ycfK_ymfQ_predicted,36,2,1.1010187351484648,0.3836550055076287,6.554853845668568,7.210443938795415,0
mhpRp2,22,1,1.0978095107941577,0.40907062902417146,6.531750191740274,7.201598920892353,0
yqaEp,30,1,1.087826045385634,0.37839068515252416,6.54446612838598,7.224271407893855,0
ygeW_predicted,15,1,1.0833471530883947,0.3384516363930255,6.494344748669407,7.235675539703458,0
ldrDp,15,1,1.079682259191231,0.4464582416046491,6.4824903865761705,7.178989090909997,0
uacT_predicted,15,1,1.0687916914760813,0.362359156838715,6.525779195786929,7.224757970719799,0
tnaCp,22,1,1.0500791544787895,0.3880289097995952,6.533911923146202,7.213044417336482,0
lpp,22,1,1.046756795570676,0.37889825350636874,6.559715399479833,7.216053029821475,0
ygfKp,25,2,1.0246435151568845,0.36387421931388225,6.54739937144115,7.230984242610999,0
crpp1,22,1,1.0211155680558375,0.3611355647303417,6.550733901349817,7.225449264389438,0
xylFp,22,1,1.008892498640825,0.3987475060940098,6.584945794876493,7.214262129525429,0
crpp1,15,1,0.9936322971612357,0.4218718345585239,6.618936575615257,7.203153981301088,0
yqaEp,22,1,0.9811003991963313,0.31479836375218895,6.6485575485572905,7.2522294791489195,0
tnaCp,15,1,0.8620233471771975,0.27902262741058487,6.731421027117079,7.266183957973838,0
ygfKp,15,1,0.8441121286895092,0.2943998583897429,6.714951211192484,7.252344453686355,0
yqaEp,15,1,0.6979600668529674,0.25188140592225994,6.985074374028725,7.27497296369721,0
